1girl	solo,hetero,1boy,virtual_youtuber,solo_focus,maid,military,multiple_boys,magical_girl,christmas,personification,borrowed_character,couple,lolita_fashion,1other,enmaided,halloween,2boys,interracial,age_difference,cheerleader,nun,valentine,office_lady,brother_and_sister,new_year,3boys,gothic_lolita,nontraditional_miko,nurse,miko,witch,chinese_zodiac,onee-shota,mecha_musume,ninja,race_queen,science_fiction,interspecies,kitsune,waitress,idol,inkling,summer,unconventional_maid,size_difference,oppai_loli,winter,bride,police,nekomata,netorare,animification,dancer,femdom,jirai_kei,dark_persona,siblings,policewoman,yandere,husband_and_wife,nontraditional_playboy_bunny,goth_fashion,ancient_egyptian,instant_loss,pokephilia,4boys,kyuubi,jiangshi,furry_with_non-furry,teacher,humanization,anniversary,octoling,wa_maid,slime_girl,incest,karakasa_obake,corruption,prostitution,multiple_others,slave,knight,horror_(theme),cheating_(relationship),creature_and_personification,tsundere,year_of_the_tiger,mother_and_son,princess,bangboo_(zenless_zone_zero),year_of_the_rabbit,year_of_the_ox,humiliation,pirate,transformation,sangvis_ferri,ballerina,surreal,father_and_daughter
solo	1girl,virtual_youtuber,male_focus,maid,1boy,magical_girl,military,christmas,lolita_fashion,enmaided,bara,halloween,valentine,borrowed_character,personification,cheerleader,new_year,science_fiction,nun,gothic_lolita,chinese_zodiac,nontraditional_miko,miko,mecha_musume,office_lady,witch,no_humans,nurse,race_queen,ninja,crossdressing,waitress,idol,kitsune,summer,unconventional_maid,winter,nekomata,dancer,inkling,animification,dark_persona,bride,jirai_kei,nontraditional_playboy_bunny,goth_fashion,police,ancient_egyptian,1other,kyuubi,jiangshi,wa_maid,policewoman,karakasa_obake,oppai_loli,humanization,yandere,anniversary,animal_focus,octoling,year_of_the_tiger,fusion,knight,year_of_the_rabbit,year_of_the_ox,horror_(theme),teacher,corruption,slime_girl,e.g.o_(project_moon),kono_lolicon_domome,surreal,pirate,super_saiyan,bunny_day,ballerina,cat_day,samurai,year_of_the_dragon,sangvis_ferri,ballet,princess,sailor,serval_print,year_of_the_snake,shinsengumi,cowboy_western,paizuri_invitation,k/da_(league_of_legends),heart-shaped_boob_challenge,guro,tsundere,self-harm,knight_(chess),weight_conscious,stripper,slave,clothed_pokemon,bangboo_(zenless_zone_zero),transformation
multiple_girls	2girls,yuri,3girls,4girls,6+girls,sisters,siblings,5girls,multiple_boys,twins,dual_persona,futa_with_female,mother_and_daughter,1boy,everyone,maid,virtual_youtuber,military,6+boys,2boys,couple,incest,magical_girl,3boys,multiple_persona,solo_focus,onee-loli,wife_and_wife,age_difference,femdom,hetero,female_pervert,clone,nontraditional_miko,pervert,family,harem,bisexual_female,4boys,fff_threesome,in-franchise_crossover,time_paradox,futa_with_futa,christmas,inkling,halloween,5boys,anniversary,size_difference,ho-kago_tea_time,father_and_daughter,serval_print,brother_and_sister,selfcest,nun,kodomo_doushi,new_year,yukkuri_shiteitte_ne,twincest,cousins,miko,enmaided,1other,lolita_fashion,angel_and_devil,octoling,triplets,holomyth,karakasa_obake,jiangshi,team_9_(touhou),glutton,look-alike,friends,aunt_and_niece,valentine,personification,sexual_coaching,witch,game_development_department_(blue_archive),waitress,mother_and_son,motherly,idol,nekomata,kitsune,absolutely_everyone,interracial,police,sailor_senshi,gothic_lolita,husband_and_wife,holocouncil,misunderstanding,nurse,tsundere,summer,winter,borrowed_character,role_reversal
1boy	hetero,male_focus,solo_focus,1girl,couple,brother_and_sister,bara,age_difference,crossdressing,interracial,multiple_girls,onee-shota,solo,siblings,2girls,femdom,husband_and_wife,interspecies,size_difference,military,incest,father_and_daughter,virtual_youtuber,netorare,3girls,furry_with_non-furry,instant_loss,mother_and_son,bisexual_female,harem,futa_on_male,maid,twins,pokephilia,cheating_(relationship),1other,family,super_saiyan,male_playboy_bunny,mother_and_daughter,4girls,furry_with_furry,kodomo_doushi,male_maid,nun,6+girls,borrowed_character,prostitution,alternate_universe,lolidom,tentacles_on_male,sexual_coaching,science_fiction,oppai_loli,dual_persona,personification,sisters,knight,male_on_futa,salaryman,alternate_form,christmas,5girls,wedding,transformation,sadism,animification,ninja,magical_boy,police,e.g.o_(project_moon),office_lady,nurse,super_saiyan_4,multiple_others,death,priest,yandere,pervert,groom,aunt_and_nephew,cousins,butler,enmaided,inkling,tsundere,team_rocket,implied_yaoi,twincest,super_saiyan_1,halloween,abuse,mixed-sex_combat,bride,chikan,humiliation,reverse_fellatio,humanization,bangboo_(zenless_zone_zero),role_reversal
2girls	multiple_girls,yuri,sisters,siblings,twins,dual_persona,futa_with_female,mother_and_daughter,1boy,couple,incest,virtual_youtuber,multiple_boys,wife_and_wife,maid,onee-loli,femdom,2boys,bisexual_female,age_difference,military,solo_focus,hetero,magical_girl,futa_with_futa,female_pervert,pervert,family,inkling,selfcest,twincest,time_paradox,kodomo_doushi,size_difference,nontraditional_miko,christmas,angel_and_devil,father_and_daughter,cousins,3boys,serval_print,halloween,in-franchise_crossover,octoling,sexual_coaching,brother_and_sister,enmaided,interracial,new_year,look-alike,lolita_fashion,miko,4boys,valentine,mother_and_son,friends,clone,yukkuri_shiteitte_ne,1other,borrowed_character,husband_and_wife,interspecies,futasub,jiangshi,personification,role_reversal,nun,dark_persona,witch,waitress,police,motherly,kitsune,newhalf_with_female,gothic_lolita,nurse,6+boys,karakasa_obake,anniversary,tsundere,winter,wedding,nekomata,summer,animification,policewoman,furry_with_furry,chinese_zodiac,alternate_universe,aunt_and_niece,death,glutton,5boys,futa_without_pussy,implied_yuri,office_lady,step-sisters,cheerleader,shadow_(shadows_house),bride
hetero	1boy,solo_focus,1girl,couple,interracial,age_difference,multiple_boys,onee-shota,interspecies,3boys,netorare,femdom,2boys,incest,furry_with_non-furry,instant_loss,pokephilia,size_difference,cheating_(relationship),4boys,husband_and_wife,virtual_youtuber,multiple_girls,harem,2girls,brother_and_sister,prostitution,kodomo_doushi,bisexual_female,furry_with_furry,siblings,5boys,reverse_fellatio,chikan,lolidom,sexual_coaching,6+boys,borrowed_character,abuse,oppai_loli,humiliation,slave,maid,sadism,mother_and_son,3girls,toddlercon,twincest,nun,military,wedding,drugged,twins,nurse,public_use,anal_only,groom,captured,sisters,father_and_daughter,ryona,cheerleader,mother_and_daughter,bride,josou_seme,teacher,netorase,teacher_and_student,mixed-sex_combat,office_lady,boy_sandwich,slime_girl,drugs,aunt_and_nephew,christmas,pervert,crossdressing,dominatrix,4girls,family,soapland,masochism,reverse_ryona,cousins,accidental_pervert,ninja,ero_guro,female_pervert,miko,magical_girl,time_stop,personification,police,tsundere,6+girls,selfcest,clone,role_reversal,jiangshi,sheikah
virtual_youtuber	1girl,solo,multiple_girls,2girls,solo_focus,hetero,holomyth,1boy,jirai_kei,holocouncil,yuri,maid,hololive_fantasy,3girls,5girls,twins,holox,nurse,pirate,idol,lolita_fashion,nun,mascot,detective,gothic_lolita,wa_maid,sisters,enmaided,4girls,multiple_boys,siblings,interracial,male_focus,1other,christmas,6+girls,halloween,nontraditional_miko,goth_fashion,valentine,dual_persona,yandere,2boys,summer,office_lady,unconventional_maid,anniversary,cheerleader,multiple_others,dinosaur_costume,police,3boys,new_year,dark_persona,futa_with_female,witch,mother_and_daughter,policewoman,tanuki,crossdressing,winter,princess,nontraditional_playboy_bunny,couple,4boys,chinese_zodiac,instant_loss,miko,multiple_persona,objectification,bunny_day,everyone,horror_(theme),age_difference,2others,delinquent,femdom,summer_festival,science_fiction,female_pervert,wife_and_wife,astronaut,pervert,bride,fusion,clone,race_queen,topless_female,selfcest,size_difference,6+boys,onee-shota,cat_day,kitsune,clothed_animal,cowboy_western,6+others,waitress,no_humans,bisexual_female
solo_focus	hetero,1boy,1girl,multiple_boys,interracial,2boys,1other,3boys,multiple_girls,virtual_youtuber,yaoi,interspecies,4boys,2girls,people,male_focus,furry_with_non-furry,femdom,netorare,age_difference,multiple_others,pokephilia,5boys,size_difference,6+boys,3girls,chikan,bara,prostitution,humiliation,maid,instant_loss,abuse,borrowed_character,cheating_(relationship),reverse_fellatio,oppai_loli,2others,male_on_futa,slave,6+others,nun,cheerleader,military,crossdressing,onee-shota,office_lady,4girls,nurse,penis_size_difference,public_use,futa_with_female,furry_with_furry,lolidom,anal_only,incest,yuri,ryona,captured,christmas,siblings,police,mmm_threesome,toddlercon,sadism,death,drugged,magical_girl,brother_and_sister,pervert,teacher,jiangshi,5girls,6+girls,personification,female_pervert,miko,policewoman,waitress,ninja,slime_girl,enmaided,science_fiction,yandere,drugs,kitsune,bride,masochism,idol,sangvis_ferri,guro,torture,halloween,couple,futa_on_male,sisters,ancient_egyptian,soldier,lolita_fashion,valentine
male_focus	1boy,yaoi,bara,2boys,multiple_boys,crossdressing,solo,3boys,super_saiyan,male_playboy_bunny,brothers,male_maid,4boys,mmm_threesome,onii-shota,implied_yaoi,super_saiyan_4,couple,super_saiyan_1,tentacles_on_male,6+boys,father_and_son,solo_focus,penis_size_difference,5boys,super_saiyan_blue,size_difference,josou_seme,muscular_uke,saiyan,dual_persona,animification,salaryman,knight,alternate_form,alternate_universe,interspecies,interracial,husband_and_husband,boy_sandwich,primarch,e.g.o_(project_moon),science_fiction,samurai,maid,magical_boy,furry_with_non-furry,furry_with_furry,hyur,enmaided,virtual_youtuber,ninja,transformation,siblings,humanization,multiple_persona,1other,priest,age_difference,policeman,military,personification,legendary_super_saiyan,masked,death,waiter,teacher_and_student,dark_persona,time_paradox,spartan_(halo),selfcest,guro,cowboy,horror_(theme),lifeguard,wizard,christmas,clown,multiple_others,police,butler,chinese_zodiac,nun,pirate,kodomo_doushi,soldier,anniversary,halloween,fusion,doctor,clone,surreal,winter,shinsengumi,monk,seraph,ancient_egyptian,alternate_species,oversized_animal,onmyouji
multiple_boys	2boys,3boys,yaoi,male_focus,4boys,6+boys,5boys,bara,hetero,brothers,solo_focus,multiple_girls,father_and_son,everyone,crossdressing,6+girls,interracial,1girl,siblings,2girls,3girls,couple,mmm_threesome,family,4girls,onii-shota,brother_and_sister,interspecies,boy_sandwich,age_difference,mother_and_son,size_difference,dual_persona,netorare,penis_size_difference,father_and_daughter,super_saiyan,5girls,josou_seme,alternate_universe,muscular_uke,absolutely_everyone,furry_with_non-furry,multiple_persona,time_paradox,husband_and_wife,super_saiyan_1,implied_yaoi,anniversary,straw_hat_pirates,onee-shota,furry_with_furry,animification,male_playboy_bunny,soldier,husband_and_husband,male_harem,military,bisexual_female,humiliation,1other,twins,knight,super_saiyan_4,chikan,grandfather_and_grandson,science_fiction,in-franchise_crossover,multiple_others,cheating_(relationship),male_maid,reverse_fellatio,policeman,kodomo_doushi,death,saiyan,super_saiyan_blue,salaryman,teacher_and_student,ninja,mother_and_daughter,people,hyur,clone,friends,waiter,uncle_and_nephew,police,maid,butler,captured,virtual_youtuber,slave,alternate_form,prostitution,priest,incest,shotadom,team_rocket,war
yuri	2girls,multiple_girls,couple,wife_and_wife,incest,onee-loli,femdom,fff_threesome,3girls,selfcest,twincest,sisters,female_pervert,kodomo_doushi,pervert,age_difference,siblings,himejoshi,4girls,virtual_youtuber,wedding,harem,step-sisters,twins,interspecies,dual_persona,angel_and_devil,mother_and_daughter,interracial,furry_with_furry,6+girls,maid,magical_girl,5girls,bride,valentine,teacher_and_student,military,confession,size_difference,step-siblings,groom,tsundere,dominatrix,role_reversal,luna_nova_school_uniform,master_and_servant,cousins,clone,crisis_management_form_(machimazo),solo_focus,borrowed_character,nontraditional_miko,aunt_and_niece,serval_print,christmas,slave,inkling,yandere,masochism,miko,time_paradox,nurse,slime_girl,in-franchise_crossover,family,multiple_persona,chimera,halloween,octoling,cheating_(relationship),office_lady,humiliation,lolidom,misunderstanding,furry_with_non-furry,nun,animification,hyur,native_american,netorare,alternate_universe,dark_persona,personification,ryona,lolita_fashion,witch,humanization,transformation,enmaided,winter,police,princess,policewoman,teacher,everyone,nekomata,sailor,multiple_boys,new_year
3girls	multiple_girls,fff_threesome,yuri,sisters,multiple_boys,siblings,multiple_persona,triplets,1boy,3boys,harem,mother_and_daughter,grass_root_youkai_network,tea_party_(blue_archive),military,2boys,maid,futa_with_female,family,virtual_youtuber,solo_focus,twins,4boys,clone,dual_persona,6+boys,aunt_and_niece,female_pervert,pervert,hetero,5boys,in-franchise_crossover,himejoshi,nontraditional_miko,age_difference,halloween,1other,christmas,time_paradox,magical_girl,femdom,anniversary,nun,idol,yukkuri_shiteitte_ne,brother_and_sister,new_year,nekomata,glutton,misunderstanding,motherly,father_and_daughter,onee-loli,enmaided,miko,everyone,incest,waitress,kitsune,witch,karakasa_obake,bisexual_female,friends,futa_with_futa,serval_print,size_difference,personification,bangboo_(zenless_zone_zero),police,prank,lolita_fashion,bullying,cheerleader,multiple_others,valentine,jiangshi,people,inkling,look-alike,mother_and_son,theft,kyuubi,netorare,summer,festival,policewoman,yandere,wife_and_wife,tsundere,setsubun,ninja,onee-shota,gothic_lolita,sexual_coaching,nurse,humiliation,kodomo_doushi,alternate_universe,slave,implied_yuri
2boys	multiple_boys,yaoi,male_focus,bara,brothers,hetero,crossdressing,father_and_son,solo_focus,multiple_girls,couple,interracial,onii-shota,1girl,2girls,siblings,size_difference,interspecies,family,penis_size_difference,mother_and_son,age_difference,josou_seme,muscular_uke,brother_and_sister,dual_persona,netorare,3girls,boy_sandwich,father_and_daughter,furry_with_non-furry,implied_yaoi,husband_and_husband,super_saiyan,furry_with_furry,alternate_universe,4girls,husband_and_wife,male_playboy_bunny,male_maid,bisexual_female,time_paradox,kodomo_doushi,twins,salaryman,6+girls,onee-shota,reverse_fellatio,animification,super_saiyan_1,cheating_(relationship),teacher_and_student,mother_and_daughter,friends,1other,incest,selfcest,policeman,military,hyur,science_fiction,pokephilia,death,humiliation,5girls,super_saiyan_4,knight,maid,multiple_others,butler,anniversary,police,virtual_youtuber,everyone,super_saiyan_blue,alternate_form,ninja,in-franchise_crossover,chikan,instant_loss,christmas,tentacles_on_male,waiter,priest,abuse,people,clone,prostitution,halloween,slave,enmaided,cousins,nun,transformation,doctor,soldier,e.g.o_(project_moon),humanization,inkling,ryona
maid	enmaided,unconventional_maid,wa_maid,1girl,solo,male_maid,multiple_girls,victorian_maid,crossdressing,2girls,butler,6+girls,maid_cafe,waitress,mixed_maids,1boy,twins,master_and_servant,virtual_youtuber,3girls,qi_maid,sisters,siblings,4girls,hetero,solo_focus,bangboo_(zenless_zone_zero),female_butler,yuri,5girls,male_focus,multiple_boys,everyone,valentine,2boys,game_development_department_(blue_archive),lolita_fashion,sangvis_ferri,dual_persona,1other,borrowed_character,gothic_lolita,multiple_persona,femdom,3boys,age_difference,clothed_pokemon,nurse,6+boys,yaoi,futa_with_female,pervert,halloween,female_pervert,miko,4boys,clone,nekomata,yandere,yukkuri_shiteitte_ne,military,kitsune,nun,size_difference,nontraditional_miko,onee-shota,witch,brother_and_sister,anniversary,couple,multiple_others,interracial,incest,personification,5boys,mother_and_daughter,christmas,new_year,science_fiction,magical_girl
siblings	sisters,twins,brother_and_sister,incest,brothers,multiple_girls,2girls,twincest,step-siblings,1boy,quintuplets,game_development_department_(blue_archive),multiple_boys,3girls,family,mother_and_daughter,mother_and_son,yuri,2boys,father_and_son,half-siblings,step-sisters,6+girls,4girls,father_and_daughter,hetero,age_difference,triplets,aunt_and_niece,step-brother_and_step-sister,5girls,everyone,implied_incest,maid,6+boys,3boys,1girl,kodomo_doushi,onee-shota,train_conductor,uncle_and_niece,husband_and_wife,4boys,bisexual_female,virtual_youtuber,male_focus,fff_threesome,crossdressing,alternate_universe,femdom,futa_with_female,time_paradox,absolutely_everyone,lolita_fashion,anniversary,5boys,couple,christmas,harem,bangboo_(zenless_zone_zero),clone,onee-loli,solo_focus,dual_persona,halloween,cousins,military,enmaided,gothic_lolita,pervert,new_year,multiple_others,futa_with_futa,female_pervert,yaoi,size_difference,animification,1other,wife_and_wife,wa_maid,winter,miko,multiple_persona,nun,idol,kitsune,2others,summer,valentine,ninja,nekomata,personification,police,waitress,bride,interracial,witch,cheerleader,chinese_zodiac,magical_girl
4girls	multiple_girls,game_development_department_(blue_archive),multiple_boys,harem,team_9_(touhou),sisters,siblings,4boys,multiple_persona,yuri,ho-kago_tea_time,3boys,1boy,6+boys,military,2boys,twins,maid,5boys,everyone,clone,nontraditional_miko,mother_and_daughter,anniversary,virtual_youtuber,nun,in-franchise_crossover,magical_girl,family,pervert,female_pervert,solo_focus,dual_persona,halloween,futa_with_female,triplets,1other,serval_print,brother_and_sister,christmas,new_year,hetero,enmaided,yukkuri_shiteitte_ne,age_difference,time_paradox,festival,femdom,waitress,nekomata,octoling,glutton,miko,idol,size_difference,inkling,witch,summer,jiangshi,multiple_others,personification,lolita_fashion,valentine,kitsune,ninja,winter,karakasa_obake,alternate_universe,father_and_daughter,people,tsundere,yandere,gothic_lolita,onee-loli,cheerleader,death,police,chinese_zodiac,crossdressing,nurse,kyuubi,knight,couple,science_fiction,incest,onee-shota,office_lady,borrowed_character
military	soldier,japan_self-defense_force,multiple_girls,1girl,war,tiger_i,solo,pilot,1boy,nazi,japan_ground_self-defense_force,imperial_japanese_navy,2girls,destroyer,science_fiction,6+girls,3girls,military_operator,u.n._spacy,mecha_musume,german_army,4girls,no_humans,multiple_boys,5girls,nontraditional_miko,personification,united_states,hetero,6+boys,yuri,male_focus,teamwork,2boys,solo_focus,everyone,sailor,3boys,couple,siblings,multiple_others,sisters,size_difference,5boys,tsundere,valentine,4boys,dual_persona,winter,pervert,death,1other,yandere,multiple_persona,female_pervert,age_difference,police,anniversary,2others,mother_and_daughter,femdom,maid,kitsune,onee-shota,new_year,crossdressing,christmas,borrowed_character,lolita_fashion,virtual_youtuber,bara,magical_girl,yaoi
no_humans	animal_focus,science_fiction,evolutionary_line,shiny_pokemon,decepticon,fusion,clothed_animal,clothed_pokemon,solo,undersized_animal,evangelion_(mecha),objectification,military,imperial_japanese_navy,u.n._spacy,horror_(theme),mega_pokemon,eldritch_abomination,yukkuri_shiteitte_ne,war,surreal,multiple_others,chimera,alternate_form,oversized_animal,winter,summer,2others,transformation,size_difference,everyone,virtual_youtuber,halloween,chinese_zodiac,christmas,multiple_boys,solo_focus,male_focus,1boy,2boys,1other,1girl,multiple_girls,2girls
6+girls	everyone,multiple_girls,6+boys,absolutely_everyone,multiple_boys,multiple_persona,clone,harem,siblings,sisters,military,maid,holocouncil,anniversary,nontraditional_miko,in-franchise_crossover,team_9_(touhou),4boys,party,5boys,karakasa_obake,nun,twins,1boy,dual_persona,3boys,yukkuri_shiteitte_ne,yuri,magical_girl,glutton,holomyth,sailor,sailor_senshi,2boys,jiangshi,ho-kago_tea_time,mother_and_daughter,festival,virtual_youtuber,miko,lolita_fashion,personification,1other,idol,sangvis_ferri,brother_and_sister,christmas,serval_print,time_paradox,witch,gothic_lolita,halloween,multiple_others,age_difference,ninja,father_and_daughter,pervert,nekomata,female_pervert,new_year,waitress,brothers,size_difference,family,people,nurse,solo_focus,cousins,hetero,kitsune,2others,cheerleader,teacher,police,inkling,father_and_son,soldier,mother_and_son,crossdressing,death,summer,slime_girl,enmaided,valentine,knight,tsundere,futa_with_female,science_fiction,husband_and_wife,femdom,kyuubi,winter,animification,octoling,couple,policewoman,dark_persona,chinese_zodiac,mecha_musume,office_lady
sisters	siblings,twins,multiple_girls,2girls,incest,twincest,quintuplets,game_development_department_(blue_archive),3girls,yuri,step-sisters,6+girls,4girls,mother_and_daughter,aunt_and_niece,triplets,step-siblings,5girls,family,maid,train_conductor,everyone,brother_and_sister,1boy,half-siblings,age_difference,fff_threesome,virtual_youtuber,father_and_daughter,hetero,bisexual_female,futa_with_female,multiple_boys,lolita_fashion,kodomo_doushi,onee-loli,clone,harem,brothers,femdom,6+boys,christmas,military,halloween,2boys,enmaided,wife_and_wife,time_paradox,mother_and_son,couple,wa_maid,gothic_lolita,female_pervert,pervert,new_year,3boys,kitsune,solo_focus,miko,husband_and_wife,anniversary,4boys,nekomata,nun,dual_persona,valentine,summer,1other,cheerleader,personification,size_difference,magical_girl,interracial,1girl
1other	solo_focus,other_with_female,1girl,1boy,multiple_girls,multiple_boys,knight,horror_(theme),mother_and_child,solo,astronaut,2girls,3girls,virtual_youtuber,male_focus,size_difference,e.g.o_(project_moon),2boys,eldritch_abomination,science_fiction,6+boys,6+girls,bangboo_(zenless_zone_zero),4girls,surreal,3boys,everyone,death,humanization,personification,interspecies,4boys,dual_persona,guro,maid,mega_pokemon,furry_with_non-furry,oversized_animal,animal_focus,shiny_pokemon,5girls,anniversary,military,siblings,winter,kitsune,5boys,nun,halloween,animification,brother_and_sister,hetero,christmas,witch,enmaided,crossdressing,sisters,borrowed_character,bara,lolita_fashion,valentine,couple,yuri,magical_girl,no_humans
magical_girl	sailor_senshi,inner_senshi,1girl,solo,star_guardian_(league_of_legends),multiple_girls,witch_(madoka_magica),magical_boy,2girls,in-franchise_crossover,5girls,henshin,dual_persona,self_cosplay,6+girls,yuri,dark_persona,3girls,corruption,female_pervert,pervert,transformation,4girls,everyone,multiple_persona,1boy,solo_focus,hetero,look-alike,time_paradox,multiple_boys,crossdressing,lolita_fashion,witch,anniversary,personification,couple,6+boys,femdom,siblings,2boys,sisters,3boys,virtual_youtuber,1other,military,maid,male_focus
couple	hetero,yuri,1boy,yaoi,husband_and_wife,bara,2girls,2boys,multiple_girls,multiple_boys,wedding,wife_and_wife,1girl,groom,male_focus,bride,husband_and_husband,furry_with_furry,family,size_difference,muscular_uke,interspecies,interracial,incest,age_difference,alternate_universe,twincest,furry_with_non-furry,siblings,father_and_son,military,onee-loli,mother_and_daughter,father_and_daughter,brother_and_sister,valentine,mother_and_son,winter,crossdressing,alternate_form,tsundere,virtual_youtuber,sisters,christmas,twins,femdom,3girls,3boys,animification,solo_focus,6+boys,6+girls,science_fiction,4girls,dual_persona,magical_girl,borrowed_character,office_lady,4boys,maid,halloween,1other,5girls
3boys	multiple_boys,mmm_threesome,hetero,male_focus,solo_focus,yaoi,multiple_girls,boy_sandwich,3girls,brothers,father_and_son,1girl,interracial,bara,4girls,2girls,crossdressing,siblings,family,everyone,age_difference,6+girls,netorare,brother_and_sister,5girls,multiple_persona,interspecies,mother_and_son,father_and_daughter,onee-shota,super_saiyan,dual_persona,alternate_universe,size_difference,humiliation,time_paradox,anniversary,soldier,1other,multiple_others,military,cheating_(relationship),animification,science_fiction,husband_and_wife,knight,clone,virtual_youtuber,prostitution,twins,slave,furry_with_non-furry,death,ninja,people,maid,mother_and_daughter,2others,couple,sisters,police,christmas,nun,halloween,incest,office_lady,borrowed_character,personification,enmaided,magical_girl,yuri
5girls	multiple_girls,ho-kago_tea_time,holomyth,quintuplets,holox,hololive_fantasy,holocouncil,everyone,harem,inner_senshi,multiple_boys,magical_girl,sisters,multiple_persona,siblings,team_9_(touhou),6+boys,virtual_youtuber,military,5boys,game_development_department_(blue_archive),sailor_senshi,clone,twins,maid,3boys,yuri,1boy,4boys,anniversary,nun,2boys,nontraditional_miko,female_pervert,pervert,mother_and_daughter,christmas,halloween,in-franchise_crossover,waitress,new_year,solo_focus,idol,dual_persona,miko,lolita_fashion,1other,hetero,brother_and_sister,jiangshi,age_difference,futa_with_female,personification,enmaided,winter,gothic_lolita,size_difference,summer,multiple_others,witch,valentine,nurse,kitsune,cheerleader,femdom,crossdressing,science_fiction,couple
yaoi	2boys,multiple_boys,male_focus,bara,mmm_threesome,onii-shota,couple,crossdressing,penis_size_difference,muscular_uke,josou_seme,size_difference,husband_and_husband,3boys,interracial,interspecies,solo_focus,furry_with_furry,furry_with_non-furry,boy_sandwich,4boys,age_difference,selfcest,male_playboy_bunny,teacher_and_student,kodomo_doushi,brothers,tentacles_on_male,salaryman,6+boys,incest,implied_yaoi,5boys,father_and_son,male_maid,hyur,dual_persona,pokephilia,clone,animification,siblings,maid,borrowed_character,christmas,enmaided,virtual_youtuber,1boy,multiple_girls,military,1girl,2girls,yuri,hetero,solo
christmas	1girl,solo,multiple_girls,2girls,winter,1boy,3girls,virtual_youtuber,multiple_boys,6+girls,4girls,siblings,hetero,solo_focus,male_focus,yuri,2boys,5girls,bara,sisters,couple,twins,3boys,yaoi,mother_and_daughter,1other,brother_and_sister,4boys,new_year,crossdressing,no_humans,age_difference,military,maid
bara	male_focus,yaoi,2boys,multiple_boys,1boy,couple,muscular_uke,mmm_threesome,salaryman,tentacles_on_male,size_difference,solo,interspecies,implied_yaoi,interracial,3boys,furry_with_non-furry,lifeguard,furry_with_furry,boy_sandwich,male_playboy_bunny,solo_focus,onii-shota,4boys,hyur,policeman,teacher_and_student,6+boys,penis_size_difference,age_difference,father_and_son,5boys,crossdressing,christmas,chinese_zodiac,humanization,police,incest,summer,halloween,borrowed_character,personification,new_year,valentine,1other,military,virtual_youtuber,siblings,1girl,multiple_girls
science_fiction	no_humans,evangelion_(mecha),u.n._spacy,decepticon,titan_(titanfall),mecha_musume,pilot,military,solo,spartan_(halo),fusion,1girl,soldier,scientist,animification,war,multiple_boys,astronaut,1boy,male_focus,multiple_girls,size_difference,multiple_others,1other,2boys,6+boys,2girls,police,humanization,transformation,3boys,2others,alternate_universe,personification,solo_focus,3girls,4boys,5boys,6+girls,virtual_youtuber,dual_persona,couple,4girls,5girls,yuri,hetero,siblings,maid
age_difference	onee-shota,onee-loli,onii-shota,hetero,1boy,size_difference,incest,shotadom,multiple_girls,mother_and_son,yuri,multiple_boys,2girls,1girl,femdom,teacher_and_student,2boys,mother_and_daughter,penis_size_difference,aunt_and_nephew,siblings,yaoi,brother_and_sister,lolidom,solo_focus,futa_with_female,interracial,toddlercon,futa_on_male,time_paradox,3boys,sisters,3girls,father_and_daughter,netorare,couple,male_focus,harem,teacher,4boys,cheating_(relationship),bara,furry_with_furry,fff_threesome,pervert,prostitution,female_pervert,6+girls,interspecies,5boys,father_and_son,4girls,family,dual_persona,everyone,6+boys,nun,pokephilia,crossdressing,maid,5girls,borrowed_character,virtual_youtuber,military,twins,christmas
dual_persona	selfcest,time_paradox,multiple_girls,2girls,dark_persona,multiple_boys,2boys,clone,male_focus,magical_girl,6+girls,3girls,yuri,everyone,1boy,6+boys,angel_and_devil,3boys,2others,1girl,4girls,virtual_youtuber,multiple_others,super_saiyan,transformation,yaoi,multiple_persona,humanization,alternate_form,4boys,siblings,corruption,age_difference,anniversary,personification,1other,mother_and_daughter,maid,crossdressing,size_difference,5girls,brother_and_sister,animification,hetero,military,lolita_fashion,futa_with_female,5boys,gothic_lolita,science_fiction,twins,enmaided,sisters,nun,couple,solo_focus,solo
halloween	witch,mummy,sheet_ghost,1girl,solo,multiple_girls,jiangshi,2girls,3girls,nurse,1boy,virtual_youtuber,4girls,multiple_boys,6+girls,siblings,2boys,nun,5girls,male_focus,sisters,yuri,lolita_fashion,inkling,solo_focus,gothic_lolita,twins,crossdressing,hetero,maid,1other,bara,3boys,no_humans,couple
personification	creature_and_personification,mecha_musume,1girl,solo,destroyer,shiny_pokemon,humanization,multiple_girls,military,1boy,2girls,animification,male_focus,6+girls,mega_pokemon,3girls,1other,interspecies,slime_girl,borrowed_character,multiple_boys,furry_with_non-furry,dual_persona,size_difference,science_fiction,hetero,solo_focus,4girls,2boys,5girls,yuri,lolita_fashion,magical_girl,siblings,bara,3boys,sisters,maid,virtual_youtuber
enmaided	maid,male_maid,crossdressing,unconventional_maid,1girl,solo,multiple_girls,victorian_maid,butler,wa_maid,2girls,waitress,virtual_youtuber,male_focus,1boy,3girls,4girls,multiple_boys,2boys,siblings,sisters,solo_focus,6+girls,valentine,5girls,hetero,yuri,dual_persona,1other,twins,yaoi,3boys
crossdressing	male_maid,male_focus,male_playboy_bunny,1boy,yaoi,multiple_boys,2boys,josou_seme,enmaided,maid,female_butler,solo,butler,3boys,brother_and_sister,4boys,lolita_fashion,siblings,penis_size_difference,solo_focus,6+boys,multiple_girls,1girl,gothic_lolita,bara,femdom,twins,hetero,5boys,cheerleader,bride,nun,2girls,nurse,brothers,waitress,couple,dual_persona,age_difference,virtual_youtuber,6+girls,everyone,incest,3girls,interracial,magical_girl,4girls,halloween,size_difference,1other,5girls,christmas,military,yuri
lolita_fashion	gothic_lolita,sweet_lolita,goth_fashion,1girl,solo,multiple_girls,virtual_youtuber,2girls,crossdressing,6+girls,twins,siblings,1boy,sisters,maid,3girls,everyone,4girls,dark_persona,5girls,halloween,multiple_boys,dual_persona,personification,solo_focus,male_focus,magical_girl,yuri,hetero,witch,2boys,1other,military
twins	siblings,sisters,twincest,brother_and_sister,incest,game_development_department_(blue_archive),multiple_girls,2girls,brothers,1boy,train_conductor,maid,yuri,virtual_youtuber,3girls,6+girls,multiple_boys,4girls,mother_and_son,everyone,5girls,2boys,hetero,kodomo_doushi,mother_and_daughter,lolita_fashion,family,crossdressing,1girl,6+boys,anniversary,3boys,male_focus,couple,idol,christmas,femdom,gothic_lolita,halloween,dual_persona,age_difference,enmaided,solo_focus
nun	buddhist_nun,priest,1girl,solo,multiple_girls,6+girls,1boy,virtual_youtuber,hetero,2girls,5girls,4girls,3girls,solo_focus,multiple_boys,borrowed_character,male_focus,halloween,crossdressing,2boys,everyone,age_difference,6+boys,yuri,onee-shota,3boys,siblings,1other,4boys,sisters,dual_persona,maid
nontraditional_miko	multiple_girls,1girl,solo,6+girls,2girls,military,4girls,3girls,miko,virtual_youtuber,5girls,1boy,yuri,new_year,kitsune,solo_focus,hetero,valentine,maid,multiple_boys
borrowed_character	1girl,solo,hetero,1boy,solo_focus,multiple_girls,2girls,interracial,yuri,nun,interspecies,multiple_boys,personification,oppai_loli,futa_with_female,maid,2boys,male_focus,femdom,3girls,age_difference,yaoi,bara,couple,6+girls,3boys,1other,4girls,virtual_youtuber,siblings,military
interracial	hetero,1boy,solo_focus,multiple_boys,netorare,2boys,yaoi,1girl,3boys,bara,cheating_(relationship),age_difference,bisexual_female,penis_size_difference,size_difference,instant_loss,abuse,2girls,multiple_girls,male_focus,yuri,4boys,couple,virtual_youtuber,futa_with_female,5boys,humiliation,borrowed_character,femdom,prostitution,6+boys,onee-shota,interspecies,3girls,crossdressing,siblings,maid,sisters
brother_and_sister	siblings,incest,twins,1boy,twincest,mother_and_son,brothers,step-siblings,step-brother_and_step-sister,family,multiple_boys,father_and_son,mother_and_daughter,implied_incest,1girl,father_and_daughter,hetero,2boys,onee-shota,age_difference,multiple_girls,kodomo_doushi,2girls,sisters,husband_and_wife,3boys,bangboo_(zenless_zone_zero),crossdressing,6+boys,4boys,alternate_universe,3girls,everyone,6+girls,4girls,time_paradox,anniversary,5boys,couple,solo_focus,femdom,dual_persona,animification,5girls,1other,christmas,maid,male_focus
new_year	chinese_zodiac,year_of_the_tiger,year_of_the_ox,year_of_the_rabbit,year_of_the_rooster,year_of_the_snake,year_of_the_dragon,year_of_the_goat,1girl,solo,multiple_girls,tiger_costume,miko,2girls,3girls,winter,4girls,6+girls,1boy,virtual_youtuber,5girls,multiple_boys,siblings,male_focus,sisters,nontraditional_miko,2boys,solo_focus,yuri,bara,christmas,military,hetero,maid
valentine	1girl,solo,tsundere,multiple_girls,2girls,yuri,maid,virtual_youtuber,1boy,3girls,couple,military,4girls,enmaided,6+girls,solo_focus,male_focus,multiple_boys,siblings,5girls,nontraditional_miko,sisters,hetero,2boys,bara,1other
4boys	multiple_boys,hetero,male_focus,multiple_girls,solo_focus,4girls,yaoi,brothers,everyone,6+girls,3girls,1girl,2girls,interracial,bara,father_and_son,crossdressing,5girls,multiple_persona,siblings,brother_and_sister,age_difference,interspecies,family,netorare,animification,dual_persona,1other,size_difference,onee-shota,anniversary,military,virtual_youtuber,multiple_others,science_fiction,sisters,nun,maid,christmas,couple
6+boys	multiple_boys,everyone,6+girls,absolutely_everyone,multiple_girls,straw_hat_pirates,brothers,male_focus,father_and_son,multiple_persona,anniversary,hetero,5girls,siblings,4girls,soldier,solo_focus,in-franchise_crossover,3girls,war,dual_persona,father_and_daughter,brother_and_sister,yaoi,super_saiyan,knight,military,ninja,2girls,bara,crossdressing,family,1girl,clone,time_paradox,1other,science_fiction,people,mother_and_son,multiple_others,interracial,death,animification,husband_and_wife,twins,interspecies,sisters,police,mother_and_daughter,age_difference,size_difference,nun,maid,couple,virtual_youtuber,magical_girl
size_difference	age_difference,interspecies,onee-shota,1boy,yaoi,hetero,multiple_boys,2boys,bara,multiple_girls,furry_with_non-furry,penis_size_difference,male_focus,onii-shota,2girls,onee-loli,1girl,solo_focus,vore,interracial,couple,futa_with_female,pokephilia,1other,yuri,science_fiction,femdom,3boys,3girls,incest,multiple_others,6+girls,personification,4boys,6+boys,military,4girls,dual_persona,no_humans,siblings,mother_and_daughter,5girls,crossdressing,virtual_youtuber,maid,sisters,solo
cheerleader	1girl,solo,multiple_girls,hetero,solo_focus,1boy,2girls,virtual_youtuber,3girls,crossdressing,6+girls,4girls,multiple_boys,5girls,male_focus,sisters,siblings,2boys,yuri
miko	1girl,solo,multiple_girls,new_year,2girls,6+girls,nontraditional_miko,kitsune,3girls,chinese_zodiac,1boy,hetero,4girls,yuri,solo_focus,5girls,virtual_youtuber,multiple_boys,sisters,siblings,maid,2boys,male_focus
office_lady	salaryman,1girl,solo,teacher,1boy,multiple_girls,solo_focus,2girls,hetero,virtual_youtuber,multiple_boys,yuri,3girls,2boys,6+girls,3boys,couple,4girls
witch	halloween,luna_nova_school_uniform,1girl,solo,multiple_girls,2girls,6+girls,3girls,1boy,virtual_youtuber,4girls,multiple_boys,solo_focus,yuri,lolita_fashion,magical_girl,5girls,hetero,1other,2boys,maid,siblings
gothic_lolita	lolita_fashion,goth_fashion,1girl,solo,multiple_girls,virtual_youtuber,2girls,crossdressing,6+girls,1boy,siblings,3girls,everyone,maid,sisters,4girls,dual_persona,halloween,5girls,twins,multiple_boys,hetero,solo_focus,yuri,male_focus,2boys
femdom	lolidom,sadism,dominatrix,yuri,hetero,1boy,reverse_ryona,multiple_girls,futa_on_male,2girls,onee-shota,age_difference,mixed-sex_combat,futasub,slave,futa_with_female,humiliation,solo_focus,masochism,incest,1girl,onee-loli,kodomo_doushi,fff_threesome,3girls,interspecies,size_difference,siblings,interracial,crossdressing,pervert,female_pervert,yandere,sisters,4girls,brother_and_sister,maid,borrowed_character,couple,multiple_boys,twins,6+girls,virtual_youtuber,military,2boys,5girls,magical_girl,solo
nurse	doctor,1girl,solo,virtual_youtuber,multiple_girls,1boy,hetero,2girls,halloween,solo_focus,crossdressing,6+girls,3girls,yuri,multiple_boys,maid,4girls,5girls,2boys,male_focus,siblings
chinese_zodiac	year_of_the_rabbit,year_of_the_tiger,year_of_the_ox,new_year,year_of_the_dragon,year_of_the_snake,year_of_the_rooster,year_of_the_goat,tiger_costume,1girl,solo,multiple_girls,2girls,miko,male_focus,bara,1boy,3girls,virtual_youtuber,multiple_boys,4girls,6+girls,2boys,solo_focus,siblings,no_humans,yuri,hetero
inkling	octoling,cousins,multiple_girls,2girls,1girl,alternate_species,solo,1boy,multiple_boys,yuri,3girls,4girls,2boys,incest,6+girls,halloween,hetero,male_focus,solo_focus
futa_with_female	newhalf_with_female,futasub,fff_threesome,multiple_girls,2girls,onee-loli,futa_without_pussy,incest,femdom,3girls,age_difference,selfcest,size_difference,interspecies,sisters,interracial,instant_loss,siblings,solo_focus,4girls,mother_and_daughter,borrowed_character,virtual_youtuber,dual_persona,5girls,6+girls,maid,1boy,hetero,1girl
incest	twincest,siblings,brother_and_sister,sisters,twins,yuri,mother_and_son,age_difference,onee-shota,cousins,mother_and_daughter,hetero,2girls,multiple_girls,kodomo_doushi,father_and_daughter,1boy,aunt_and_niece,onee-loli,futa_with_female,bisexual_female,fff_threesome,femdom,brothers,futa_with_futa,father_and_son,1girl,futa_on_male,couple,yaoi,2boys,multiple_boys,3girls,solo_focus,size_difference,inkling,male_focus,bara,crossdressing,3boys,4girls,maid,virtual_youtuber
ninja	1girl,solo,multiple_boys,1boy,multiple_girls,6+boys,male_focus,2boys,everyone,2girls,6+girls,hetero,3girls,3boys,solo_focus,4girls,siblings,yuri,virtual_youtuber
mother_and_daughter	father_and_daughter,family,mother_and_son,husband_and_wife,multiple_girls,2girls,father_and_son,incest,siblings,brother_and_sister,3girls,age_difference,motherly,sisters,onee-loli,aunt_and_niece,1boy,yuri,wife_and_wife,multiple_boys,time_paradox,4girls,6+girls,alternate_universe,2boys,twins,hetero,kitsune,futa_with_female,kyuubi,5girls,couple,6+boys,dual_persona,virtual_youtuber,3boys,size_difference,christmas,military,solo_focus,maid,1girl
interspecies	furry_with_non-furry,pokephilia,hetero,size_difference,1boy,yaoi,multiple_boys,furry_with_furry,solo_focus,2boys,bara,captured,1girl,yuri,male_focus,couple,shiny_pokemon,multiple_girls,2girls,3boys,slime_girl,futa_with_female,femdom,instant_loss,4boys,netorare,borrowed_character,age_difference,personification,1other,6+boys,5boys,onee-shota,interracial,3girls
multiple_others	2others,6+others,5others,solo_focus,people,multiple_boys,knight,multiple_girls,1girl,horror_(theme),soldier,1boy,science_fiction,death,everyone,no_humans,2boys,dual_persona,6+boys,6+girls,2girls,3boys,male_focus,3girls,virtual_youtuber,size_difference,military,4girls,siblings,4boys,5girls,maid,hetero,yuri
onee-shota	age_difference,hetero,1boy,incest,mother_and_son,size_difference,shotadom,femdom,aunt_and_nephew,1girl,brother_and_sister,futa_on_male,multiple_boys,siblings,penis_size_difference,2boys,3boys,multiple_girls,solo_focus,2girls,interracial,interspecies,4boys,3girls,nun,virtual_youtuber,maid,4girls,military
waitress	carhop,waiter,maid,1girl,solo,multiple_girls,wa_maid,enmaided,2girls,3girls,1boy,6+girls,4girls,5girls,crossdressing,solo_focus,multiple_boys,hetero,2boys,yuri,siblings,virtual_youtuber,male_focus
kitsune	kyuubi,aunt_and_niece,1girl,solo,multiple_girls,2girls,miko,mother_and_daughter,nekomata,3girls,1boy,6+girls,hetero,solo_focus,4girls,sisters,nontraditional_miko,1other,siblings,5girls,maid,virtual_youtuber,military,yuri,multiple_boys,male_focus
idol	k/da_(league_of_legends),1girl,solo,multiple_girls,virtual_youtuber,3girls,6+girls,2girls,4girls,5girls,1boy,solo_focus,twins,siblings,multiple_boys,hetero,male_focus,2boys,yuri
animal_focus	no_humans,clothed_animal,evolutionary_line,shiny_pokemon,clothed_pokemon,oversized_animal,solo,1other,solo_focus,1boy,1girl
everyone	absolutely_everyone,6+girls,6+boys,multiple_boys,multiple_girls,5girls,anniversary,5boys,siblings,4boys,in-franchise_crossover,sisters,3boys,4girls,dual_persona,twins,multiple_persona,karakasa_obake,brothers,maid,multiple_others,brother_and_sister,3girls,magical_girl,military,2boys,ninja,1other,lolita_fashion,age_difference,nun,gothic_lolita,crossdressing,1boy,virtual_youtuber,no_humans,yuri,2girls,male_focus,hetero,1girl
mecha_musume	personification,science_fiction,humanization,1girl,solo,military,multiple_girls,2girls,3girls,6+girls,solo_focus,virtual_youtuber,1boy
summer	1girl,solo,multiple_girls,2girls,virtual_youtuber,winter,no_humans,3girls,multiple_boys,1boy,4girls,6+girls,male_focus,2boys,bara,5girls,siblings,solo_focus,sisters,hetero,yuri
winter	1girl,solo,christmas,multiple_girls,2girls,new_year,no_humans,1boy,summer,male_focus,couple,multiple_boys,virtual_youtuber,military,3girls,4girls,2boys,siblings,5girls,1other,6+girls,yuri,solo_focus,hetero
animification	science_fiction,1girl,multiple_boys,male_focus,solo,1boy,2boys,personification,multiple_girls,humanization,2girls,6+boys,4boys,3boys,dual_persona,brother_and_sister,yaoi,yuri,siblings,couple,6+girls,3girls,1other,hetero,solo_focus
police	policewoman,policeman,1girl,bangboo_(zenless_zone_zero),multiple_girls,solo,multiple_boys,1boy,2girls,science_fiction,2boys,3girls,male_focus,solo_focus,virtual_youtuber,6+boys,hetero,bara,6+girls,3boys,4girls,military,yuri,siblings
anniversary	everyone,6+girls,multiple_girls,6+boys,multiple_boys,1girl,solo,4girls,5girls,3girls,2girls,multiple_persona,1boy,siblings,2boys,3boys,brother_and_sister,virtual_youtuber,twins,dual_persona,male_focus,4boys,1other,sisters,military,magical_girl,maid,yuri,solo_focus
race_queen	1girl,solo,multiple_girls,2girls,solo_focus,hetero,1boy,virtual_youtuber,3girls
5boys	multiple_boys,multiple_girls,everyone,hetero,male_focus,solo_focus,6+girls,5girls,4girls,brothers,3girls,yaoi,interracial,1girl,2girls,bara,multiple_persona,siblings,crossdressing,brother_and_sister,age_difference,interspecies,military,science_fiction,dual_persona,1other,virtual_youtuber,maid
multiple_persona	6+girls,clone,multiple_girls,3girls,time_paradox,4girls,6+boys,5girls,multiple_boys,3boys,harem,everyone,4boys,dark_persona,male_focus,anniversary,5boys,magical_girl,dual_persona,1boy,maid,2girls,yuri,1girl,2boys,virtual_youtuber,military,siblings,hetero,solo_focus,solo
nekomata	1girl,solo,multiple_girls,2girls,3girls,kitsune,6+girls,4girls,sisters,yuri,siblings,maid,solo_focus,1boy,hetero
dark_persona	corruption,possessed,alter_servant,dual_persona,dark_aura,1girl,solo,multiple_girls,magical_girl,alternate_universe,2girls,multiple_persona,male_focus,1boy,multiple_boys,virtual_youtuber,2boys,lolita_fashion,yuri,3girls,hetero,6+girls,solo_focus
unconventional_maid	maid,enmaided,1girl,solo,multiple_girls,2girls,virtual_youtuber,1boy,hetero,solo_focus,3girls,male_focus,multiple_boys
bride	groom,wedding,wife_and_wife,husband_and_wife,couple,1girl,solo,yuri,multiple_girls,1boy,hetero,2girls,crossdressing,solo_focus,multiple_boys,virtual_youtuber,3girls,siblings,2boys
jiangshi	halloween,multiple_girls,1girl,solo,karakasa_obake,2girls,6+girls,3girls,solo_focus,1boy,hetero,4girls,multiple_boys,5girls,yuri,2boys,virtual_youtuber
pervert	female_pervert,yuri,multiple_girls,clothes_theft,2girls,theft,implied_yuri,3girls,1boy,magical_girl,4girls,age_difference,1girl,hetero,femdom,5girls,6+girls,solo_focus,multiple_boys,siblings,military,sisters,2boys,maid,solo,virtual_youtuber
octoling	inkling,multiple_girls,2girls,1girl,solo,1boy,4girls,yuri,3girls,multiple_boys,6+girls,2boys,hetero,male_focus,solo_focus
knight	medieval,multiple_boys,male_focus,1other,1boy,multiple_others,1girl,6+boys,solo,2boys,multiple_girls,3boys,2girls,6+girls,solo_focus,3girls,4girls,hetero,virtual_youtuber
netorare	cheating_(relationship),hetero,interracial,1boy,multiple_boys,2boys,solo_focus,1girl,humiliation,3boys,age_difference,multiple_girls,2girls,4boys,interspecies,3girls,yuri,virtual_youtuber,solo
yandere	yandere_trance,1girl,solo,multiple_girls,horror_(theme),1boy,2girls,virtual_youtuber,femdom,yuri,3girls,hetero,solo_focus,military,4girls,maid,multiple_boys,male_focus
husband_and_wife	family,father_and_daughter,father_and_son,mother_and_daughter,mother_and_son,groom,couple,wedding,1boy,hetero,bride,multiple_boys,2boys,1girl,brother_and_sister,multiple_girls,siblings,2girls,6+boys,3boys,3girls,6+girls,sisters,solo_focus
policewoman	police,policeman,bangboo_(zenless_zone_zero),1girl,solo,multiple_girls,2girls,1boy,3girls,solo_focus,virtual_youtuber,hetero,multiple_boys,6+girls,yuri,2boys
oppai_loli	1girl,hetero,1boy,solo_focus,solo,multiple_girls,borrowed_character,2girls,3girls,virtual_youtuber,multiple_boys
female_pervert	pervert,yuri,multiple_girls,2girls,implied_yuri,3girls,magical_girl,4girls,1boy,age_difference,5girls,femdom,6+girls,1girl,hetero,solo_focus,siblings,sisters,multiple_boys,military,maid,virtual_youtuber,solo,2boys
humanization	mecha_musume,decepticon,personification,1girl,solo,male_focus,animification,1boy,multiple_girls,2girls,science_fiction,multiple_boys,1other,dual_persona,2boys,bara,yuri,3girls,hetero,solo_focus
karakasa_obake	multiple_girls,6+girls,1girl,solo,jiangshi,everyone,2girls,3girls,4girls,1boy
2others	multiple_others,solo_focus,dual_persona,multiple_boys,multiple_girls,1girl,1boy,science_fiction,no_humans,6+girls,2boys,2girls,3boys,male_focus,3girls,virtual_youtuber,siblings,military
father_and_daughter	family,mother_and_daughter,husband_and_wife,father_and_son,mother_and_son,incest,1boy,brother_and_sister,multiple_boys,siblings,multiple_girls,2boys,2girls,6+boys,brothers,age_difference,sisters,3boys,hetero,1girl,3girls,6+girls,couple,4girls,solo_focus
horror_(theme)	body_horror,eldritch_abomination,guro,surreal,death,no_humans,1other,1girl,multiple_others,yandere,solo,1boy,male_focus,multiple_girls,2girls,multiple_boys,virtual_youtuber,2boys,solo_focus,3girls
dancer	dancer_(fire_emblem:_three_houses),1girl,solo,multiple_girls,2girls,1boy,multiple_boys,hetero,solo_focus,3girls,virtual_youtuber
kyuubi	kitsune,1girl,solo,multiple_girls,2girls,mother_and_daughter,3girls,6+girls,1boy,4girls,solo_focus,hetero
family	father_and_daughter,mother_and_daughter,father_and_son,husband_and_wife,mother_and_son,brother_and_sister,siblings,multiple_boys,multiple_girls,2boys,brothers,2girls,sisters,1boy,3girls,alternate_universe,couple,3boys,4girls,6+boys,4boys,twins,hetero,age_difference,6+girls,yuri,1girl,male_focus,virtual_youtuber
clone	multiple_persona,selfcest,6+girls,multiple_girls,dual_persona,3girls,5girls,4girls,2girls,multiple_boys,6+boys,yuri,sisters,siblings,2boys,3boys,male_focus,1boy,hetero,yaoi,virtual_youtuber,maid,1girl,solo_focus
furry_with_non-furry	interspecies,pokephilia,hetero,yaoi,1boy,solo_focus,size_difference,multiple_boys,2boys,bara,1girl,male_focus,couple,personification,multiple_girls,1other,3boys,2girls,yuri
serval_print	multiple_girls,2girls,1girl,6+girls,solo,4girls,3girls,yuri,1boy
jirai_kei	virtual_youtuber,1girl,solo,multiple_girls,2girls,1boy,hetero,solo_focus,3girls
ancient_egyptian	1girl,solo,1boy,multiple_girls,male_focus,hetero,multiple_boys,2girls,solo_focus,2boys
goth_fashion	gothic_lolita,lolita_fashion,1girl,solo,virtual_youtuber,multiple_girls,2girls,1boy,male_focus,multiple_boys,3girls,solo_focus,yuri,hetero
mother_and_son	father_and_son,family,mother_and_daughter,husband_and_wife,father_and_daughter,incest,brother_and_sister,onee-shota,siblings,age_difference,multiple_boys,brothers,2boys,1boy,motherly,alternate_universe,multiple_girls,hetero,twins,2girls,3boys,1girl,6+boys,3girls,couple,6+girls,sisters
shiny_pokemon	mega_pokemon,clothed_pokemon,no_humans,animal_focus,evolutionary_line,pokephilia,personification,interspecies,1girl,solo,1boy,multiple_girls,2girls,1other,male_focus,multiple_boys,solo_focus,hetero,virtual_youtuber
instant_loss	hetero,1boy,interracial,1girl,solo_focus,interspecies,futa_with_female,multiple_boys,2boys,multiple_girls,2girls,virtual_youtuber,yuri,3girls,male_focus,solo
teacher	teacher_and_student,office_lady,1girl,solo,age_difference,hetero,multiple_girls,1boy,multiple_boys,solo_focus,2girls,6+girls,2boys,3girls,yuri,virtual_youtuber
yukkuri_shiteitte_ne	multiple_girls,6+girls,2girls,no_humans,3girls,1girl,4girls,solo,maid,1boy
brothers	siblings,multiple_boys,2boys,father_and_son,brother_and_sister,twins,male_focus,6+boys,mother_and_son,3boys,family,4boys,incest,5boys,yaoi,father_and_daughter,everyone,multiple_girls,sisters,6+girls,crossdressing,2girls,1girl,3girls,hetero
nontraditional_playboy_bunny	1girl,solo,multiple_girls,2girls,virtual_youtuber,3girls,1boy,solo_focus,hetero
pokephilia	interspecies,furry_with_non-furry,hetero,1boy,solo_focus,shiny_pokemon,1girl,size_difference,multiple_boys,2boys,yaoi,age_difference,multiple_girls,2girls,male_focus,yuri
tsundere	valentine,multiple_girls,1girl,2girls,1boy,yuri,solo,3girls,hetero,military,couple,6+girls,4girls,solo_focus,multiple_boys,virtual_youtuber
alternate_universe	multiple_boys,role_reversal,mother_and_son,2boys,family,father_and_son,1boy,male_focus,multiple_girls,dark_persona,mother_and_daughter,3boys,brother_and_sister,siblings,couple,2girls,1girl,science_fiction,3girls,4girls,hetero,yuri,solo
transformation	henshin,alternate_form,corruption,1boy,male_focus,1girl,magical_girl,multiple_girls,2girls,dual_persona,solo,science_fiction,multiple_boys,2boys,no_humans,3girls,yuri,virtual_youtuber,hetero
fusion	no_humans,science_fiction,solo,1girl,male_focus,multiple_girls,1boy,virtual_youtuber,2girls,multiple_boys
time_paradox	dual_persona,multiple_persona,multiple_girls,2girls,multiple_boys,age_difference,2boys,mother_and_daughter,3girls,6+boys,siblings,male_focus,6+girls,3boys,brother_and_sister,1boy,4girls,yuri,magical_girl,sisters,1girl,hetero
wa_maid	mixed_maids,maid,enmaided,waitress,1girl,solo,virtual_youtuber,multiple_girls,2girls,sisters,3girls,siblings,1boy
kodomo_doushi	incest,yuri,lolidom,twincest,hetero,2girls,multiple_girls,1boy,brother_and_sister,yaoi,siblings,multiple_boys,femdom,2boys,twins,sisters,1girl,male_focus,3girls
death	murder,guro,suicide,horror_(theme),multiple_boys,multiple_girls,1boy,multiple_others,2girls,2boys,male_focus,1girl,6+boys,1other,solo_focus,3boys,6+girls,3girls,military,solo,4girls,hetero
slave	humiliation,femdom,hetero,1girl,multiple_boys,solo_focus,multiple_girls,1boy,2girls,solo,yuri,2boys,3boys,3girls
corruption	dark_persona,possessed,transformation,1girl,magical_girl,solo,multiple_girls,1boy,dual_persona,2girls,hetero,male_focus,solo_focus,multiple_boys,3girls
onee-loli	age_difference,yuri,futa_with_female,2girls,multiple_girls,incest,fff_threesome,mother_and_daughter,size_difference,femdom,3girls,sisters,siblings,couple,4girls
slime_girl	1girl,interspecies,solo,multiple_girls,hetero,1boy,personification,2girls,solo_focus,yuri,6+girls,3girls,virtual_youtuber
wife_and_wife	wedding,bride,yuri,groom,2girls,couple,multiple_girls,mother_and_daughter,3girls,sisters,siblings,virtual_youtuber
people	solo_focus,multiple_others,multiple_boys,multiple_girls,1girl,6+boys,1boy,2girls,2boys,3girls,6+girls,3boys,male_focus,4girls,virtual_youtuber,hetero,solo
soldier	war,military,science_fiction,6+boys,multiple_boys,multiple_others,1girl,multiple_girls,3boys,solo,male_focus,1boy,2boys,2girls,6+girls,3girls,solo_focus
in-franchise_crossover	multiple_girls,magical_girl,6+girls,everyone,2girls,6+boys,multiple_boys,3girls,4girls,2boys,5girls,yuri,male_focus,1boy,1girl,solo
super_saiyan	super_saiyan_1,super_saiyan_4,super_saiyan_blue,saiyan,legendary_super_saiyan,male_focus,multiple_boys,father_and_son,1boy,2boys,6+boys,3boys,solo,dual_persona,1girl,multiple_girls,hetero,2girls
bangboo_(zenless_zone_zero)	policewoman,police,maid,brother_and_sister,1girl,1boy,multiple_girls,1other,solo,3girls,siblings,2girls,multiple_boys,2boys,solo_focus,male_focus
surreal	horror_(theme),1girl,solo,no_humans,1other,multiple_girls,male_focus,1boy,2girls,multiple_boys
alternate_form	transformation,male_focus,1boy,multiple_boys,1girl,no_humans,2boys,solo,dual_persona,couple,multiple_girls,2girls,hetero
sailor	6+girls,multiple_girls,1girl,solo,military,2girls,3girls,multiple_boys,1boy,male_focus,yuri
father_and_son	mother_and_son,family,father_and_daughter,husband_and_wife,multiple_boys,2boys,brothers,mother_and_daughter,brother_and_sister,siblings,3boys,male_focus,6+boys,super_saiyan,alternate_universe,incest,4boys,yaoi,multiple_girls,bara,couple,2girls,age_difference,6+girls,1girl,hetero,3girls
e.g.o_(project_moon)	male_focus,1boy,1other,solo,1girl,multiple_boys,2boys,multiple_girls,2girls
clothed_pokemon	shiny_pokemon,no_humans,animal_focus,1girl,solo,1boy,maid,male_focus,multiple_boys,multiple_girls,solo_focus,2girls
harem	hetero,6+girls,multiple_girls,4girls,3girls,5girls,1boy,yuri,multiple_persona,age_difference,siblings,sisters,multiple_boys
wedding	bride,groom,wife_and_wife,husband_and_wife,couple,yuri,1boy,hetero,multiple_girls,2girls,1girl,multiple_boys,2boys,solo,solo_focus,virtual_youtuber
humiliation	bullying,public_use,slave,penis_size_difference,femdom,hetero,multiple_boys,solo_focus,netorare,1girl,1boy,multiple_girls,interracial,2boys,3boys,2girls,3girls,yuri,solo,virtual_youtuber
guro	ero_guro,death,cannibalism,horror_(theme),1girl,1boy,solo,male_focus,multiple_girls,multiple_boys,1other,2girls,solo_focus,2boys,hetero
cheating_(relationship)	netorare,hetero,1boy,interracial,multiple_boys,solo_focus,1girl,2boys,age_difference,multiple_girls,3boys,2girls,yuri,3girls,solo
bisexual_female	sexual_coaching,2girls,multiple_girls,incest,1boy,hetero,interracial,multiple_boys,2boys,siblings,sisters,3girls,virtual_youtuber
year_of_the_rabbit	chinese_zodiac,new_year,solo,1girl,multiple_girls,2girls,1boy,virtual_youtuber
look-alike	multiple_girls,2girls,3girls,1girl,magical_girl,solo,multiple_boys,2boys,male_focus,1boy
prostitution	hetero,solo_focus,1boy,1girl,multiple_boys,interracial,age_difference,2boys,3boys,multiple_girls,solo,2girls
sangvis_ferri	1girl,multiple_girls,6+girls,solo,maid,2girls,solo_focus,1boy,hetero,3girls
evolutionary_line	no_humans,animal_focus,shiny_pokemon,1boy,1girl,male_focus,multiple_girls,2girls
year_of_the_tiger	chinese_zodiac,new_year,tiger_costume,1girl,solo,multiple_girls,2girls,male_focus,1boy,virtual_youtuber
furry_with_furry	interspecies,yaoi,hetero,couple,2boys,multiple_boys,1boy,bara,yuri,male_focus,2girls,age_difference,solo_focus,multiple_girls,1girl
mega_pokemon	shiny_pokemon,no_humans,personification,1girl,solo,1other,1boy,multiple_girls,2girls,multiple_boys,male_focus
pirate	virtual_youtuber,1girl,solo,multiple_boys,male_focus,multiple_girls,1boy,2girls,2boys,solo_focus,hetero
princess	1girl,solo,multiple_girls,2girls,1boy,virtual_youtuber,multiple_boys,hetero,yuri,solo_focus
creature_and_personification	personification,1girl,solo,multiple_girls,2girls,male_focus,1boy
hyur	bara,multiple_boys,male_focus,2boys,multiple_girls,yaoi,2girls,1girl,solo,1boy,yuri,hetero
fff_threesome	futa_with_female,3girls,yuri,multiple_girls,futa_with_futa,incest,onee-loli,sisters,femdom,siblings,age_difference
cousins	inkling,incest,multiple_girls,2girls,1boy,multiple_boys,yuri,hetero,siblings,2boys,6+girls,3girls,1girl
oversized_animal	animal_focus,1girl,no_humans,solo,1other,1boy,male_focus,multiple_girls,multiple_boys,2girls
selfcest	dual_persona,yuri,clone,2girls,multiple_girls,yaoi,futa_with_female,2boys,multiple_boys,male_focus,hetero,1boy,3girls,virtual_youtuber,1girl
twincest	incest,twins,siblings,sisters,brother_and_sister,yuri,kodomo_doushi,2girls,multiple_girls,hetero,1boy,couple,1girl
samurai	male_focus,solo,1boy,1girl,multiple_boys,multiple_girls,2boys,virtual_youtuber,2girls
year_of_the_ox	chinese_zodiac,new_year,solo,1girl,multiple_girls,2girls,male_focus,1boy
futa_with_futa	futa_without_pussy,penis_size_difference,futasub,multiple_girls,2girls,fff_threesome,incest,3girls,siblings
dominatrix	femdom,1girl,yuri,multiple_girls,solo,hetero,2girls,1boy,solo_focus
penis_size_difference	futa_on_male,onii-shota,yaoi,futa_with_futa,multiple_boys,2boys,humiliation,age_difference,size_difference,male_focus,interracial,onee-shota,bara,crossdressing,solo_focus,1boy,multiple_girls,2girls,1girl,hetero
clothed_animal	animal_focus,no_humans,1girl,solo,multiple_girls,multiple_boys,virtual_youtuber,1boy,2girls
festival	summer_festival,multiple_girls,6+girls,multiple_boys,1girl,2girls,4girls,3girls,solo,solo_focus,1boy
setsubun	mamemaki,multiple_girls,1girl,solo,2girls,3girls,1boy
ballerina	ballet,1girl,solo,multiple_girls,2girls,1boy
male_playboy_bunny	crossdressing,male_focus,1boy,yaoi,multiple_boys,2boys,bara,solo,solo_focus,1girl
implied_yuri	female_pervert,pervert,multiple_girls,2girls,1girl,solo,3girls
6+others	multiple_others,solo_focus,multiple_boys,multiple_girls,1girl,1boy,2girls,male_focus,virtual_youtuber
cat_day	1girl,solo,multiple_girls,2girls,virtual_youtuber,1boy
butler	female_butler,maid,crossdressing,enmaided,multiple_boys,multiple_girls,1boy,2boys,male_focus,2girls,1girl,3girls,solo
team_rocket	1boy,multiple_boys,1girl,2boys,multiple_girls,male_focus,solo,hetero,2girls
role_reversal	alternate_universe,multiple_girls,2girls,1boy,yuri,1girl,hetero,multiple_boys,3girls,solo
tanuki	multiple_girls,1girl,virtual_youtuber,2girls,solo,1boy
cowboy_western	cowboy,cowgirl_(western),1girl,solo,multiple_boys,multiple_girls,male_focus,1boy,2girls,virtual_youtuber
delinquent	sukeban,banchou,bousouzoku,multiple_girls,1girl,solo,2girls,3girls,multiple_boys,1boy,virtual_youtuber
weight_conscious	weight_gain,1girl,solo,multiple_girls,2girls,1boy
glutton	multiple_girls,6+girls,3girls,2girls,4girls,1girl,solo,1boy
ryona	abuse,hetero,2girls,1boy,1girl,multiple_girls,solo_focus,multiple_boys,2boys,yuri,solo
futa_without_pussy	newhalf_with_female,newhalf_with_male,male_on_futa,futa_with_futa,futa_with_female,multiple_girls,2girls,1girl,1boy,solo,solo_focus
year_of_the_dragon	chinese_zodiac,new_year,1girl,solo,male_focus,multiple_girls,1boy,2girls
ballet	ballerina,1girl,solo,multiple_girls,2girls,1boy
dark_aura	dark_persona,multiple_girls,1boy,1girl,solo,2girls,male_focus,3girls
exhausted	multiple_girls,1girl,1boy,2girls,solo,3girls,multiple_boys,hetero
mascot	virtual_youtuber,1girl,solo,multiple_girls,2girls,1boy
ho-kago_tea_time	5girls,multiple_girls,4girls,6+girls
bunny_day	1girl,solo,virtual_youtuber,multiple_girls,2girls,1boy
confession	yuri,1girl,multiple_girls,solo,2girls,1boy
futa_on_male	penis_size_difference,femdom,1boy,onee-shota,age_difference,incest,1girl,multiple_girls,2girls,solo_focus
friends	multiple_girls,2girls,multiple_boys,2boys,3girls,1boy,male_focus,1girl
angel_and_devil	2girls,multiple_girls,yuri,dual_persona,3girls,multiple_boys,1boy,1girl
bartender	multiple_girls,1girl,2girls,solo,multiple_boys,1boy
year_of_the_snake	chinese_zodiac,new_year,1girl,solo,multiple_girls
possessed	corruption,dark_persona,1girl,1boy,multiple_girls,male_focus,multiple_boys,solo,2girls
teacher_and_student	teacher,age_difference,yaoi,multiple_boys,yuri,2boys,bara,multiple_girls,1boy,hetero,male_focus,2girls,1girl
doctor	nurse,1boy,multiple_boys,multiple_girls,male_focus,1girl,2boys,2girls,solo,hetero
native_american	1girl,solo,multiple_girls,yuri,2girls,1boy,hetero
summer_festival	festival,multiple_girls,1girl,2girls,solo,virtual_youtuber,1boy
shinsengumi	solo,1girl,male_focus,multiple_boys,multiple_girls,1boy,2girls
chef	multiple_boys,multiple_girls,1girl,solo,1boy,2boys,male_focus,2girls
sheikah	1girl,solo,1boy,hetero,multiple_girls,2girls
k/da_(league_of_legends)	idol,1girl,solo,multiple_girls,hetero,2girls,1boy
evangelion_(mecha)	science_fiction,no_humans,1girl,solo,multiple_girls,1boy
male_maid	crossdressing,maid,enmaided,male_focus,1boy,2boys,multiple_boys,yaoi,solo,1girl
theft	clothes_theft,pervert,multiple_girls,2girls,3girls,1boy,1girl,solo
eldritch_abomination	horror_(theme),no_humans,1other,1girl,solo,1boy,multiple_girls,2girls
topless_female	1girl,solo,hetero,1boy,solo_focus,multiple_girls,2girls,virtual_youtuber
priest	nun,1boy,multiple_boys,male_focus,2boys,multiple_girls,1girl,solo,hetero,2girls
detective	virtual_youtuber,multiple_girls,1girl,solo,2girls,multiple_boys,1boy
motherly	mother_and_daughter,mother_and_son,multiple_girls,2girls,3girls,1boy,1girl
war	soldier,military,science_fiction,6+boys,no_humans,multiple_boys,multiple_girls,1girl,2girls,1boy,solo
sweet_lolita	lolita_fashion,1girl,solo,multiple_girls,2girls
abuse	ryona,hetero,interracial,solo_focus,1boy,1girl,multiple_boys,2boys,multiple_girls,solo
tengu	multiple_girls,1girl,solo,2girls,1boy
sick	multiple_girls,2girls,1girl,1boy,solo
masochism	femdom,multiple_girls,1boy,2girls,hetero,yuri,1girl,solo_focus,solo
public_use	humiliation,hetero,multiple_boys,solo_focus,1girl,solo,1boy,multiple_girls
asian	1girl,solo,1boy,male_focus,multiple_girls,2girls
astronaut	science_fiction,1other,1girl,solo,multiple_girls,virtual_youtuber,1boy
drugs	drugged,hetero,1girl,multiple_boys,1boy,solo_focus,solo,multiple_girls,2girls
chimera	no_humans,multiple_girls,2girls,1girl,yuri,solo,1boy
stripper	1girl,solo,solo_focus,multiple_girls,2girls
vore	size_difference,multiple_girls,1girl,2girls,solo,1boy
jester	1girl,1boy,solo,multiple_girls,2girls
henshin	transformation,magical_girl,1girl,solo,multiple_girls,1boy,2girls
objectification	no_humans,1girl,multiple_girls,virtual_youtuber,solo,2girls
holomyth	holocouncil,5girls,virtual_youtuber,multiple_girls,6+girls
self-harm	solo,1girl,male_focus,1boy
super_saiyan_1	super_saiyan,saiyan,male_focus,multiple_boys,2boys,1boy,solo,1girl
otaku	multiple_boys,1girl,1boy,multiple_girls,solo,male_focus,2girls
salaryman	office_lady,bara,male_focus,multiple_boys,1boy,2boys,yaoi,1girl,multiple_girls,2girls,solo
soccer	1girl,solo,multiple_girls,2girls
decepticon	science_fiction,no_humans,humanization,multiple_boys,solo,1boy,1girl,multiple_girls
playing	multiple_girls,2girls,multiple_boys,1girl,1boy,solo
futasub	futa_with_female,futa_with_futa,femdom,2girls,multiple_girls,solo_focus,1girl,solo
after_bathing	1girl,solo,1boy,multiple_girls
kono_lolicon_domome	solo,1girl
misunderstanding	multiple_girls,3girls,2girls,1boy,yuri,1girl
nudist	1girl,solo,multiple_girls,2girls
triplets	3girls,sisters,siblings,multiple_girls,4girls,1boy,hetero
gymnastics	rhythmic_gymnastics,1girl,solo,multiple_girls
gathers	solo,1girl,multiple_girls,2girls
lolidom	femdom,kodomo_doushi,age_difference,hetero,1boy,solo_focus,1girl,multiple_girls,2girls,yuri
personality_switch	body_switch,multiple_girls,2girls,1boy,1girl,solo
implied_yaoi	male_focus,bara,2boys,multiple_boys,yaoi,1boy,solo
united_states	military,1girl,solo,multiple_girls,2girls
sadism	femdom,hetero,1boy,solo_focus,1girl,multiple_girls,2girls
onmyouji	solo,1girl,male_focus,multiple_girls,1boy
super_saiyan_4	super_saiyan,saiyan,male_focus,multiple_boys,1boy,2boys,solo
medieval	knight,1girl,multiple_girls,solo,1boy,2girls
team_9_(touhou)	4girls,6+girls,5girls,multiple_girls
clown	male_focus,multiple_boys,1boy,1girl,solo,multiple_girls
chikan	hetero,solo_focus,multiple_boys,1boy,1girl,2boys
luna_nova_school_uniform	witch,multiple_girls,yuri,2girls,1girl,solo
sailor_senshi	inner_senshi,magical_girl,5girls,multiple_girls,6+girls,2girls,1girl
mmm_threesome	yaoi,3boys,bara,multiple_boys,male_focus,solo_focus
knight_(chess)	solo,1girl,multiple_girls
mummy	halloween,multiple_girls,multiple_boys,1girl,solo
standard_bearer	1girl,solo,multiple_girls
star_guardian_(league_of_legends)	magical_girl,1girl,solo,multiple_girls,1boy
bullying	humiliation,multiple_girls,3girls,2girls,1boy,1girl
mtu_virus	1girl
prank	multiple_girls,2girls,3girls,1boy,1girl
groom	bride,wedding,wife_and_wife,husband_and_wife,couple,hetero,1boy,yuri,multiple_girls,2girls,1girl,multiple_boys
implied_pregnancy	1girl,solo,1boy,hetero,multiple_girls
anal_only	hetero,solo_focus,1girl,1boy,solo
reverse_fellatio	hetero,multiple_boys,solo_focus,2boys,1boy,1girl,multiple_girls
drugged	drugs,hetero,1boy,1girl,multiple_boys,solo_focus,multiple_girls,solo
paizuri_invitation	1girl,solo
accident	1girl,multiple_girls,solo,2girls,1boy
aunt_and_niece	incest,sisters,siblings,kitsune,mother_and_daughter,multiple_girls,3girls,2girls,yuri
sexual_coaching	bisexual_female,hetero,2girls,multiple_girls,1boy,3girls
captured	interspecies,multiple_boys,hetero,solo_focus,1girl,1boy,multiple_girls,solo
pet	1girl,solo,multiple_girls,1boy
implied_after_sex	1boy,1girl,hetero,multiple_girls,2girls,solo
chuunibyou	1girl,multiple_girls,solo,2girls
warrior_(dq3)	1girl,multiple_girls,solo,hetero,1boy
josou_seme	yaoi,crossdressing,2boys,multiple_boys,male_focus,hetero,1boy,1girl
clothes_theft	theft,pervert,multiple_girls,2girls,1girl,1boy,solo
pilot	military,science_fiction,1boy,1girl,solo,multiple_girls
onii-shota	age_difference,yaoi,penis_size_difference,2boys,multiple_boys,male_focus,size_difference,bara
absolutely_everyone	everyone,6+boys,6+girls,multiple_boys,multiple_girls,siblings
game_development_department_(blue_archive)	twins,sisters,siblings,4girls,multiple_girls,5girls,maid
tentacles_on_male	bara,male_focus,1boy,yaoi,2boys,multiple_boys,solo,1girl
torture	1girl,solo_focus,multiple_girls,hetero,1boy,solo,2girls
suicide	death,1girl,male_focus,solo,1boy,multiple_girls
valkyrie	1girl,solo,multiple_girls
heart-shaped_boob_challenge	solo,1girl
crisis_management_form_(machimazo)	yuri,multiple_girls,2girls,1girl,solo
pegasus	1girl,multiple_girls,solo
themed_object	1girl,solo,multiple_girls
alternate_species	inkling,male_focus,1girl,1boy,solo,multiple_girls
toddlercon	age_difference,hetero,1boy,1girl,solo_focus,multiple_girls,solo
self_cosplay	magical_girl,1girl,solo,multiple_girls
easter	1girl,solo,multiple_girls,2girls
sheet_ghost	halloween,multiple_girls,1girl,solo,2girls,1boy
y2k_fashion	1girl,solo,multiple_girls,2girls
wizard	male_focus,multiple_boys,1boy,1girl,solo,multiple_girls
boy_sandwich	multiple_boys,3boys,yaoi,2boys,bara,male_focus,hetero,1girl
female_butler	butler,crossdressing,maid,multiple_girls,2girls,1girl,solo
step-siblings	step-sisters,step-brother_and_step-sister,siblings,brother_and_sister,sisters,yuri,multiple_girls,2girls,1boy,multiple_boys,1girl
body_horror	horror_(theme),solo,1girl,1boy
male_on_futa	newhalf_with_male,futa_without_pussy,1boy,solo_focus,1girl,multiple_boys
military_operator	military,1girl,solo,multiple_girls
saiyan	super_saiyan_4,super_saiyan,super_saiyan_1,male_focus,multiple_boys,1boy,solo,1girl
rabbit_costume	multiple_girls,2girls,1girl,solo
zenra	multiple_girls,multiple_boys,2girls,1girl,solo
masked	male_focus,multiple_boys,1boy,1girl,solo,multiple_girls
warrior	1girl,solo
travel_attendant	1girl,solo,multiple_girls
nazi	military,1girl,solo,multiple_girls
magician	1girl,solo,multiple_girls
strong	multiple_girls,1girl,1boy,2girls,solo
siren_(azur_lane)	1girl,solo,multiple_girls
martial_arts	kung_fu,1girl,solo,multiple_girls,1boy
policeman	police,policewoman,multiple_boys,bara,male_focus,2boys,1boy,1girl,multiple_girls
body_switch	personality_switch,multiple_girls,1boy,2girls,1girl
beach_volleyball	multiple_girls,2girls,1girl,solo
sukeban	delinquent,multiple_girls,1girl,solo,2girls
waiter	waitress,multiple_boys,male_focus,1boy,2boys,multiple_girls,1girl,solo
housewife	1girl,solo,1boy
murder	death,multiple_boys,multiple_girls,1boy,2girls,1girl
holocouncil	holomyth,5girls,virtual_youtuber,6+girls,multiple_girls
mechanic	solo,1girl,multiple_girls
victorian_maid	maid,enmaided,1girl,solo,multiple_girls
disguise	multiple_girls,2girls,1boy,1girl,solo
party	6+girls,multiple_girls,multiple_boys
team_magma	team_magma_uniform,multiple_boys,1girl,multiple_girls,solo
train_conductor	twins,sisters,siblings,multiple_girls,2girls,1girl,solo
japan_self-defense_force	japan_ground_self-defense_force,military,multiple_girls,1girl,solo
kyuudou	solo,1girl,multiple_girls
graduation	multiple_girls,1girl,solo
himejoshi	yuri,3girls,multiple_girls
yandere_trance	yandere,1girl,solo
teamwork	multiple_girls,military,multiple_boys,2girls
witch_(madoka_magica)	magical_girl,multiple_girls,1girl,solo
year_of_the_rooster	chinese_zodiac,new_year,1girl,solo
accidental_pervert	1boy,hetero,1girl,multiple_girls,2girls
cowboy	cowboy_western,male_focus,1boy,solo,1girl
fighting_game	multiple_girls,2girls,1girl,solo
tea_party_(blue_archive)	3girls,multiple_girls
tour_guide	1girl,solo
tennis	1girl,solo,multiple_girls
time_stop	multiple_girls,hetero,1boy,2girls,1girl
yuki_onna	1girl,solo
priestess	1girl,solo,multiple_girls
rhythmic_gymnastics	gymnastics,1girl,solo
paradeus	1girl,multiple_girls,solo
lifeguard	bara,male_focus,solo,1girl,1boy
inner_senshi	sailor_senshi,magical_girl,5girls,multiple_girls,2girls
kappa	multiple_girls,1girl,solo
magical_boy	magical_girl,1boy,male_focus,multiple_girls,solo,1girl
slice_of_life	multiple_girls,2girls,1girl,solo
too_many_cats	1girl,solo
funeral_dress	multiple_girls,1girl,solo,2girls
seraph	male_focus,solo,1girl,1boy
ainu	1girl,solo,1boy
familiar	1girl,solo
grass_root_youkai_network	3girls,multiple_girls
monk	multiple_boys,male_focus,1boy,1girl,solo
mamemaki	setsubun,multiple_girls,2girls,1girl,solo
ero_guro	guro,hetero,1girl,1boy,multiple_girls,solo
super_saiyan_blue	super_saiyan,male_focus,multiple_boys,2boys,1boy,solo
implied_incest	brother_and_sister,siblings,1boy,hetero,1girl,multiple_girls,solo
primarch	male_focus,multiple_boys,1boy,solo,1girl
quintuplets	5girls,sisters,siblings,multiple_girls
tiger_i	military,multiple_girls,1girl,solo
virgin	1girl,hetero,1boy,multiple_girls,solo
dinosaur_costume	virtual_youtuber,multiple_girls,1girl,solo
u.n._spacy	science_fiction,military,no_humans,1boy,1girl
uncle_and_niece	siblings,1boy,multiple_boys,multiple_girls,1girl
for_adoption	1girl,solo,multiple_girls
5others	multiple_others,1girl
tiger_costume	year_of_the_tiger,chinese_zodiac,new_year,multiple_girls,1girl,solo
firefighter	firefighter_jacket,1girl,solo
queen	1girl,solo
mascot_costume	multiple_girls,1girl,solo
hololive_fantasy	5girls,virtual_youtuber,multiple_girls
italy	multiple_girls,1girl,solo
cowgirl_(western)	cowboy_western,1girl,solo
dj	1girl,multiple_girls,solo
hannya	solo,1girl
weight_gain	weight_conscious,1girl,solo
aunt_and_nephew	onee-shota,age_difference,1boy,hetero,1girl,multiple_girls
banchou	delinquent,1girl,multiple_girls,solo
kidnapping	multiple_girls,1boy,1girl
bakeneko	1girl,solo
fujoshi	multiple_boys,multiple_girls,1girl,solo
kung_fu	martial_arts,1girl,solo
team_magma_uniform	team_magma,1girl,solo
prisoner	1girl,solo
cashier	multiple_girls,1girl
rivalry	multiple_girls,2girls
will-o'-the-wisp_(mythology)	1girl,solo
amazon_warrior	1girl,solo
imperial_japanese_navy	military,no_humans,1girl
buddhist_nun	nun,multiple_girls,1girl,solo
oiran	1girl,solo
genie	1girl,solo
phantom_thief	1girl,solo
mother_and_child	1other,multiple_girls,1girl
half-siblings	siblings,sisters,multiple_boys,multiple_girls,2girls
russian_clothes	1girl,solo
spartan_(halo)	science_fiction,male_focus,1boy,solo,1girl
n_corp._fanatic_(identity)_(project_moon)	1boy,1girl
muscular_uke	yaoi,bara,2boys,multiple_boys,male_focus,couple
other_with_female	1other,1girl
dancer_(fire_emblem:_three_houses)	dancer,1girl,solo
indian	solo,1girl
firefighter_jacket	firefighter,1girl,solo
implied_prostitution	1girl,solo
kidnapped	multiple_girls,1girl
neet	1girl,solo
moth_antennae	1girl,solo
cannibalism	guro,1girl
grandmother_and_granddaughter	multiple_girls,2girls
newhalf_with_female	futa_without_pussy,futa_with_female,2girls,multiple_girls
forced	multiple_girls,1girl
tea_party	multiple_girls
mixed-sex_combat	femdom,1boy,hetero,1girl
alter_servant	dark_persona,solo,1girl
holox	5girls,virtual_youtuber,multiple_girls
carhop	waitress,multiple_girls,1girl,solo
maid_cafe	maid,multiple_girls,1girl
scientist	science_fiction,1girl
destroyer	military,personification,1girl,solo
conductor	solo,1girl
lion_dance	solo,1girl
marching_band	1girl,solo
jedi	1girl,solo
panda_costume	multiple_girls,1girl
soapland	hetero,1boy,1girl
grandmother_and_grandson	1boy,1girl
newhalf_with_male	futa_without_pussy,male_on_futa,1boy,1girl
yakuza	1boy,1girl
magic_trick	1girl
husky	1girl
shadow_(shadows_house)	2girls,multiple_girls
punishment	multiple_girls,1girl
sleepover	multiple_girls
straw_hat_pirates	6+boys,multiple_boys,multiple_girls,2girls
school_nurse	1girl,solo
griffin	1girl
transgender_flag	1girl,solo
human_dog	1girl
titan_(titanfall)	science_fiction,1girl
demon_costume	multiple_girls,1girl
japan_ground_self-defense_force	japan_self-defense_force,military,1girl
sith	solo,1girl
imperium_of_man	1girl
master_and_servant	maid,yuri,multiple_girls,2girls
ethereal_(zenless_zone_zero)	1girl
prince	
necromancer	1girl
undersized_animal	no_humans
bee_costume	1girl
mixed_maids	wa_maid,maid,multiple_girls,2girls
barmaid	1girl,solo
coach	1girl
cub	1girl
blacksmith	1girl,solo
togruta	1girl,solo
science	1girl
argentina	
king	
yuujo	solo,1girl
nakai_(waitress)	1girl,solo
husband_and_husband	yaoi,2boys,couple,multiple_boys,male_focus
legendary_super_saiyan	super_saiyan,male_focus
step-sisters	step-siblings,sisters,siblings,yuri,2girls,multiple_girls
shotadom	onee-shota,age_difference,multiple_boys,1girl
sumo	
netorase	hetero,1girl
male_harem	multiple_boys,1girl
reverse_ryona	femdom,1boy,hetero,1girl
shadaloo_dolls	1girl,solo
bimbofication	1girl
pink_cat	1girl
toucan	1girl
year_of_the_goat	chinese_zodiac,new_year,1girl,solo
grandfather_and_grandson	multiple_boys
gladiator	1girl
ravenclaw	
aquarius_(constellation)	solo,1girl
barbarian	1girl
food_costume	1girl
stormtrooper	
qi_maid	maid,1girl
dinosaur_hood	1girl
farmer	
fox_costume	multiple_girls
shinto	
mailman	1girl
croupier	1girl,solo
step-brother_and_step-sister	step-siblings,brother_and_sister,siblings,1boy,1girl
forced_partners	multiple_girls,2girls
german_army	military
quincy_(bleach)	
gangster	
mexican_clothes	
anglerfish_costume	
united_states_marine_corps	
antelope_horns	
armored_trooper	
organization_xiii	
bousouzoku	delinquent
paladin	
cupid	
caveman	
politician	
security_guard	
heian	
geisha	
gold_saint	
ninjutsu_research_club_(blue_archive)	multiple_girls
thief	
guide	
harlequin	
photographer	
zookeeper	
british_army	
cavalry	
mandalorian	
uncle_and_nephew	multiple_boys
dragoon	
plague_doctor	
combat_medic	
jockey	
