1girl	solo,1boy,hetero,virtual_youtuber,solo_focus,maid,multiple_boys,military,magical_girl,2boys,christmas,1other,couple,personification,lolita_fashion,halloween,borrowed_character,enmaided,age_difference,3boys,interracial,nun,cheerleader,valentine,brother_and_sister,office_lady,new_year,nontraditional_miko,science_fiction,miko,gothic_lolita,witch,nurse,chinese_zodiac,siblings,onee-shota,ninja,mecha_musume,race_queen,interspecies,size_difference,waitress,kitsune,idol,inkling,summer,femdom,winter,police,unconventional_maid,4boys,animification,bride,nekomata,oppai_loli,netorare,dark_persona,dancer,yandere,policewoman,incest,jirai_kei,husband_and_wife,anniversary,jiangshi,ancient_egyptian,goth_fashion,multiple_others,kyuubi,instant_loss,nontraditional_playboy_bunny,pokephilia,octoling,humanization,furry_with_non-furry,teacher,dual_persona,karakasa_obake,wa_maid,knight,crossdressing,horror_(theme),6+boys,slime_girl,corruption,mother_and_son,slave,tsundere,5boys,prostitution,cheating_(relationship),bangboo_(zenless_zone_zero),father_and_daughter,year_of_the_tiger,creature_and_personification,twins,transformation,year_of_the_rabbit,princess,humiliation
solo	1girl,virtual_youtuber,male_focus,1boy,maid,military,magical_girl,christmas,bara,lolita_fashion,enmaided,halloween,no_humans,personification,science_fiction,borrowed_character,valentine,new_year,cheerleader,nun,nontraditional_miko,gothic_lolita,chinese_zodiac,miko,crossdressing,office_lady,witch,nurse,mecha_musume,ninja,race_queen,waitress,idol,1other,kitsune,summer,inkling,winter,unconventional_maid,nekomata,animification,dancer,dark_persona,bride,police,jirai_kei,nontraditional_playboy_bunny,jiangshi,goth_fashion,animal_focus,ancient_egyptian,anniversary,policewoman,kyuubi,oppai_loli,karakasa_obake,humanization,yandere,octoling,wa_maid,knight,horror_(theme),fusion,teacher,year_of_the_tiger,corruption,year_of_the_rabbit,slime_girl,year_of_the_ox,surreal,e.g.o_(project_moon),super_saiyan,pirate,serval_print,sailor,ballerina,tsundere,sangvis_ferri,samurai,princess,bunny_day,cat_day,transformation,slave,kono_lolicon_domome,guro,bangboo_(zenless_zone_zero),clothed_pokemon,year_of_the_dragon,ballet,shiny_pokemon,alternate_form,cowboy_western,soldier,year_of_the_snake,hyur,dominatrix,weight_conscious,shinsengumi,setsubun
multiple_girls	2girls,yuri,3girls,4girls,6+girls,siblings,sisters,5girls,multiple_boys,1boy,virtual_youtuber,maid,twins,dual_persona,2boys,military,solo_focus,futa_with_female,hetero,mother_and_daughter,couple,magical_girl,everyone,6+boys,3boys,age_difference,incest,nontraditional_miko,femdom,christmas,4boys,multiple_persona,halloween,pervert,1other,female_pervert,onee-loli,wife_and_wife,inkling,clone,family,size_difference,nun,brother_and_sister,enmaided,new_year,harem,lolita_fashion,5boys,bisexual_female,anniversary,miko,in-franchise_crossover,time_paradox,fff_threesome,personification,father_and_daughter,valentine,serval_print,futa_with_futa,witch,interracial,waitress,yukkuri_shiteitte_ne,octoling,kodomo_doushi,jiangshi,borrowed_character,idol,gothic_lolita,selfcest,kitsune,karakasa_obake,ho-kago_tea_time,nurse,nekomata,police,cheerleader,cousins,twincest,science_fiction,mother_and_son,summer,multiple_others,winter,interspecies,look-alike,chinese_zodiac,husband_and_wife,ninja,dark_persona,angel_and_devil,office_lady,glutton,crossdressing,friends,animification,tsundere,policewoman,yandere
1boy	hetero,male_focus,solo_focus,1girl,multiple_girls,couple,2girls,solo,bara,age_difference,brother_and_sister,crossdressing,siblings,interracial,virtual_youtuber,onee-shota,3girls,military,femdom,size_difference,interspecies,maid,husband_and_wife,incest,1other,4girls,twins,netorare,father_and_daughter,furry_with_non-furry,6+girls,instant_loss,mother_and_son,sisters,mother_and_daughter,nun,bisexual_female,science_fiction,harem,borrowed_character,pokephilia,dual_persona,5girls,personification,christmas,family,cheating_(relationship),futa_on_male,super_saiyan,kodomo_doushi,male_playboy_bunny,ninja,enmaided,oppai_loli,alternate_universe,office_lady,halloween,furry_with_furry,knight,animification,nurse,multiple_others,prostitution,police,inkling,cheerleader,male_maid,alternate_form,transformation,pervert,nontraditional_miko,yandere,lolita_fashion,wedding,valentine,magical_girl,bride,death,lolidom,e.g.o_(project_moon),miko,tsundere,sexual_coaching,humanization,tentacles_on_male,octoling,anniversary,salaryman,dark_persona,male_on_futa,cousins,slave,humiliation,bangboo_(zenless_zone_zero),sadism,twincest,gothic_lolita,female_pervert,new_year,butler
2girls	multiple_girls,yuri,siblings,sisters,1boy,dual_persona,virtual_youtuber,twins,multiple_boys,futa_with_female,maid,couple,mother_and_daughter,hetero,solo_focus,2boys,military,incest,age_difference,magical_girl,femdom,wife_and_wife,onee-loli,christmas,inkling,3boys,nontraditional_miko,bisexual_female,size_difference,pervert,female_pervert,halloween,family,enmaided,brother_and_sister,interracial,1other,futa_with_futa,lolita_fashion,time_paradox,new_year,kodomo_doushi,father_and_daughter,selfcest,miko,4boys,valentine,twincest,serval_print,octoling,personification,borrowed_character,nun,in-franchise_crossover,cousins,interspecies,angel_and_devil,witch,6+boys,gothic_lolita,mother_and_son,nurse,waitress,jiangshi,husband_and_wife,kitsune,clone,look-alike,police,dark_persona,science_fiction,yukkuri_shiteitte_ne,winter,anniversary,chinese_zodiac,office_lady,cheerleader,summer,animification,sexual_coaching,nekomata,karakasa_obake,5boys,friends,idol,tsundere,policewoman,onee-shota,role_reversal,bride,multiple_others,yandere,ninja,alternate_universe,wedding,death,crossdressing,unconventional_maid,futasub,netorare
hetero	1boy,solo_focus,1girl,multiple_boys,couple,interracial,age_difference,2boys,onee-shota,3boys,interspecies,virtual_youtuber,femdom,multiple_girls,2girls,netorare,incest,size_difference,4boys,furry_with_non-furry,siblings,instant_loss,pokephilia,brother_and_sister,husband_and_wife,cheating_(relationship),maid,harem,3girls,5boys,borrowed_character,6+boys,kodomo_doushi,military,bisexual_female,prostitution,furry_with_furry,oppai_loli,sisters,nun,twins,slave,humiliation,mother_and_son,chikan,reverse_fellatio,nurse,lolidom,abuse,cheerleader,sexual_coaching,4girls,mother_and_daughter,christmas,twincest,wedding,office_lady,father_and_daughter,bride,crossdressing,sadism,magical_girl,6+girls,toddlercon,teacher,drugged,public_use,ninja,personification,pervert,ryona,miko,anal_only,groom,captured,dual_persona,slime_girl,5girls,family,teacher_and_student,police,female_pervert,josou_seme,dominatrix,kitsune,cousins,jiangshi,drugs,1other,clone,waitress,enmaided,tsundere,yandere,boy_sandwich,lolita_fashion,ancient_egyptian,nontraditional_miko,halloween,policewoman
virtual_youtuber	1girl,solo,multiple_girls,2girls,solo_focus,hetero,1boy,yuri,maid,3girls,5girls,jirai_kei,twins,holomyth,multiple_boys,male_focus,lolita_fashion,sisters,4girls,nurse,siblings,nun,idol,1other,enmaided,6+girls,gothic_lolita,christmas,holocouncil,interracial,2boys,halloween,pirate,dual_persona,nontraditional_miko,wa_maid,hololive_fantasy,valentine,mascot,detective,office_lady,3boys,holox,cheerleader,summer,yandere,goth_fashion,multiple_others,new_year,anniversary,unconventional_maid,couple,police,crossdressing,futa_with_female,witch,mother_and_daughter,dark_persona,4boys,winter,age_difference,chinese_zodiac,miko,policewoman,science_fiction,everyone,nontraditional_playboy_bunny,multiple_persona,princess,no_humans,instant_loss,femdom,tanuki,horror_(theme),dinosaur_costume,2others,size_difference,6+boys,bride,pervert,female_pervert,race_queen,bunny_day,onee-shota,kitsune,fusion,clone,wife_and_wife,yaoi,objectification,waitress,delinquent,5boys,netorare,summer_festival,military,selfcest,astronaut,magical_girl,jiangshi
solo_focus	hetero,1boy,1girl,multiple_boys,2boys,1other,interracial,3boys,virtual_youtuber,multiple_girls,2girls,yaoi,male_focus,4boys,interspecies,3girls,age_difference,femdom,maid,multiple_others,bara,size_difference,people,furry_with_non-furry,6+boys,netorare,5boys,borrowed_character,pokephilia,military,4girls,yuri,oppai_loli,instant_loss,nun,humiliation,prostitution,crossdressing,cheerleader,cheating_(relationship),2others,siblings,office_lady,nurse,chikan,onee-shota,futa_with_female,christmas,abuse,incest,slave,magical_girl,reverse_fellatio,6+girls,5girls,brother_and_sister,6+others,personification,police,male_on_futa,furry_with_furry,penis_size_difference,science_fiction,miko,enmaided,sisters,couple,public_use,pervert,ninja,ryona,waitress,jiangshi,halloween,lolidom,death,anal_only,teacher,female_pervert,kitsune,lolita_fashion,policewoman,idol,valentine,captured,nontraditional_miko,bride,yandere,witch,slime_girl,mmm_threesome,toddlercon,race_queen,sadism,drugged,gothic_lolita,guro,sangvis_ferri,ancient_egyptian,summer
male_focus	1boy,multiple_boys,2boys,yaoi,bara,crossdressing,solo,3boys,solo_focus,4boys,couple,super_saiyan,brothers,6+boys,male_playboy_bunny,size_difference,male_maid,5boys,dual_persona,mmm_threesome,father_and_son,maid,implied_yaoi,virtual_youtuber,onii-shota,super_saiyan_4,interracial,super_saiyan_1,science_fiction,siblings,animification,penis_size_difference,tentacles_on_male,interspecies,military,1other,knight,enmaided,age_difference,alternate_universe,personification,alternate_form,josou_seme,ninja,super_saiyan_blue,multiple_persona,e.g.o_(project_moon),furry_with_non-furry,saiyan,humanization,muscular_uke,salaryman,christmas,transformation,samurai,furry_with_furry,hyur,dark_persona,boy_sandwich,nun,halloween,death,multiple_others,chinese_zodiac,time_paradox,primarch,police,priest,horror_(theme),magical_boy,husband_and_husband,anniversary,policeman,guro,winter,selfcest,borrowed_character,teacher_and_student,twins,kodomo_doushi,clone,masked,fusion,new_year,incest,soldier,waiter,pirate,lolita_fashion,butler,ancient_egyptian,surreal,valentine,summer,legendary_super_saiyan,clown,wizard,cowboy,spartan_(halo),doctor
multiple_boys	2boys,3boys,yaoi,male_focus,4boys,6+boys,hetero,bara,solo_focus,5boys,multiple_girls,6+girls,crossdressing,brothers,3girls,everyone,siblings,2girls,interracial,4girls,couple,father_and_son,1girl,age_difference,brother_and_sister,dual_persona,size_difference,interspecies,5girls,family,mother_and_son,netorare,father_and_daughter,military,1other,mmm_threesome,super_saiyan,penis_size_difference,onii-shota,multiple_persona,science_fiction,twins,alternate_universe,boy_sandwich,onee-shota,anniversary,furry_with_non-furry,husband_and_wife,maid,virtual_youtuber,animification,time_paradox,multiple_others,ninja,mother_and_daughter,knight,soldier,josou_seme,furry_with_furry,sisters,bisexual_female,absolutely_everyone,humiliation,male_playboy_bunny,in-franchise_crossover,christmas,kodomo_doushi,police,death,super_saiyan_1,cheating_(relationship),implied_yaoi,clone,incest,nun,muscular_uke,people,halloween,hyur,male_maid,super_saiyan_4,chikan,teacher_and_student,slave,alternate_form,reverse_fellatio,salaryman,straw_hat_pirates,borrowed_character,prostitution,friends,enmaided,butler,policeman,pokephilia,inkling,saiyan,personification,2others,husband_and_husband
yuri	2girls,multiple_girls,couple,incest,3girls,wife_and_wife,femdom,onee-loli,sisters,siblings,age_difference,fff_threesome,female_pervert,pervert,4girls,virtual_youtuber,selfcest,twincest,kodomo_doushi,twins,maid,6+girls,dual_persona,magical_girl,5girls,interracial,military,interspecies,mother_and_daughter,valentine,wedding,harem,himejoshi,size_difference,bride,solo_focus,furry_with_furry,angel_and_devil,borrowed_character,nontraditional_miko,christmas,tsundere,teacher_and_student,step-sisters,confession,clone,inkling,dominatrix,cousins,role_reversal,serval_print,yandere,groom,miko,step-siblings,halloween,slave,nurse,luna_nova_school_uniform,nun,office_lady,personification,crisis_management_form_(machimazo),multiple_persona,aunt_and_niece,time_paradox,animification,octoling,lolita_fashion,family,masochism,master_and_servant,multiple_boys,slime_girl,witch,enmaided,in-franchise_crossover,furry_with_non-furry,dark_persona,netorare,cheating_(relationship),humiliation,alternate_universe,1boy,winter,hyur,police,humanization,new_year,everyone,chimera,transformation,policewoman,nekomata,gothic_lolita,native_american,misunderstanding,lolidom,waitress,2boys
3girls	multiple_girls,yuri,multiple_boys,siblings,sisters,fff_threesome,3boys,1boy,military,2boys,maid,multiple_persona,mother_and_daughter,virtual_youtuber,solo_focus,futa_with_female,harem,twins,hetero,dual_persona,triplets,4boys,6+boys,1other,age_difference,family,magical_girl,nontraditional_miko,christmas,halloween,5boys,grass_root_youkai_network,clone,tea_party_(blue_archive),pervert,female_pervert,nun,femdom,brother_and_sister,new_year,in-franchise_crossover,anniversary,enmaided,idol,time_paradox,miko,nekomata,incest,personification,aunt_and_niece,witch,waitress,everyone,yukkuri_shiteitte_ne,kitsune,lolita_fashion,size_difference,father_and_daughter,valentine,cheerleader,onee-loli,himejoshi,karakasa_obake,inkling,police,multiple_others,glutton,serval_print,jiangshi,bisexual_female,summer,motherly,ninja,bangboo_(zenless_zone_zero),science_fiction,misunderstanding,gothic_lolita,couple,nurse,onee-shota,futa_with_futa,netorare,people,policewoman,mother_and_son,yandere,kyuubi,chinese_zodiac,friends,office_lady,look-alike,borrowed_character,tsundere,crossdressing,wife_and_wife,winter,interracial,alternate_universe,kodomo_doushi,festival
2boys	multiple_boys,yaoi,male_focus,bara,solo_focus,hetero,crossdressing,couple,brothers,multiple_girls,interracial,siblings,father_and_son,2girls,size_difference,age_difference,interspecies,dual_persona,3girls,brother_and_sister,1girl,family,mother_and_son,4girls,netorare,onii-shota,penis_size_difference,father_and_daughter,furry_with_non-furry,6+girls,josou_seme,husband_and_wife,twins,super_saiyan,alternate_universe,furry_with_furry,1other,military,muscular_uke,onee-shota,boy_sandwich,maid,time_paradox,animification,implied_yaoi,science_fiction,bisexual_female,male_playboy_bunny,5girls,mother_and_daughter,kodomo_doushi,incest,virtual_youtuber,male_maid,multiple_others,cheating_(relationship),christmas,husband_and_husband,ninja,knight,pokephilia,everyone,police,anniversary,salaryman,halloween,death,selfcest,super_saiyan_1,reverse_fellatio,teacher_and_student,hyur,friends,enmaided,humiliation,sisters,nun,alternate_form,instant_loss,in-franchise_crossover,butler,inkling,clone,borrowed_character,super_saiyan_4,policeman,personification,people,slave,prostitution,humanization,dark_persona,transformation,soldier,priest,2others,cousins,abuse,e.g.o_(project_moon),chikan
maid	enmaided,unconventional_maid,wa_maid,1girl,multiple_girls,solo,crossdressing,2girls,male_maid,6+girls,3girls,virtual_youtuber,sisters,siblings,1boy,twins,waitress,victorian_maid,4girls,hetero,solo_focus,butler,yuri,5girls,male_focus,multiple_boys,2boys,maid_cafe,bangboo_(zenless_zone_zero),mixed_maids,everyone,valentine,master_and_servant,qi_maid,lolita_fashion,female_butler,1other,dual_persona,3boys,borrowed_character,sangvis_ferri,age_difference,gothic_lolita,femdom,yaoi,multiple_persona,game_development_department_(blue_archive),6+boys,nurse,halloween,futa_with_female,military,clothed_pokemon,miko,4boys,pervert,nun,nontraditional_miko,female_pervert,couple,size_difference,nekomata,brother_and_sister,kitsune,witch,yandere,clone,onee-shota,interracial,personification,yukkuri_shiteitte_ne,anniversary,incest,multiple_others,christmas,5boys,mother_and_daughter,science_fiction,new_year,magical_girl
siblings	sisters,twins,brother_and_sister,incest,brothers,multiple_girls,2girls,twincest,3girls,multiple_boys,1boy,2boys,mother_and_daughter,yuri,6+girls,family,4girls,mother_and_son,step-siblings,age_difference,5girls,game_development_department_(blue_archive),hetero,maid,father_and_son,quintuplets,father_and_daughter,3boys,everyone,6+boys,onee-shota,half-siblings,triplets,aunt_and_niece,4boys,kodomo_doushi,step-sisters,male_focus,virtual_youtuber,crossdressing,husband_and_wife,implied_incest,1girl,femdom,futa_with_female,lolita_fashion,couple,bisexual_female,step-brother_and_step-sister,christmas,alternate_universe,fff_threesome,anniversary,train_conductor,5boys,dual_persona,time_paradox,military,halloween,solo_focus,uncle_and_niece,enmaided,clone,harem,bangboo_(zenless_zone_zero),onee-loli,gothic_lolita,new_year,absolutely_everyone,yaoi,1other,multiple_others,cousins,size_difference,pervert,female_pervert,animification,miko,nun,winter,idol,futa_with_futa,valentine,kitsune,multiple_persona,wife_and_wife,wa_maid,ninja,personification,summer,2others,nekomata,interracial,police,witch,waitress,magical_girl,cheerleader,bride,chinese_zodiac
4girls	multiple_girls,multiple_boys,sisters,siblings,4boys,yuri,game_development_department_(blue_archive),harem,3boys,military,multiple_persona,2boys,6+boys,maid,twins,team_9_(touhou),1boy,nontraditional_miko,5boys,everyone,ho-kago_tea_time,mother_and_daughter,clone,virtual_youtuber,nun,anniversary,magical_girl,dual_persona,halloween,solo_focus,1other,futa_with_female,christmas,pervert,brother_and_sister,in-franchise_crossover,family,female_pervert,new_year,enmaided,age_difference,hetero,serval_print,femdom,waitress,miko,size_difference,yukkuri_shiteitte_ne,witch,inkling,nekomata,personification,idol,lolita_fashion,time_paradox,octoling,triplets,valentine,multiple_others,summer,jiangshi,ninja,kitsune,festival,winter,cheerleader,gothic_lolita,crossdressing,glutton,karakasa_obake,father_and_daughter,chinese_zodiac,nurse,alternate_universe,police,yandere,people,tsundere,couple,onee-loli,death,knight,kyuubi,science_fiction,incest,onee-shota,office_lady,borrowed_character
military	soldier,multiple_girls,science_fiction,6+girls,1boy,japan_self-defense_force,2girls,1girl,3girls,war,solo,pilot,4girls,no_humans,tiger_i,5girls,mecha_musume,nazi,multiple_boys,nontraditional_miko,personification,imperial_japanese_navy,japan_ground_self-defense_force,destroyer,yuri,military_operator,6+boys,hetero,u.n._spacy,2boys,male_focus,solo_focus,united_states,3boys,couple,german_army,everyone,siblings,sisters,sailor,multiple_others,size_difference,valentine,teamwork,dual_persona,5boys,4boys,1other,winter,tsundere,age_difference,pervert,yandere,multiple_persona,death,police,female_pervert,anniversary,mother_and_daughter,femdom,maid,2others,kitsune,new_year,onee-shota,crossdressing,christmas,borrowed_character,lolita_fashion,bara,magical_girl,yaoi,virtual_youtuber
no_humans	animal_focus,science_fiction,evolutionary_line,shiny_pokemon,fusion,clothed_pokemon,clothed_animal,decepticon,military,horror_(theme),solo,evangelion_(mecha),mega_pokemon,objectification,undersized_animal,multiple_others,u.n._spacy,yukkuri_shiteitte_ne,imperial_japanese_navy,surreal,eldritch_abomination,winter,war,alternate_form,oversized_animal,summer,chimera,size_difference,2others,transformation,everyone,halloween,chinese_zodiac,christmas,virtual_youtuber,multiple_boys,solo_focus,male_focus,2boys,1other,1boy,multiple_girls,1girl,2girls
6+girls	everyone,multiple_girls,6+boys,multiple_boys,multiple_persona,absolutely_everyone,siblings,clone,sisters,military,maid,nontraditional_miko,harem,anniversary,4boys,nun,twins,dual_persona,5boys,in-franchise_crossover,3boys,magical_girl,karakasa_obake,yuri,2boys,holocouncil,1boy,team_9_(touhou),yukkuri_shiteitte_ne,mother_and_daughter,lolita_fashion,miko,jiangshi,sailor,1other,personification,party,virtual_youtuber,glutton,christmas,brother_and_sister,idol,holomyth,halloween,witch,gothic_lolita,festival,ho-kago_tea_time,age_difference,sailor_senshi,multiple_others,serval_print,ninja,new_year,time_paradox,size_difference,sangvis_ferri,waitress,nekomata,father_and_daughter,pervert,female_pervert,nurse,brothers,family,cheerleader,kitsune,solo_focus,crossdressing,inkling,enmaided,people,police,hetero,valentine,2others,summer,teacher,cousins,science_fiction,mother_and_son,futa_with_female,soldier,knight,death,father_and_son,femdom,slime_girl,couple,winter,husband_and_wife,tsundere,animification,kyuubi,octoling,policewoman,chinese_zodiac,dark_persona,borrowed_character,office_lady
sisters	siblings,twins,incest,multiple_girls,2girls,twincest,3girls,yuri,6+girls,game_development_department_(blue_archive),4girls,quintuplets,5girls,mother_and_daughter,maid,family,brother_and_sister,everyone,step-sisters,triplets,aunt_and_niece,age_difference,step-siblings,virtual_youtuber,futa_with_female,father_and_daughter,1boy,fff_threesome,hetero,train_conductor,multiple_boys,bisexual_female,lolita_fashion,half-siblings,christmas,6+boys,femdom,kodomo_doushi,military,onee-loli,clone,halloween,brothers,harem,enmaided,2boys,couple,gothic_lolita,3boys,new_year,time_paradox,mother_and_son,miko,wife_and_wife,female_pervert,kitsune,pervert,wa_maid,4boys,anniversary,solo_focus,husband_and_wife,nun,nekomata,dual_persona,valentine,summer,1other,cheerleader,personification,size_difference,magical_girl,interracial,1girl
1other	solo_focus,other_with_female,1girl,multiple_boys,1boy,multiple_girls,knight,horror_(theme),3girls,size_difference,science_fiction,2boys,male_focus,6+girls,virtual_youtuber,2girls,6+boys,astronaut,4girls,e.g.o_(project_moon),3boys,personification,mother_and_child,solo,everyone,eldritch_abomination,interspecies,bangboo_(zenless_zone_zero),4boys,humanization,dual_persona,surreal,death,maid,animal_focus,5girls,furry_with_non-furry,military,siblings,guro,anniversary,mega_pokemon,oversized_animal,shiny_pokemon,nun,winter,halloween,kitsune,5boys,brother_and_sister,christmas,animification,witch,enmaided,crossdressing,sisters,hetero,bara,borrowed_character,lolita_fashion,valentine,couple,magical_girl,yuri,no_humans
magical_girl	sailor_senshi,inner_senshi,multiple_girls,5girls,star_guardian_(league_of_legends),2girls,1girl,solo,in-franchise_crossover,witch_(madoka_magica),dual_persona,magical_boy,6+girls,henshin,yuri,3girls,dark_persona,4girls,female_pervert,pervert,self_cosplay,corruption,transformation,everyone,multiple_persona,solo_focus,look-alike,time_paradox,hetero,1boy,crossdressing,lolita_fashion,multiple_boys,witch,personification,anniversary,couple,6+boys,femdom,siblings,3boys,sisters,2boys,1other,military,virtual_youtuber,maid,male_focus
couple	hetero,yaoi,yuri,1boy,husband_and_wife,bara,2boys,multiple_boys,2girls,wedding,wife_and_wife,multiple_girls,male_focus,bride,groom,1girl,size_difference,interracial,interspecies,furry_with_furry,family,incest,age_difference,husband_and_husband,alternate_universe,furry_with_non-furry,siblings,muscular_uke,military,twincest,mother_and_daughter,brother_and_sister,valentine,father_and_daughter,father_and_son,onee-loli,crossdressing,winter,mother_and_son,sisters,christmas,twins,3boys,femdom,tsundere,alternate_form,animification,3girls,virtual_youtuber,6+boys,6+girls,solo_focus,science_fiction,dual_persona,4girls,magical_girl,borrowed_character,office_lady,4boys,maid,halloween,1other,5girls
3boys	multiple_boys,hetero,mmm_threesome,male_focus,yaoi,solo_focus,3girls,interracial,brothers,multiple_girls,bara,father_and_son,boy_sandwich,4girls,crossdressing,siblings,age_difference,6+girls,everyone,brother_and_sister,5girls,family,2girls,netorare,1girl,interspecies,multiple_persona,dual_persona,onee-shota,mother_and_son,father_and_daughter,super_saiyan,size_difference,alternate_universe,1other,anniversary,military,multiple_others,science_fiction,humiliation,time_paradox,animification,soldier,twins,knight,husband_and_wife,clone,cheating_(relationship),ninja,mother_and_daughter,furry_with_non-furry,prostitution,virtual_youtuber,maid,slave,death,couple,people,sisters,2others,christmas,police,nun,halloween,incest,office_lady,borrowed_character,personification,enmaided,magical_girl,yuri
5girls	multiple_girls,ho-kago_tea_time,holomyth,quintuplets,everyone,magical_girl,sisters,siblings,multiple_boys,harem,multiple_persona,6+boys,hololive_fantasy,military,holox,holocouncil,5boys,virtual_youtuber,twins,3boys,inner_senshi,maid,4boys,clone,team_9_(touhou),yuri,nun,anniversary,game_development_department_(blue_archive),sailor_senshi,nontraditional_miko,2boys,1boy,christmas,mother_and_daughter,halloween,female_pervert,pervert,new_year,waitress,dual_persona,idol,in-franchise_crossover,miko,lolita_fashion,1other,age_difference,brother_and_sister,solo_focus,personification,futa_with_female,enmaided,jiangshi,gothic_lolita,size_difference,winter,multiple_others,witch,summer,valentine,cheerleader,nurse,hetero,kitsune,femdom,crossdressing,science_fiction,couple
yaoi	2boys,multiple_boys,bara,male_focus,couple,crossdressing,mmm_threesome,onii-shota,penis_size_difference,3boys,size_difference,interracial,interspecies,josou_seme,solo_focus,furry_with_non-furry,muscular_uke,4boys,age_difference,furry_with_furry,husband_and_husband,boy_sandwich,selfcest,male_playboy_bunny,kodomo_doushi,6+boys,brothers,teacher_and_student,incest,5boys,father_and_son,tentacles_on_male,salaryman,dual_persona,implied_yaoi,male_maid,hyur,pokephilia,clone,animification,siblings,borrowed_character,maid,christmas,enmaided,virtual_youtuber,military,1boy,multiple_girls,yuri,2girls,hetero,1girl,solo
christmas	1girl,solo,multiple_girls,winter,2girls,3girls,6+girls,virtual_youtuber,1boy,multiple_boys,4girls,siblings,5girls,bara,sisters,2boys,yuri,male_focus,solo_focus,hetero,couple,twins,3boys,yaoi,mother_and_daughter,brother_and_sister,1other,4boys,new_year,crossdressing,age_difference,no_humans,military,maid
bara	yaoi,male_focus,2boys,multiple_boys,couple,1boy,size_difference,interspecies,mmm_threesome,muscular_uke,interracial,3boys,salaryman,tentacles_on_male,furry_with_non-furry,implied_yaoi,4boys,solo,furry_with_furry,solo_focus,male_playboy_bunny,lifeguard,6+boys,hyur,boy_sandwich,age_difference,onii-shota,5boys,policeman,crossdressing,penis_size_difference,father_and_son,teacher_and_student,christmas,chinese_zodiac,police,humanization,incest,summer,halloween,borrowed_character,personification,new_year,valentine,1other,military,siblings,virtual_youtuber,1girl,multiple_girls
science_fiction	no_humans,evangelion_(mecha),mecha_musume,decepticon,u.n._spacy,military,fusion,titan_(titanfall),animification,pilot,soldier,spartan_(halo),multiple_boys,solo,war,scientist,size_difference,male_focus,astronaut,1other,multiple_others,1girl,1boy,6+boys,2boys,police,humanization,3boys,transformation,multiple_girls,personification,2others,alternate_universe,2girls,4boys,5boys,3girls,6+girls,solo_focus,dual_persona,couple,4girls,5girls,virtual_youtuber,yuri,siblings,maid,hetero
age_difference	onee-shota,onee-loli,size_difference,hetero,incest,onii-shota,1boy,mother_and_son,femdom,yuri,multiple_boys,mother_and_daughter,2boys,yaoi,brother_and_sister,siblings,teacher_and_student,multiple_girls,2girls,futa_with_female,interracial,penis_size_difference,shotadom,solo_focus,3boys,lolidom,time_paradox,aunt_and_nephew,sisters,futa_on_male,1girl,toddlercon,father_and_daughter,3girls,couple,netorare,4boys,bara,harem,teacher,male_focus,cheating_(relationship),pervert,furry_with_furry,fff_threesome,interspecies,6+girls,female_pervert,prostitution,5boys,dual_persona,4girls,family,6+boys,nun,everyone,father_and_son,crossdressing,pokephilia,5girls,maid,borrowed_character,military,twins,virtual_youtuber,christmas
dual_persona	selfcest,time_paradox,2girls,multiple_girls,dark_persona,multiple_boys,2boys,clone,magical_girl,6+girls,everyone,6+boys,3girls,male_focus,yuri,3boys,2others,angel_and_devil,4girls,multiple_others,1boy,yaoi,multiple_persona,super_saiyan,4boys,transformation,humanization,age_difference,siblings,personification,virtual_youtuber,anniversary,corruption,alternate_form,mother_and_daughter,1other,crossdressing,size_difference,brother_and_sister,5girls,animification,maid,lolita_fashion,futa_with_female,military,gothic_lolita,5boys,twins,1girl,enmaided,science_fiction,hetero,nun,sisters,couple,solo_focus,solo
halloween	witch,mummy,sheet_ghost,jiangshi,multiple_girls,1girl,solo,2girls,nurse,3girls,4girls,6+girls,virtual_youtuber,multiple_boys,nun,5girls,siblings,1boy,sisters,2boys,lolita_fashion,inkling,male_focus,gothic_lolita,yuri,twins,crossdressing,bara,3boys,1other,solo_focus,maid,no_humans,couple,hetero
personification	creature_and_personification,mecha_musume,humanization,shiny_pokemon,military,1girl,destroyer,animification,solo,multiple_girls,6+girls,1boy,male_focus,2girls,interspecies,mega_pokemon,1other,borrowed_character,slime_girl,dual_persona,furry_with_non-furry,size_difference,3girls,science_fiction,multiple_boys,4girls,lolita_fashion,5girls,2boys,solo_focus,hetero,magical_girl,yuri,bara,siblings,3boys,sisters,maid,virtual_youtuber
enmaided	maid,crossdressing,male_maid,unconventional_maid,wa_maid,butler,waitress,solo,1girl,victorian_maid,multiple_girls,2girls,virtual_youtuber,male_focus,3girls,4girls,1boy,multiple_boys,siblings,2boys,sisters,valentine,6+girls,5girls,dual_persona,solo_focus,twins,1other,yaoi,yuri,3boys,hetero
crossdressing	male_focus,male_maid,male_playboy_bunny,yaoi,2boys,multiple_boys,enmaided,1boy,maid,josou_seme,3boys,butler,female_butler,brother_and_sister,4boys,lolita_fashion,6+boys,siblings,solo,gothic_lolita,penis_size_difference,femdom,twins,bara,cheerleader,5boys,solo_focus,nun,bride,nurse,waitress,brothers,dual_persona,couple,age_difference,multiple_girls,everyone,hetero,incest,6+girls,interracial,magical_girl,halloween,size_difference,2girls,virtual_youtuber,4girls,1girl,3girls,1other,christmas,5girls,military,yuri
lolita_fashion	gothic_lolita,sweet_lolita,goth_fashion,solo,1girl,crossdressing,multiple_girls,virtual_youtuber,6+girls,twins,2girls,sisters,siblings,everyone,maid,3girls,dark_persona,halloween,5girls,dual_persona,4girls,1boy,personification,witch,magical_girl,multiple_boys,yuri,male_focus,solo_focus,2boys,hetero,1other,military
twins	siblings,sisters,twincest,brother_and_sister,incest,game_development_department_(blue_archive),2girls,multiple_girls,brothers,maid,6+girls,4girls,train_conductor,everyone,3girls,yuri,5girls,mother_and_son,1boy,multiple_boys,virtual_youtuber,2boys,mother_and_daughter,kodomo_doushi,lolita_fashion,crossdressing,hetero,family,6+boys,anniversary,3boys,idol,couple,femdom,christmas,gothic_lolita,halloween,dual_persona,age_difference,male_focus,enmaided,1girl,solo_focus
nun	buddhist_nun,priest,6+girls,multiple_girls,1girl,5girls,solo,4girls,virtual_youtuber,1boy,hetero,3girls,borrowed_character,solo_focus,multiple_boys,halloween,crossdressing,2girls,everyone,age_difference,6+boys,2boys,onee-shota,male_focus,3boys,4boys,1other,yuri,siblings,dual_persona,sisters,maid
nontraditional_miko	6+girls,multiple_girls,military,4girls,2girls,miko,3girls,solo,1girl,5girls,virtual_youtuber,yuri,1boy,new_year,kitsune,valentine,solo_focus,maid,hetero,multiple_boys
borrowed_character	1girl,hetero,solo,solo_focus,interracial,1boy,nun,interspecies,2girls,multiple_girls,personification,futa_with_female,yuri,oppai_loli,multiple_boys,femdom,maid,age_difference,2boys,yaoi,bara,male_focus,3girls,couple,3boys,6+girls,1other,4girls,military,siblings,virtual_youtuber
interracial	hetero,netorare,solo_focus,yaoi,multiple_boys,1boy,2boys,3boys,bara,age_difference,cheating_(relationship),size_difference,bisexual_female,instant_loss,4boys,penis_size_difference,couple,abuse,1girl,yuri,futa_with_female,male_focus,5boys,borrowed_character,femdom,2girls,humiliation,6+boys,onee-shota,multiple_girls,prostitution,virtual_youtuber,interspecies,crossdressing,3girls,siblings,sisters,maid
brother_and_sister	siblings,incest,twins,mother_and_son,twincest,brothers,1boy,family,mother_and_daughter,step-siblings,father_and_son,father_and_daughter,multiple_boys,onee-shota,age_difference,2boys,step-brother_and_step-sister,implied_incest,hetero,husband_and_wife,kodomo_doushi,sisters,crossdressing,3boys,6+boys,bangboo_(zenless_zone_zero),4boys,multiple_girls,1girl,alternate_universe,everyone,2girls,6+girls,3girls,anniversary,time_paradox,4girls,5boys,femdom,couple,dual_persona,animification,5girls,solo_focus,1other,christmas,maid,male_focus
new_year	chinese_zodiac,year_of_the_tiger,year_of_the_ox,year_of_the_rabbit,year_of_the_rooster,year_of_the_snake,year_of_the_dragon,year_of_the_goat,miko,tiger_costume,multiple_girls,solo,1girl,winter,2girls,3girls,4girls,6+girls,5girls,siblings,nontraditional_miko,sisters,multiple_boys,virtual_youtuber,1boy,2boys,male_focus,bara,christmas,military,yuri,solo_focus,maid,hetero
valentine	tsundere,solo,1girl,yuri,multiple_girls,2girls,maid,couple,virtual_youtuber,3girls,military,enmaided,4girls,1boy,6+girls,nontraditional_miko,5girls,siblings,sisters,bara,male_focus,solo_focus,multiple_boys,1other,2boys,hetero
4boys	multiple_boys,male_focus,yaoi,hetero,4girls,brothers,solo_focus,everyone,6+girls,multiple_girls,interracial,bara,crossdressing,multiple_persona,3girls,father_and_son,5girls,brother_and_sister,siblings,age_difference,interspecies,family,netorare,2girls,animification,dual_persona,size_difference,onee-shota,1other,1girl,anniversary,multiple_others,science_fiction,military,nun,sisters,virtual_youtuber,christmas,maid,couple
6+boys	everyone,multiple_boys,6+girls,absolutely_everyone,brothers,multiple_girls,multiple_persona,anniversary,straw_hat_pirates,father_and_son,5girls,male_focus,soldier,siblings,4girls,in-franchise_crossover,dual_persona,brother_and_sister,father_and_daughter,war,yaoi,knight,hetero,3girls,solo_focus,ninja,super_saiyan,military,bara,crossdressing,family,clone,time_paradox,multiple_others,science_fiction,1other,mother_and_son,people,interracial,animification,husband_and_wife,death,twins,interspecies,police,mother_and_daughter,sisters,size_difference,age_difference,2girls,nun,couple,maid,1girl,magical_girl,virtual_youtuber
size_difference	age_difference,interspecies,onee-shota,yaoi,bara,2boys,multiple_boys,hetero,furry_with_non-furry,1boy,penis_size_difference,onee-loli,interracial,onii-shota,futa_with_female,male_focus,couple,vore,solo_focus,multiple_girls,2girls,pokephilia,science_fiction,femdom,1other,3boys,yuri,incest,multiple_others,1girl,4boys,personification,6+boys,6+girls,dual_persona,3girls,military,mother_and_daughter,4girls,no_humans,siblings,5girls,crossdressing,sisters,maid,virtual_youtuber,solo
cheerleader	1girl,solo,crossdressing,solo_focus,multiple_girls,hetero,3girls,1boy,2girls,6+girls,virtual_youtuber,4girls,5girls,multiple_boys,sisters,siblings,2boys,male_focus,yuri
miko	new_year,kitsune,nontraditional_miko,multiple_girls,6+girls,1girl,chinese_zodiac,solo,2girls,3girls,4girls,5girls,yuri,1boy,sisters,hetero,siblings,solo_focus,multiple_boys,virtual_youtuber,maid,2boys,male_focus
office_lady	salaryman,teacher,1girl,solo,solo_focus,1boy,multiple_girls,hetero,2girls,virtual_youtuber,multiple_boys,3girls,yuri,2boys,3boys,couple,6+girls,4girls
witch	halloween,luna_nova_school_uniform,1girl,solo,multiple_girls,6+girls,3girls,2girls,4girls,lolita_fashion,magical_girl,multiple_boys,5girls,virtual_youtuber,1boy,1other,yuri,solo_focus,siblings,2boys,maid,hetero
gothic_lolita	lolita_fashion,goth_fashion,solo,1girl,crossdressing,virtual_youtuber,6+girls,multiple_girls,everyone,2girls,siblings,sisters,dual_persona,halloween,maid,twins,5girls,3girls,4girls,1boy,multiple_boys,solo_focus,yuri,hetero,2boys,male_focus
femdom	lolidom,sadism,dominatrix,yuri,hetero,onee-shota,age_difference,futa_on_male,futa_with_female,slave,1boy,incest,futasub,humiliation,reverse_ryona,mixed-sex_combat,masochism,2girls,multiple_girls,onee-loli,solo_focus,kodomo_doushi,fff_threesome,interspecies,size_difference,interracial,3girls,pervert,crossdressing,siblings,female_pervert,yandere,brother_and_sister,sisters,1girl,4girls,borrowed_character,couple,twins,maid,6+girls,5girls,multiple_boys,military,magical_girl,2boys,virtual_youtuber,solo
nurse	doctor,halloween,virtual_youtuber,1girl,solo,hetero,multiple_girls,crossdressing,solo_focus,1boy,2girls,6+girls,3girls,yuri,maid,4girls,5girls,multiple_boys,2boys,siblings,male_focus
chinese_zodiac	year_of_the_rabbit,year_of_the_tiger,new_year,year_of_the_ox,year_of_the_dragon,year_of_the_snake,year_of_the_rooster,year_of_the_goat,tiger_costume,miko,solo,1girl,bara,multiple_girls,2girls,male_focus,3girls,4girls,1boy,6+girls,multiple_boys,virtual_youtuber,no_humans,siblings,2boys,solo_focus,yuri,hetero
inkling	octoling,cousins,alternate_species,2girls,multiple_girls,1girl,solo,incest,1boy,multiple_boys,yuri,3girls,halloween,4girls,6+girls,2boys,hetero,male_focus,solo_focus
futa_with_female	fff_threesome,futasub,newhalf_with_female,onee-loli,futa_without_pussy,2girls,multiple_girls,incest,femdom,age_difference,size_difference,3girls,selfcest,interspecies,interracial,instant_loss,sisters,mother_and_daughter,siblings,4girls,borrowed_character,solo_focus,dual_persona,5girls,6+girls,virtual_youtuber,maid,1boy,hetero,1girl
incest	twincest,siblings,brother_and_sister,sisters,twins,age_difference,mother_and_son,onee-shota,yuri,mother_and_daughter,cousins,father_and_daughter,kodomo_doushi,futa_with_female,onee-loli,hetero,bisexual_female,aunt_and_niece,2girls,femdom,fff_threesome,brothers,multiple_girls,1boy,father_and_son,futa_with_futa,futa_on_male,couple,yaoi,2boys,size_difference,multiple_boys,3girls,inkling,solo_focus,crossdressing,bara,1girl,3boys,male_focus,4girls,maid,virtual_youtuber
ninja	6+boys,multiple_boys,everyone,1girl,solo,male_focus,6+girls,1boy,2boys,multiple_girls,3boys,3girls,4girls,2girls,hetero,solo_focus,siblings,yuri,virtual_youtuber
mother_and_daughter	father_and_daughter,family,mother_and_son,husband_and_wife,incest,father_and_son,brother_and_sister,siblings,multiple_girls,2girls,age_difference,motherly,sisters,onee-loli,3girls,aunt_and_niece,wife_and_wife,time_paradox,alternate_universe,4girls,twins,yuri,kitsune,6+girls,1boy,multiple_boys,futa_with_female,kyuubi,2boys,5girls,6+boys,couple,dual_persona,hetero,size_difference,3boys,christmas,virtual_youtuber,military,solo_focus,maid,1girl
interspecies	furry_with_non-furry,pokephilia,size_difference,hetero,yaoi,furry_with_furry,bara,multiple_boys,2boys,solo_focus,1boy,captured,shiny_pokemon,couple,slime_girl,futa_with_female,3boys,femdom,yuri,instant_loss,male_focus,netorare,4boys,borrowed_character,5boys,personification,age_difference,6+boys,1girl,onee-shota,2girls,1other,multiple_girls,interracial,3girls
multiple_others	2others,6+others,5others,people,knight,horror_(theme),solo_focus,soldier,everyone,death,multiple_boys,science_fiction,6+boys,dual_persona,no_humans,size_difference,3boys,6+girls,2boys,multiple_girls,military,1boy,4boys,3girls,4girls,male_focus,siblings,virtual_youtuber,1girl,2girls,5girls,maid,hetero,yuri
onee-shota	age_difference,incest,mother_and_son,hetero,size_difference,femdom,1boy,brother_and_sister,shotadom,futa_on_male,aunt_and_nephew,penis_size_difference,siblings,multiple_boys,3boys,2boys,interracial,1girl,interspecies,4boys,solo_focus,nun,multiple_girls,2girls,3girls,military,4girls,maid,virtual_youtuber
waitress	carhop,waiter,maid,wa_maid,enmaided,multiple_girls,1girl,solo,crossdressing,3girls,6+girls,5girls,2girls,4girls,multiple_boys,1boy,solo_focus,hetero,siblings,2boys,yuri,virtual_youtuber,male_focus
kitsune	kyuubi,aunt_and_niece,miko,mother_and_daughter,nekomata,multiple_girls,1girl,solo,3girls,2girls,6+girls,nontraditional_miko,4girls,sisters,1other,5girls,1boy,siblings,solo_focus,hetero,military,maid,yuri,virtual_youtuber,multiple_boys,male_focus
idol	k/da_(league_of_legends),virtual_youtuber,6+girls,3girls,multiple_girls,1girl,solo,5girls,twins,4girls,2girls,siblings,solo_focus,multiple_boys,1boy,hetero,2boys,male_focus,yuri
animal_focus	no_humans,clothed_animal,evolutionary_line,shiny_pokemon,clothed_pokemon,oversized_animal,1other,solo,solo_focus,1boy,1girl
everyone	6+boys,6+girls,absolutely_everyone,multiple_boys,anniversary,5boys,5girls,multiple_girls,4boys,in-franchise_crossover,siblings,sisters,dual_persona,3boys,twins,multiple_persona,karakasa_obake,brothers,4girls,multiple_others,brother_and_sister,ninja,maid,magical_girl,lolita_fashion,military,1other,nun,gothic_lolita,age_difference,3girls,2boys,crossdressing,no_humans,virtual_youtuber,yuri,1boy,male_focus,2girls,hetero,1girl
mecha_musume	personification,humanization,science_fiction,military,solo,1girl,multiple_girls,6+girls,2girls,3girls,solo_focus,virtual_youtuber,1boy
summer	winter,solo,1girl,multiple_girls,no_humans,2girls,4girls,virtual_youtuber,6+girls,3girls,bara,multiple_boys,5girls,2boys,siblings,sisters,male_focus,1boy,solo_focus,yuri,hetero
winter	christmas,new_year,summer,no_humans,1girl,multiple_girls,solo,couple,2girls,military,5girls,4girls,1other,multiple_boys,male_focus,6+girls,siblings,1boy,3girls,2boys,virtual_youtuber,yuri,solo_focus,hetero
animification	science_fiction,humanization,personification,multiple_boys,male_focus,2boys,6+boys,4boys,3boys,1boy,1girl,dual_persona,brother_and_sister,solo,multiple_girls,2girls,yaoi,couple,siblings,6+girls,1other,yuri,3girls,solo_focus,hetero
police	policewoman,policeman,bangboo_(zenless_zone_zero),science_fiction,multiple_boys,6+boys,multiple_girls,2boys,1girl,bara,1boy,2girls,3girls,solo,6+girls,male_focus,3boys,solo_focus,virtual_youtuber,4girls,military,hetero,siblings,yuri
anniversary	everyone,6+boys,6+girls,multiple_boys,multiple_girls,multiple_persona,5girls,4girls,brother_and_sister,3girls,3boys,siblings,twins,dual_persona,2boys,4boys,2girls,1girl,1other,virtual_youtuber,solo,1boy,male_focus,sisters,magical_girl,military,maid,yuri,solo_focus
race_queen	1girl,solo,multiple_girls,2girls,solo_focus,3girls,hetero,virtual_youtuber,1boy
5boys	multiple_boys,everyone,brothers,6+girls,5girls,male_focus,4girls,hetero,yaoi,solo_focus,multiple_girls,interracial,3girls,multiple_persona,bara,interspecies,crossdressing,brother_and_sister,siblings,age_difference,military,science_fiction,2girls,dual_persona,1other,1girl,maid,virtual_youtuber
multiple_persona	clone,6+girls,time_paradox,6+boys,3girls,5girls,4girls,multiple_girls,harem,everyone,multiple_boys,4boys,dark_persona,3boys,anniversary,5boys,dual_persona,magical_girl,male_focus,maid,military,yuri,siblings,2boys,1boy,virtual_youtuber,2girls,hetero,1girl,solo_focus,solo
nekomata	kitsune,multiple_girls,3girls,6+girls,solo,1girl,4girls,2girls,sisters,siblings,maid,yuri,solo_focus,1boy,hetero
dark_persona	corruption,possessed,alter_servant,dual_persona,dark_aura,alternate_universe,multiple_persona,magical_girl,multiple_girls,2girls,lolita_fashion,male_focus,1girl,solo,multiple_boys,1boy,2boys,virtual_youtuber,6+girls,3girls,yuri,hetero,solo_focus
unconventional_maid	maid,enmaided,1girl,solo,virtual_youtuber,multiple_girls,2girls,hetero,1boy,3girls,solo_focus,male_focus,multiple_boys
bride	wedding,groom,wife_and_wife,husband_and_wife,couple,yuri,crossdressing,1girl,hetero,solo,1boy,multiple_girls,2girls,solo_focus,siblings,3girls,multiple_boys,virtual_youtuber,2boys
jiangshi	halloween,karakasa_obake,6+girls,multiple_girls,2girls,3girls,1girl,4girls,5girls,solo,solo_focus,multiple_boys,hetero,1boy,2boys,yuri,virtual_youtuber
pervert	female_pervert,clothes_theft,theft,yuri,implied_yuri,multiple_girls,2girls,3girls,magical_girl,femdom,age_difference,4girls,5girls,6+girls,1boy,siblings,sisters,military,hetero,multiple_boys,solo_focus,2boys,maid,1girl,virtual_youtuber,solo
octoling	inkling,2girls,multiple_girls,4girls,1girl,1boy,solo,yuri,6+girls,3girls,multiple_boys,2boys,male_focus,hetero,solo_focus
knight	medieval,multiple_others,1other,6+boys,multiple_boys,male_focus,2boys,1boy,3boys,6+girls,1girl,solo,multiple_girls,4girls,3girls,2girls,solo_focus,hetero,virtual_youtuber
netorare	cheating_(relationship),interracial,hetero,multiple_boys,humiliation,2boys,1boy,3boys,solo_focus,age_difference,interspecies,4boys,1girl,multiple_girls,3girls,2girls,yuri,virtual_youtuber,solo
yandere	yandere_trance,horror_(theme),femdom,multiple_girls,1boy,1girl,virtual_youtuber,yuri,2girls,3girls,solo,military,4girls,solo_focus,hetero,maid,multiple_boys,male_focus
husband_and_wife	family,father_and_daughter,father_and_son,mother_and_daughter,mother_and_son,groom,wedding,couple,bride,1boy,hetero,brother_and_sister,multiple_boys,2boys,siblings,6+boys,3boys,multiple_girls,2girls,1girl,sisters,6+girls,3girls,solo_focus
policewoman	police,policeman,bangboo_(zenless_zone_zero),multiple_girls,1girl,2girls,solo,3girls,6+girls,1boy,solo_focus,virtual_youtuber,hetero,multiple_boys,yuri,2boys
oppai_loli	hetero,solo_focus,borrowed_character,1boy,1girl,solo,multiple_girls,2girls,3girls,multiple_boys,virtual_youtuber
female_pervert	pervert,yuri,implied_yuri,multiple_girls,2girls,magical_girl,3girls,femdom,4girls,age_difference,5girls,6+girls,sisters,siblings,1boy,military,solo_focus,hetero,maid,multiple_boys,2boys,1girl,virtual_youtuber,solo
humanization	mecha_musume,decepticon,personification,animification,science_fiction,dual_persona,male_focus,1other,bara,multiple_boys,1boy,1girl,solo,2boys,multiple_girls,2girls,yuri,3girls,solo_focus,hetero
karakasa_obake	jiangshi,6+girls,everyone,multiple_girls,3girls,2girls,solo,1girl,4girls,1boy
2others	multiple_others,dual_persona,solo_focus,science_fiction,multiple_boys,no_humans,3boys,6+girls,2boys,multiple_girls,1boy,siblings,military,3girls,male_focus,2girls,1girl,virtual_youtuber
father_and_daughter	family,mother_and_daughter,husband_and_wife,father_and_son,mother_and_son,incest,brother_and_sister,siblings,multiple_boys,brothers,2boys,6+boys,1boy,age_difference,3boys,sisters,multiple_girls,2girls,couple,6+girls,3girls,hetero,4girls,1girl,solo_focus
horror_(theme)	body_horror,eldritch_abomination,guro,surreal,death,yandere,multiple_others,no_humans,1other,male_focus,1girl,1boy,solo,multiple_boys,multiple_girls,2boys,2girls,virtual_youtuber,3girls,solo_focus
dancer	dancer_(fire_emblem:_three_houses),solo,1girl,multiple_girls,multiple_boys,2girls,solo_focus,3girls,1boy,hetero,virtual_youtuber
kyuubi	kitsune,mother_and_daughter,multiple_girls,1girl,solo,3girls,2girls,6+girls,4girls,1boy,solo_focus,hetero
family	father_and_daughter,mother_and_daughter,father_and_son,husband_and_wife,mother_and_son,brother_and_sister,brothers,siblings,multiple_boys,alternate_universe,2boys,sisters,couple,3boys,multiple_girls,3girls,2girls,6+boys,1boy,4boys,twins,4girls,age_difference,6+girls,hetero,yuri,1girl,male_focus,virtual_youtuber
clone	multiple_persona,selfcest,6+girls,dual_persona,multiple_girls,5girls,4girls,3girls,6+boys,multiple_boys,sisters,3boys,2girls,siblings,yuri,yaoi,2boys,male_focus,hetero,1boy,maid,virtual_youtuber,solo_focus,1girl
furry_with_non-furry	interspecies,pokephilia,yaoi,size_difference,hetero,bara,2boys,solo_focus,1boy,multiple_boys,couple,personification,male_focus,3boys,1other,1girl,yuri,2girls,multiple_girls
serval_print	multiple_girls,2girls,6+girls,4girls,3girls,yuri,1girl,solo,1boy
jirai_kei	virtual_youtuber,1girl,solo,multiple_girls,2girls,1boy,3girls,hetero,solo_focus
ancient_egyptian	1girl,solo,1boy,male_focus,multiple_boys,hetero,multiple_girls,solo_focus,2boys,2girls
goth_fashion	gothic_lolita,lolita_fashion,virtual_youtuber,1girl,solo,multiple_girls,2girls,1boy,male_focus,3girls,multiple_boys,yuri,solo_focus,hetero
mother_and_son	father_and_son,family,mother_and_daughter,husband_and_wife,father_and_daughter,incest,brother_and_sister,onee-shota,brothers,age_difference,motherly,siblings,alternate_universe,multiple_boys,2boys,twins,1boy,3boys,6+boys,hetero,multiple_girls,2girls,couple,sisters,6+girls,3girls,1girl
shiny_pokemon	mega_pokemon,clothed_pokemon,animal_focus,no_humans,evolutionary_line,pokephilia,personification,interspecies,1other,1girl,male_focus,1boy,multiple_girls,2girls,multiple_boys,solo,solo_focus,virtual_youtuber,hetero
instant_loss	hetero,interracial,1boy,interspecies,futa_with_female,solo_focus,multiple_boys,2boys,1girl,virtual_youtuber,multiple_girls,2girls,yuri,3girls,male_focus,solo
teacher	teacher_and_student,office_lady,age_difference,6+girls,multiple_boys,hetero,1girl,multiple_girls,1boy,solo,solo_focus,2boys,2girls,3girls,yuri,virtual_youtuber
yukkuri_shiteitte_ne	6+girls,no_humans,multiple_girls,3girls,2girls,4girls,maid,1girl,solo,1boy
brothers	siblings,father_and_son,brother_and_sister,multiple_boys,2boys,twins,mother_and_son,6+boys,family,3boys,4boys,male_focus,incest,5boys,father_and_daughter,everyone,yaoi,crossdressing,sisters,6+girls,multiple_girls,3girls,2girls,1girl,hetero
nontraditional_playboy_bunny	solo,1girl,virtual_youtuber,multiple_girls,2girls,3girls,solo_focus,hetero,1boy
pokephilia	interspecies,furry_with_non-furry,shiny_pokemon,hetero,size_difference,solo_focus,1boy,2boys,yaoi,multiple_boys,age_difference,1girl,2girls,multiple_girls,male_focus,yuri
tsundere	valentine,yuri,multiple_girls,couple,2girls,military,1boy,3girls,6+girls,4girls,1girl,hetero,solo,multiple_boys,solo_focus,virtual_youtuber
alternate_universe	role_reversal,mother_and_son,family,father_and_son,dark_persona,multiple_boys,mother_and_daughter,2boys,brother_and_sister,3boys,couple,male_focus,siblings,1boy,science_fiction,multiple_girls,2girls,4girls,3girls,yuri,1girl,hetero,solo
transformation	henshin,alternate_form,corruption,magical_girl,dual_persona,science_fiction,male_focus,1boy,no_humans,multiple_boys,2boys,multiple_girls,2girls,1girl,3girls,yuri,solo,virtual_youtuber,hetero
fusion	no_humans,science_fiction,male_focus,solo,1girl,1boy,multiple_girls,multiple_boys,virtual_youtuber,2girls
time_paradox	dual_persona,multiple_persona,mother_and_daughter,age_difference,multiple_boys,multiple_girls,6+boys,2girls,2boys,brother_and_sister,3girls,3boys,siblings,6+girls,4girls,magical_girl,male_focus,sisters,yuri,1boy,hetero,1girl
wa_maid	mixed_maids,maid,waitress,enmaided,virtual_youtuber,sisters,solo,1girl,multiple_girls,siblings,3girls,2girls,1boy
kodomo_doushi	incest,lolidom,twincest,yuri,brother_and_sister,femdom,yaoi,hetero,siblings,twins,2girls,2boys,multiple_boys,multiple_girls,1boy,sisters,male_focus,3girls,1girl
death	murder,guro,suicide,horror_(theme),multiple_others,6+boys,multiple_boys,1other,2boys,3boys,male_focus,multiple_girls,1boy,6+girls,2girls,military,solo_focus,4girls,3girls,1girl,solo,hetero
slave	humiliation,femdom,hetero,multiple_boys,solo_focus,3boys,2boys,yuri,multiple_girls,1boy,2girls,1girl,3girls,solo
corruption	dark_persona,possessed,transformation,magical_girl,dual_persona,1girl,solo,1boy,multiple_girls,hetero,2girls,male_focus,3girls,multiple_boys,solo_focus
onee-loli	age_difference,futa_with_female,yuri,incest,fff_threesome,mother_and_daughter,size_difference,femdom,2girls,multiple_girls,sisters,couple,3girls,siblings,4girls
slime_girl	interspecies,personification,6+girls,hetero,1girl,multiple_girls,1boy,yuri,solo,solo_focus,2girls,3girls,virtual_youtuber
wife_and_wife	wedding,bride,groom,yuri,couple,mother_and_daughter,2girls,multiple_girls,sisters,3girls,siblings,virtual_youtuber
people	multiple_others,solo_focus,6+boys,multiple_boys,6+girls,3boys,multiple_girls,2boys,3girls,4girls,1boy,2girls,male_focus,1girl,virtual_youtuber,hetero,solo
soldier	war,military,science_fiction,6+boys,multiple_others,multiple_boys,3boys,6+girls,2boys,multiple_girls,male_focus,3girls,1boy,1girl,2girls,solo_focus,solo
in-franchise_crossover	everyone,magical_girl,6+boys,6+girls,multiple_girls,multiple_boys,3girls,4girls,2girls,5girls,2boys,yuri,male_focus,1boy,1girl,solo
super_saiyan	super_saiyan_1,super_saiyan_4,super_saiyan_blue,saiyan,legendary_super_saiyan,father_and_son,male_focus,multiple_boys,6+boys,2boys,3boys,1boy,dual_persona,solo,1girl,hetero,multiple_girls,2girls
bangboo_(zenless_zone_zero)	policewoman,police,brother_and_sister,maid,1other,siblings,3girls,1boy,multiple_girls,1girl,2boys,multiple_boys,2girls,solo,solo_focus,male_focus
surreal	horror_(theme),no_humans,1other,male_focus,solo,1girl,multiple_girls,multiple_boys,1boy,2girls
alternate_form	transformation,male_focus,dual_persona,no_humans,multiple_boys,1boy,2boys,couple,1girl,multiple_girls,solo,2girls,hetero
sailor	6+girls,military,multiple_girls,2girls,3girls,multiple_boys,1girl,solo,yuri,male_focus,1boy
father_and_son	mother_and_son,family,father_and_daughter,husband_and_wife,brothers,mother_and_daughter,multiple_boys,brother_and_sister,2boys,super_saiyan,3boys,6+boys,alternate_universe,siblings,incest,4boys,male_focus,yaoi,bara,couple,age_difference,6+girls,multiple_girls,2girls,3girls,hetero,1girl
e.g.o_(project_moon)	1other,male_focus,1boy,multiple_boys,2boys,solo,1girl,multiple_girls,2girls
clothed_pokemon	shiny_pokemon,no_humans,animal_focus,maid,multiple_boys,male_focus,solo,1girl,1boy,solo_focus,multiple_girls,2girls
harem	6+girls,5girls,4girls,3girls,multiple_persona,hetero,multiple_girls,yuri,age_difference,1boy,sisters,siblings,multiple_boys
wedding	bride,groom,wife_and_wife,husband_and_wife,couple,yuri,hetero,1boy,multiple_girls,2girls,multiple_boys,2boys,1girl,solo_focus,solo,virtual_youtuber
humiliation	bullying,public_use,slave,penis_size_difference,femdom,netorare,interracial,multiple_boys,solo_focus,hetero,3boys,2boys,1boy,multiple_girls,3girls,yuri,1girl,2girls,virtual_youtuber,solo
guro	ero_guro,death,cannibalism,horror_(theme),1other,male_focus,multiple_boys,1boy,multiple_girls,2boys,1girl,solo_focus,2girls,solo,hetero
cheating_(relationship)	netorare,interracial,hetero,age_difference,1boy,multiple_boys,2boys,solo_focus,3boys,1girl,yuri,multiple_girls,2girls,3girls,solo
bisexual_female	sexual_coaching,incest,interracial,2girls,multiple_girls,hetero,1boy,2boys,multiple_boys,sisters,siblings,3girls,virtual_youtuber
year_of_the_rabbit	chinese_zodiac,new_year,solo,1girl,multiple_girls,2girls,virtual_youtuber,1boy
look-alike	multiple_girls,2girls,magical_girl,3girls,2boys,multiple_boys,male_focus,1girl,solo,1boy
prostitution	hetero,interracial,solo_focus,age_difference,1boy,multiple_boys,3boys,2boys,1girl,multiple_girls,2girls,solo
sangvis_ferri	6+girls,maid,multiple_girls,1girl,3girls,solo_focus,solo,2girls,hetero,1boy
evolutionary_line	no_humans,animal_focus,shiny_pokemon,male_focus,1boy,multiple_girls,1girl,2girls
year_of_the_tiger	chinese_zodiac,new_year,tiger_costume,solo,1girl,male_focus,multiple_girls,2girls,virtual_youtuber,1boy
furry_with_furry	interspecies,yaoi,couple,bara,2boys,hetero,multiple_boys,age_difference,yuri,1boy,male_focus,solo_focus,2girls,multiple_girls,1girl
mega_pokemon	shiny_pokemon,no_humans,personification,1other,1girl,multiple_boys,1boy,male_focus,solo,multiple_girls,2girls
pirate	virtual_youtuber,multiple_boys,male_focus,1girl,solo,2boys,multiple_girls,1boy,2girls,solo_focus,hetero
princess	1girl,multiple_girls,multiple_boys,virtual_youtuber,2girls,solo,1boy,yuri,hetero,solo_focus
creature_and_personification	personification,1girl,male_focus,multiple_girls,2girls,solo,1boy
hyur	bara,yaoi,multiple_boys,2boys,male_focus,multiple_girls,2girls,1boy,yuri,1girl,solo,hetero
fff_threesome	futa_with_female,3girls,futa_with_futa,onee-loli,yuri,incest,femdom,multiple_girls,sisters,age_difference,siblings
cousins	inkling,incest,2girls,multiple_girls,yuri,multiple_boys,siblings,6+girls,1boy,2boys,hetero,3girls,1girl
oversized_animal	animal_focus,no_humans,1other,male_focus,1girl,1boy,multiple_boys,solo,multiple_girls,2girls
selfcest	dual_persona,clone,yuri,futa_with_female,yaoi,2girls,multiple_girls,2boys,multiple_boys,male_focus,hetero,3girls,1boy,virtual_youtuber,1girl
twincest	incest,twins,siblings,sisters,brother_and_sister,kodomo_doushi,yuri,2girls,couple,multiple_girls,hetero,1boy,1girl
samurai	male_focus,multiple_boys,1boy,2boys,solo,1girl,multiple_girls,virtual_youtuber,2girls
year_of_the_ox	chinese_zodiac,new_year,solo,1girl,male_focus,multiple_girls,2girls,1boy
futa_with_futa	futa_without_pussy,penis_size_difference,futasub,fff_threesome,incest,2girls,multiple_girls,3girls,siblings
dominatrix	femdom,yuri,hetero,multiple_girls,2girls,1boy,1girl,solo,solo_focus
penis_size_difference	futa_on_male,onii-shota,futa_with_futa,yaoi,humiliation,size_difference,age_difference,2boys,interracial,onee-shota,multiple_boys,male_focus,crossdressing,bara,solo_focus,1boy,multiple_girls,2girls,hetero,1girl
clothed_animal	animal_focus,no_humans,multiple_boys,1girl,multiple_girls,virtual_youtuber,solo,2girls,1boy
festival	summer_festival,6+girls,multiple_girls,4girls,multiple_boys,3girls,2girls,solo_focus,1girl,1boy,solo
setsubun	mamemaki,multiple_girls,3girls,2girls,1girl,solo,1boy
ballerina	ballet,1girl,solo,multiple_girls,2girls,1boy
male_playboy_bunny	crossdressing,male_focus,yaoi,bara,2boys,multiple_boys,1boy,solo,solo_focus,1girl
implied_yuri	female_pervert,pervert,multiple_girls,2girls,3girls,1girl,solo
6+others	multiple_others,solo_focus,multiple_boys,multiple_girls,1boy,male_focus,virtual_youtuber,1girl,2girls
cat_day	solo,1girl,multiple_girls,2girls,virtual_youtuber,1boy
butler	female_butler,crossdressing,maid,enmaided,multiple_boys,2boys,1boy,multiple_girls,male_focus,3girls,2girls,1girl,solo
team_rocket	multiple_boys,1boy,2boys,male_focus,1girl,multiple_girls,hetero,2girls,solo
role_reversal	alternate_universe,yuri,multiple_girls,2girls,1boy,3girls,multiple_boys,hetero,1girl,solo
tanuki	multiple_girls,virtual_youtuber,2girls,1girl,solo,1boy
cowboy_western	cowboy,cowgirl_(western),multiple_boys,male_focus,1girl,solo,multiple_girls,1boy,virtual_youtuber,2girls
delinquent	sukeban,banchou,bousouzoku,multiple_girls,3girls,multiple_boys,2girls,1girl,virtual_youtuber,1boy,solo
weight_conscious	weight_gain,1girl,multiple_girls,2girls,solo,1boy
glutton	6+girls,multiple_girls,3girls,4girls,2girls,1girl,1boy,solo
ryona	abuse,hetero,solo_focus,multiple_boys,2boys,2girls,1boy,multiple_girls,yuri,1girl,solo
futa_without_pussy	newhalf_with_female,newhalf_with_male,male_on_futa,futa_with_futa,futa_with_female,2girls,multiple_girls,1boy,solo_focus,1girl,solo
year_of_the_dragon	chinese_zodiac,new_year,solo,male_focus,1girl,multiple_girls,1boy,2girls
ballet	ballerina,1girl,solo,multiple_girls,2girls,1boy
dark_aura	dark_persona,multiple_girls,3girls,1boy,male_focus,2girls,solo,1girl
exhausted	multiple_girls,3girls,1boy,multiple_boys,2girls,hetero,1girl,solo
mascot	virtual_youtuber,1girl,multiple_girls,solo,2girls,1boy
ho-kago_tea_time	5girls,4girls,6+girls,multiple_girls
bunny_day	solo,1girl,virtual_youtuber,2girls,multiple_girls,1boy
confession	yuri,2girls,multiple_girls,1girl,solo,1boy
futa_on_male	penis_size_difference,femdom,onee-shota,age_difference,incest,1boy,1girl,solo_focus,multiple_girls,2girls
friends	2boys,multiple_boys,multiple_girls,2girls,3girls,male_focus,1boy,1girl
angel_and_devil	dual_persona,yuri,2girls,multiple_girls,3girls,multiple_boys,1boy,1girl
bartender	multiple_girls,multiple_boys,2girls,1girl,solo,1boy
year_of_the_snake	chinese_zodiac,new_year,1girl,solo,multiple_girls
possessed	corruption,dark_persona,male_focus,multiple_boys,1boy,multiple_girls,2girls,1girl,solo
teacher_and_student	teacher,age_difference,yaoi,bara,multiple_boys,2boys,yuri,male_focus,hetero,multiple_girls,1boy,2girls,1girl
doctor	nurse,multiple_boys,2boys,male_focus,1boy,multiple_girls,2girls,hetero,1girl,solo
native_american	yuri,multiple_girls,1girl,solo,2girls,hetero,1boy
summer_festival	festival,multiple_girls,2girls,virtual_youtuber,1girl,solo,1boy
shinsengumi	multiple_boys,male_focus,solo,1girl,1boy,multiple_girls,2girls
chef	multiple_boys,2boys,multiple_girls,male_focus,1boy,1girl,2girls,solo
sheikah	hetero,1boy,1girl,solo,multiple_girls,2girls
k/da_(league_of_legends)	idol,1girl,solo,hetero,multiple_girls,2girls,1boy
evangelion_(mecha)	science_fiction,no_humans,1girl,solo,multiple_girls,1boy
male_maid	crossdressing,enmaided,maid,male_focus,yaoi,2boys,multiple_boys,1boy,solo,1girl
theft	clothes_theft,pervert,multiple_girls,3girls,2girls,1boy,1girl,solo
eldritch_abomination	horror_(theme),no_humans,1other,1boy,1girl,solo,multiple_girls,2girls
topless_female	hetero,1girl,solo_focus,1boy,solo,virtual_youtuber,2girls,multiple_girls
priest	nun,multiple_boys,male_focus,2boys,1boy,multiple_girls,hetero,2girls,1girl,solo
detective	virtual_youtuber,multiple_girls,multiple_boys,2girls,1girl,solo,1boy
motherly	mother_and_son,mother_and_daughter,multiple_girls,3girls,2girls,1boy,1girl
war	soldier,military,6+boys,science_fiction,no_humans,multiple_boys,multiple_girls,2girls,1boy,1girl,solo
sweet_lolita	lolita_fashion,solo,multiple_girls,1girl,2girls
abuse	ryona,interracial,hetero,solo_focus,multiple_boys,2boys,1boy,1girl,multiple_girls,solo
tengu	multiple_girls,1girl,solo,2girls,1boy
sick	multiple_girls,2girls,1boy,1girl,solo
masochism	femdom,yuri,multiple_girls,hetero,2girls,1boy,solo_focus,1girl,solo
public_use	humiliation,hetero,multiple_boys,solo_focus,1girl,1boy,multiple_girls,solo
asian	male_focus,solo,1girl,1boy,multiple_girls,2girls
astronaut	science_fiction,1other,virtual_youtuber,1girl,multiple_girls,solo,1boy
drugs	drugged,hetero,multiple_boys,solo_focus,1boy,1girl,multiple_girls,2girls,solo
chimera	no_humans,yuri,2girls,multiple_girls,1girl,1boy,solo
stripper	solo,solo_focus,1girl,multiple_girls,2girls
vore	size_difference,multiple_girls,2girls,1girl,1boy,solo
jester	1boy,1girl,multiple_girls,solo,2girls
henshin	transformation,magical_girl,1girl,solo,multiple_girls,1boy,2girls
objectification	no_humans,virtual_youtuber,multiple_girls,2girls,1girl,solo
holomyth	holocouncil,5girls,virtual_youtuber,6+girls,multiple_girls
self-harm	male_focus,solo,1girl,1boy
super_saiyan_1	super_saiyan,saiyan,male_focus,multiple_boys,2boys,1boy,solo,1girl
otaku	multiple_boys,1boy,male_focus,multiple_girls,1girl,solo,2girls
salaryman	office_lady,bara,yaoi,male_focus,2boys,multiple_boys,1boy,2girls,multiple_girls,1girl,solo
soccer	multiple_girls,solo,1girl,2girls
decepticon	science_fiction,humanization,no_humans,multiple_boys,1boy,solo,multiple_girls,1girl
playing	multiple_girls,multiple_boys,2girls,1boy,1girl,solo
futasub	futa_with_female,futa_with_futa,femdom,2girls,multiple_girls,solo_focus,1girl,solo
after_bathing	1girl,solo,1boy,multiple_girls
kono_lolicon_domome	solo,1girl
misunderstanding	3girls,multiple_girls,2girls,yuri,1boy,1girl
nudist	multiple_girls,solo,1girl,2girls
triplets	sisters,3girls,siblings,multiple_girls,4girls,1boy,hetero
gymnastics	rhythmic_gymnastics,1girl,solo,multiple_girls
gathers	solo,1girl,multiple_girls,2girls
lolidom	femdom,kodomo_doushi,age_difference,hetero,1boy,solo_focus,yuri,2girls,multiple_girls,1girl
personality_switch	body_switch,multiple_girls,2girls,1boy,1girl,solo
implied_yaoi	bara,male_focus,2boys,yaoi,multiple_boys,1boy,solo
united_states	military,multiple_girls,1girl,solo,2girls
sadism	femdom,hetero,1boy,solo_focus,multiple_girls,2girls,1girl
onmyouji	male_focus,solo,1boy,1girl,multiple_girls
super_saiyan_4	super_saiyan,saiyan,male_focus,multiple_boys,2boys,1boy,solo
medieval	knight,multiple_girls,1boy,1girl,2girls,solo
team_9_(touhou)	4girls,5girls,6+girls,multiple_girls
clown	multiple_boys,male_focus,1boy,multiple_girls,1girl,solo
chikan	hetero,multiple_boys,solo_focus,2boys,1boy,1girl
luna_nova_school_uniform	witch,yuri,multiple_girls,2girls,1girl,solo
sailor_senshi	inner_senshi,magical_girl,5girls,6+girls,multiple_girls,2girls,1girl
mmm_threesome	yaoi,3boys,bara,multiple_boys,male_focus,solo_focus
knight_(chess)	solo,1girl,multiple_girls
mummy	halloween,multiple_boys,multiple_girls,1girl,solo
standard_bearer	1girl,solo,multiple_girls
star_guardian_(league_of_legends)	magical_girl,1girl,solo,multiple_girls,1boy
bullying	humiliation,3girls,multiple_girls,2girls,1boy,1girl
mtu_virus	1girl
prank	multiple_girls,3girls,2girls,1boy,1girl
groom	wedding,bride,wife_and_wife,husband_and_wife,couple,yuri,hetero,1boy,multiple_boys,multiple_girls,2girls,1girl
implied_pregnancy	hetero,1boy,1girl,solo,multiple_girls
anal_only	hetero,solo_focus,1boy,1girl,solo
reverse_fellatio	hetero,multiple_boys,2boys,solo_focus,1boy,1girl,multiple_girls
drugged	drugs,hetero,multiple_boys,solo_focus,1boy,1girl,multiple_girls,solo
paizuri_invitation	solo,1girl
accident	multiple_girls,2girls,1girl,1boy,solo
aunt_and_niece	incest,kitsune,mother_and_daughter,sisters,siblings,3girls,multiple_girls,yuri,2girls
sexual_coaching	bisexual_female,hetero,2girls,multiple_girls,1boy,3girls
captured	interspecies,multiple_boys,hetero,solo_focus,1boy,1girl,multiple_girls,solo
pet	1girl,multiple_girls,1boy,solo
implied_after_sex	1boy,hetero,multiple_girls,2girls,1girl,solo
chuunibyou	multiple_girls,1girl,2girls,solo
warrior_(dq3)	multiple_girls,hetero,1girl,1boy,solo
josou_seme	yaoi,crossdressing,2boys,multiple_boys,male_focus,hetero,1boy,1girl
clothes_theft	theft,pervert,multiple_girls,2girls,1boy,1girl,solo
pilot	military,science_fiction,1boy,multiple_girls,1girl,solo
onii-shota	penis_size_difference,age_difference,yaoi,2boys,size_difference,multiple_boys,male_focus,bara
absolutely_everyone	everyone,6+boys,6+girls,multiple_boys,siblings,multiple_girls
game_development_department_(blue_archive)	twins,sisters,siblings,4girls,5girls,multiple_girls,maid
tentacles_on_male	bara,male_focus,yaoi,1boy,2boys,multiple_boys,solo,1girl
torture	solo_focus,hetero,1boy,multiple_girls,1girl,2girls,solo
suicide	death,male_focus,1boy,multiple_girls,solo,1girl
valkyrie	1girl,solo,multiple_girls
heart-shaped_boob_challenge	solo,1girl
crisis_management_form_(machimazo)	yuri,2girls,multiple_girls,1girl,solo
pegasus	multiple_girls,1girl,solo
themed_object	1girl,multiple_girls,solo
alternate_species	inkling,male_focus,1boy,1girl,multiple_girls,solo
toddlercon	age_difference,hetero,solo_focus,1boy,1girl,multiple_girls,solo
self_cosplay	magical_girl,1girl,solo,multiple_girls
easter	multiple_girls,1girl,solo,2girls
sheet_ghost	halloween,multiple_girls,2girls,1boy,1girl,solo
y2k_fashion	multiple_girls,1girl,2girls,solo
wizard	multiple_boys,male_focus,1boy,multiple_girls,solo,1girl
boy_sandwich	3boys,yaoi,multiple_boys,bara,2boys,male_focus,hetero,1girl
female_butler	butler,crossdressing,maid,multiple_girls,2girls,1girl,solo
step-siblings	step-sisters,step-brother_and_step-sister,brother_and_sister,siblings,sisters,yuri,multiple_boys,2girls,multiple_girls,1boy,1girl
body_horror	horror_(theme),1boy,solo,1girl
male_on_futa	newhalf_with_male,futa_without_pussy,solo_focus,1boy,multiple_boys,1girl
military_operator	military,1girl,solo,multiple_girls
saiyan	super_saiyan_4,super_saiyan,super_saiyan_1,male_focus,multiple_boys,1boy,solo,1girl
rabbit_costume	multiple_girls,2girls,1girl,solo
zenra	multiple_boys,multiple_girls,2girls,1girl,solo
masked	male_focus,multiple_boys,1boy,multiple_girls,1girl,solo
warrior	1girl,solo
travel_attendant	1girl,multiple_girls,solo
nazi	military,solo,1girl,multiple_girls
magician	1girl,solo,multiple_girls
strong	multiple_girls,1boy,2girls,1girl,solo
siren_(azur_lane)	multiple_girls,1girl,solo
martial_arts	kung_fu,1girl,1boy,multiple_girls,solo
policeman	police,policewoman,bara,multiple_boys,2boys,male_focus,1boy,multiple_girls,1girl
body_switch	personality_switch,multiple_girls,2girls,1boy,1girl
beach_volleyball	multiple_girls,2girls,1girl,solo
sukeban	delinquent,multiple_girls,2girls,1girl,solo
waiter	waitress,multiple_boys,2boys,male_focus,1boy,multiple_girls,1girl,solo
housewife	1girl,1boy,solo
murder	death,multiple_boys,1boy,multiple_girls,2girls,1girl
holocouncil	holomyth,5girls,6+girls,virtual_youtuber,multiple_girls
mechanic	solo,1girl,multiple_girls
victorian_maid	maid,enmaided,multiple_girls,1girl,solo
disguise	multiple_girls,2girls,1boy,1girl,solo
party	6+girls,multiple_boys,multiple_girls
team_magma	team_magma_uniform,multiple_boys,multiple_girls,1girl,solo
train_conductor	twins,sisters,siblings,2girls,multiple_girls,1girl,solo
japan_self-defense_force	japan_ground_self-defense_force,military,multiple_girls,1girl,solo
kyuudou	multiple_girls,solo,1girl
graduation	multiple_girls,1girl,solo
himejoshi	yuri,3girls,multiple_girls
yandere_trance	yandere,solo,1girl
teamwork	military,multiple_boys,multiple_girls,2girls
witch_(madoka_magica)	magical_girl,multiple_girls,1girl,solo
year_of_the_rooster	chinese_zodiac,new_year,1girl,solo
accidental_pervert	1boy,hetero,2girls,multiple_girls,1girl
cowboy	cowboy_western,male_focus,1boy,solo,1girl
fighting_game	multiple_girls,2girls,1girl,solo
tea_party_(blue_archive)	3girls,multiple_girls
tour_guide	1girl,solo
tennis	1girl,solo,multiple_girls
time_stop	hetero,multiple_girls,1boy,2girls,1girl
yuki_onna	1girl,solo
priestess	1girl,multiple_girls,solo
rhythmic_gymnastics	gymnastics,solo,1girl
paradeus	multiple_girls,1girl,solo
lifeguard	bara,male_focus,1boy,solo,1girl
inner_senshi	sailor_senshi,magical_girl,5girls,multiple_girls,2girls
kappa	multiple_girls,1girl,solo
magical_boy	magical_girl,male_focus,1boy,multiple_girls,solo,1girl
slice_of_life	multiple_girls,2girls,1girl,solo
too_many_cats	1girl,solo
funeral_dress	multiple_girls,2girls,1girl,solo
seraph	male_focus,1boy,solo,1girl
ainu	1boy,1girl,solo
familiar	1girl,solo
grass_root_youkai_network	3girls,multiple_girls
monk	multiple_boys,male_focus,1boy,1girl,solo
mamemaki	setsubun,multiple_girls,2girls,1girl,solo
ero_guro	guro,hetero,1boy,1girl,multiple_girls,solo
super_saiyan_blue	super_saiyan,male_focus,multiple_boys,2boys,1boy,solo
implied_incest	brother_and_sister,siblings,1boy,hetero,multiple_girls,1girl,solo
primarch	male_focus,multiple_boys,1boy,solo,1girl
quintuplets	5girls,sisters,siblings,multiple_girls
tiger_i	military,multiple_girls,1girl,solo
virgin	hetero,1boy,multiple_girls,1girl,solo
dinosaur_costume	virtual_youtuber,multiple_girls,1girl,solo
u.n._spacy	science_fiction,military,no_humans,1boy,1girl
uncle_and_niece	siblings,multiple_boys,1boy,multiple_girls,1girl
for_adoption	multiple_girls,solo,1girl
5others	multiple_others,1girl
tiger_costume	year_of_the_tiger,chinese_zodiac,new_year,multiple_girls,1girl,solo
firefighter	firefighter_jacket,solo,1girl
queen	1girl,solo
mascot_costume	multiple_girls,1girl,solo
hololive_fantasy	5girls,virtual_youtuber,multiple_girls
italy	multiple_girls,1girl,solo
cowgirl_(western)	cowboy_western,1girl,solo
dj	multiple_girls,1girl,solo
hannya	solo,1girl
weight_gain	weight_conscious,1girl,solo
aunt_and_nephew	onee-shota,age_difference,1boy,hetero,multiple_girls,1girl
banchou	delinquent,multiple_girls,1girl,solo
kidnapping	multiple_girls,1boy,1girl
bakeneko	1girl,solo
fujoshi	multiple_boys,multiple_girls,1girl,solo
kung_fu	martial_arts,1girl,solo
team_magma_uniform	team_magma,1girl,solo
prisoner	1girl,solo
cashier	multiple_girls,1girl
rivalry	2girls,multiple_girls
will-o'-the-wisp_(mythology)	1girl,solo
amazon_warrior	1girl,solo
imperial_japanese_navy	military,no_humans,1girl
buddhist_nun	nun,multiple_girls,1girl,solo
oiran	solo,1girl
genie	1girl,solo
phantom_thief	1girl,solo
mother_and_child	1other,multiple_girls,1girl
half-siblings	siblings,sisters,multiple_boys,multiple_girls,2girls
russian_clothes	1girl,solo
spartan_(halo)	science_fiction,male_focus,1boy,solo,1girl
n_corp._fanatic_(identity)_(project_moon)	1boy,1girl
muscular_uke	yaoi,bara,2boys,couple,multiple_boys,male_focus
other_with_female	1other,1girl
dancer_(fire_emblem:_three_houses)	dancer,solo,1girl
indian	solo,1girl
firefighter_jacket	firefighter,solo,1girl
implied_prostitution	1girl,solo
kidnapped	multiple_girls,1girl
neet	1girl,solo
moth_antennae	solo,1girl
cannibalism	guro,1girl
grandmother_and_granddaughter	multiple_girls,2girls
newhalf_with_female	futa_without_pussy,futa_with_female,2girls,multiple_girls
forced	multiple_girls,1girl
tea_party	multiple_girls
mixed-sex_combat	femdom,hetero,1boy,1girl
alter_servant	dark_persona,solo,1girl
holox	5girls,virtual_youtuber,multiple_girls
carhop	waitress,multiple_girls,1girl,solo
maid_cafe	maid,multiple_girls,1girl
scientist	science_fiction,1girl
destroyer	military,personification,1girl,solo
conductor	solo,1girl
lion_dance	solo,1girl
marching_band	1girl,solo
jedi	1girl,solo
panda_costume	multiple_girls,1girl
soapland	hetero,1boy,1girl
grandmother_and_grandson	1boy,1girl
newhalf_with_male	futa_without_pussy,male_on_futa,1boy,1girl
yakuza	1boy,1girl
magic_trick	1girl
husky	1girl
shadow_(shadows_house)	2girls,multiple_girls
punishment	multiple_girls,1girl
sleepover	multiple_girls
straw_hat_pirates	6+boys,multiple_boys,2girls,multiple_girls
school_nurse	1girl,solo
griffin	1girl
transgender_flag	solo,1girl
human_dog	1girl
titan_(titanfall)	science_fiction,1girl
demon_costume	multiple_girls,1girl
japan_ground_self-defense_force	japan_self-defense_force,military,1girl
sith	solo,1girl
imperium_of_man	1girl
master_and_servant	maid,yuri,2girls,multiple_girls
ethereal_(zenless_zone_zero)	1girl
prince	
necromancer	1girl
undersized_animal	no_humans
bee_costume	1girl
mixed_maids	wa_maid,maid,multiple_girls,2girls
barmaid	solo,1girl
coach	1girl
cub	1girl
blacksmith	solo,1girl
togruta	1girl,solo
science	1girl
argentina	
king	
yuujo	solo,1girl
nakai_(waitress)	1girl,solo
husband_and_husband	yaoi,couple,2boys,multiple_boys,male_focus
legendary_super_saiyan	super_saiyan,male_focus
step-sisters	step-siblings,sisters,siblings,yuri,2girls,multiple_girls
shotadom	onee-shota,age_difference,multiple_boys,1girl
sumo	
netorase	hetero,1girl
male_harem	multiple_boys,1girl
reverse_ryona	femdom,hetero,1boy,1girl
shadaloo_dolls	1girl,solo
bimbofication	1girl
pink_cat	1girl
toucan	1girl
year_of_the_goat	chinese_zodiac,new_year,solo,1girl
grandfather_and_grandson	multiple_boys
gladiator	1girl
ravenclaw	
aquarius_(constellation)	solo,1girl
barbarian	1girl
food_costume	1girl
stormtrooper	
qi_maid	maid,1girl
dinosaur_hood	1girl
farmer	
fox_costume	multiple_girls
shinto	
mailman	1girl
croupier	solo,1girl
step-brother_and_step-sister	step-siblings,brother_and_sister,siblings,1boy,1girl
forced_partners	2girls,multiple_girls
german_army	military
quincy_(bleach)	
gangster	
mexican_clothes	
anglerfish_costume	
united_states_marine_corps	
antelope_horns	
armored_trooper	
organization_xiii	
bousouzoku	delinquent
paladin	
cupid	
caveman	
politician	
security_guard	
heian	
geisha	
gold_saint	
ninjutsu_research_club_(blue_archive)	multiple_girls
thief	
guide	
harlequin	
photographer	
zookeeper	
british_army	
cavalry	
mandalorian	
uncle_and_nephew	multiple_boys
dragoon	
plague_doctor	
combat_medic	
jockey	
