1girl	solo,1boy,hetero,virtual_youtuber,solo_focus,maid,multiple_boys,military,2boys,magical_girl,1other,christmas,couple,personification,3boys,age_difference,halloween,lolita_fashion,enmaided,borrowed_character,siblings,interracial,nun,brother_and_sister,valentine,cheerleader,science_fiction,nontraditional_miko,new_year,office_lady,miko,gothic_lolita,witch,nurse,chinese_zodiac,ninja,onee-shota,size_difference,mecha_musume,interspecies,inkling,waitress,kitsune,race_queen,idol,femdom,4boys,summer,winter,police,animification,unconventional_maid,nekomata,bride,incest,dark_persona,oppai_loli,dual_persona,netorare,crossdressing,anniversary,multiple_others,dancer,yandere,policewoman,husband_and_wife,jiangshi,6+boys,jirai_kei,octoling,ancient_egyptian,goth_fashion,humanization,kyuubi,instant_loss,male_focus,nontraditional_playboy_bunny,furry_with_non-furry,twins,pokephilia,karakasa_obake,knight,teacher,5boys,horror_(theme),wa_maid,slime_girl,mother_and_son,corruption,tsundere,slave,father_and_daughter,transformation,bangboo_(zenless_zone_zero),prostitution,cheating_(relationship),fusion,pervert,serval_print,year_of_the_tiger
solo	1girl,virtual_youtuber,1boy,male_focus,maid,military,magical_girl,christmas,no_humans,bara,enmaided,lolita_fashion,halloween,science_fiction,personification,borrowed_character,valentine,nun,new_year,nontraditional_miko,cheerleader,crossdressing,1other,gothic_lolita,miko,chinese_zodiac,office_lady,witch,nurse,ninja,mecha_musume,waitress,race_queen,idol,kitsune,inkling,summer,winter,nekomata,unconventional_maid,animification,police,dark_persona,bride,dancer,animal_focus,anniversary,jiangshi,jirai_kei,policewoman,oppai_loli,goth_fashion,nontraditional_playboy_bunny,ancient_egyptian,yandere,karakasa_obake,humanization,kyuubi,octoling,knight,wa_maid,horror_(theme),fusion,teacher,corruption,slime_girl,year_of_the_tiger,year_of_the_rabbit,super_saiyan,surreal,serval_print,e.g.o_(project_moon),year_of_the_ox,pirate,tsundere,transformation,sailor,slave,sangvis_ferri,bangboo_(zenless_zone_zero),shiny_pokemon,princess,ballerina,samurai,guro,clothed_pokemon,soldier,alternate_form,cat_day,bunny_day,hyur,year_of_the_dragon,ballet,cowboy_western,dominatrix,setsubun,weight_conscious,kono_lolicon_domome,year_of_the_snake,shinsengumi
multiple_girls	2girls,yuri,3girls,1boy,4girls,multiple_boys,siblings,6+girls,sisters,virtual_youtuber,5girls,hetero,solo_focus,maid,2boys,military,dual_persona,twins,couple,magical_girl,futa_with_female,3boys,mother_and_daughter,age_difference,6+boys,everyone,christmas,nontraditional_miko,incest,1other,4boys,femdom,halloween,multiple_persona,nun,size_difference,enmaided,brother_and_sister,inkling,lolita_fashion,new_year,personification,pervert,miko,female_pervert,valentine,family,clone,5boys,anniversary,onee-loli,interracial,wife_and_wife,witch,borrowed_character,science_fiction,time_paradox,harem,gothic_lolita,father_and_daughter,waitress,in-franchise_crossover,bisexual_female,cheerleader,serval_print,idol,nurse,kitsune,fff_threesome,octoling,jiangshi,police,crossdressing,nekomata,interspecies,multiple_others,chinese_zodiac,yukkuri_shiteitte_ne,office_lady,karakasa_obake,summer,kodomo_doushi,ninja,winter,futa_with_futa,dark_persona,mother_and_son,husband_and_wife,selfcest,animification,onee-shota,cousins,twincest,policewoman,ho-kago_tea_time,yandere,look-alike,tsundere,bride,alternate_universe
1boy	1girl,hetero,solo_focus,male_focus,solo,multiple_girls,2girls,virtual_youtuber,couple,siblings,bara,age_difference,3girls,crossdressing,brother_and_sister,military,interracial,maid,onee-shota,size_difference,femdom,4girls,1other,interspecies,incest,6+girls,twins,husband_and_wife,sisters,science_fiction,5girls,netorare,nun,christmas,father_and_daughter,dual_persona,borrowed_character,personification,mother_and_daughter,furry_with_non-furry,instant_loss,mother_and_son,enmaided,halloween,pokephilia,family,bisexual_female,office_lady,harem,ninja,magical_girl,nurse,nontraditional_miko,lolita_fashion,animification,cheerleader,inkling,super_saiyan,multiple_others,cheating_(relationship),yuri,knight,valentine,oppai_loli,police,kodomo_doushi,alternate_universe,futa_on_male,miko,pervert,furry_with_furry,yandere,male_playboy_bunny,new_year,bride,transformation,prostitution,anniversary,gothic_lolita,alternate_form,dark_persona,octoling,humanization,death,waitress,wedding,witch,kitsune,winter,chinese_zodiac,tsundere,e.g.o_(project_moon),female_pervert,male_maid,horror_(theme),slave,policewoman,bangboo_(zenless_zone_zero),multiple_persona,2others
2girls	multiple_girls,yuri,1boy,siblings,sisters,virtual_youtuber,multiple_boys,hetero,solo_focus,maid,2boys,dual_persona,twins,couple,military,futa_with_female,mother_and_daughter,magical_girl,age_difference,incest,femdom,christmas,3boys,nontraditional_miko,halloween,1other,inkling,size_difference,enmaided,wife_and_wife,brother_and_sister,onee-loli,lolita_fashion,interracial,pervert,new_year,female_pervert,personification,valentine,4boys,miko,borrowed_character,family,bisexual_female,nun,science_fiction,time_paradox,father_and_daughter,6+boys,octoling,witch,interspecies,kodomo_doushi,serval_print,gothic_lolita,futa_with_futa,nurse,selfcest,cheerleader,waitress,kitsune,office_lady,twincest,chinese_zodiac,police,in-franchise_crossover,winter,dark_persona,anniversary,jiangshi,husband_and_wife,mother_and_son,cousins,summer,crossdressing,animification,clone,nekomata,idol,5boys,yukkuri_shiteitte_ne,onee-shota,ninja,multiple_others,karakasa_obake,look-alike,angel_and_devil,policewoman,bride,yandere,tsundere,unconventional_maid,netorare,alternate_universe,humanization,race_queen,death,kyuubi,wedding,friends
hetero	1girl,1boy,solo_focus,multiple_boys,multiple_girls,2girls,couple,2boys,virtual_youtuber,age_difference,interracial,3boys,onee-shota,interspecies,femdom,siblings,3girls,maid,incest,size_difference,4boys,netorare,brother_and_sister,military,furry_with_non-furry,instant_loss,husband_and_wife,borrowed_character,pokephilia,6+boys,sisters,5boys,cheating_(relationship),nun,4girls,harem,twins,kodomo_doushi,oppai_loli,bisexual_female,christmas,prostitution,nurse,6+girls,cheerleader,furry_with_furry,magical_girl,crossdressing,mother_and_daughter,office_lady,mother_and_son,slave,humiliation,personification,5girls,bride,dual_persona,father_and_daughter,miko,ninja,1other,wedding,chikan,reverse_fellatio,twincest,abuse,lolidom,pervert,sexual_coaching,teacher,enmaided,lolita_fashion,halloween,nontraditional_miko,police,kitsune,family,sadism,slime_girl,waitress,female_pervert,inkling,jiangshi,ryona,male_focus,valentine,gothic_lolita,public_use,toddlercon,yandere,witch,clone,drugged,policewoman,race_queen,ancient_egyptian,tsundere,anal_only,groom,unconventional_maid
virtual_youtuber	1girl,solo,multiple_girls,2girls,1boy,hetero,solo_focus,yuri,maid,3girls,male_focus,multiple_boys,5girls,4girls,siblings,sisters,2boys,twins,6+girls,1other,lolita_fashion,nun,christmas,enmaided,nurse,jirai_kei,interracial,idol,halloween,gothic_lolita,dual_persona,nontraditional_miko,3boys,valentine,holomyth,couple,office_lady,cheerleader,pirate,wa_maid,new_year,crossdressing,summer,multiple_others,holocouncil,anniversary,yandere,witch,age_difference,futa_with_female,no_humans,police,4boys,mother_and_daughter,unconventional_maid,goth_fashion,science_fiction,mascot,miko,chinese_zodiac,dark_persona,winter,detective,hololive_fantasy,everyone,policewoman,military,femdom,yaoi,multiple_persona,size_difference,6+boys,magical_girl,holox,nontraditional_playboy_bunny,horror_(theme),instant_loss,onee-shota,race_queen,2others,kitsune,bride,pervert,waitress,borrowed_character,female_pervert,princess,bara,5boys,tanuki,clone,fusion,personification,wife_and_wife,netorare,jiangshi,ninja,bunny_day,oppai_loli,dancer
solo_focus	1girl,hetero,1boy,multiple_boys,multiple_girls,2girls,virtual_youtuber,2boys,male_focus,1other,3boys,interracial,3girls,yaoi,maid,4boys,age_difference,interspecies,yuri,bara,femdom,military,4girls,size_difference,6+boys,multiple_others,borrowed_character,siblings,5boys,netorare,furry_with_non-furry,people,nun,crossdressing,pokephilia,6+girls,christmas,magical_girl,cheerleader,office_lady,5girls,oppai_loli,nurse,futa_with_female,onee-shota,instant_loss,incest,sisters,2others,humiliation,personification,couple,brother_and_sister,prostitution,science_fiction,cheating_(relationship),enmaided,halloween,miko,slave,police,lolita_fashion,ninja,nontraditional_miko,waitress,valentine,chikan,abuse,no_humans,pervert,kitsune,jiangshi,idol,witch,furry_with_furry,6+others,reverse_fellatio,penis_size_difference,dual_persona,female_pervert,policewoman,gothic_lolita,bride,death,new_year,teacher,yandere,race_queen,twins,inkling,ryona,male_on_futa,mother_and_daughter,summer,public_use,slime_girl,animification,winter,chinese_zodiac,knight
male_focus	1boy,solo,multiple_boys,2boys,yaoi,bara,crossdressing,solo_focus,3boys,virtual_youtuber,couple,4boys,1girl,maid,6+boys,siblings,super_saiyan,size_difference,dual_persona,military,brothers,1other,science_fiction,interracial,5boys,male_playboy_bunny,age_difference,enmaided,interspecies,animification,personification,multiple_girls,father_and_son,male_maid,christmas,knight,ninja,penis_size_difference,mmm_threesome,implied_yaoi,multiple_persona,alternate_universe,halloween,super_saiyan_1,super_saiyan_4,nun,onii-shota,alternate_form,humanization,furry_with_non-furry,tentacles_on_male,2girls,chinese_zodiac,e.g.o_(project_moon),dark_persona,multiple_others,transformation,borrowed_character,police,twins,josou_seme,furry_with_furry,samurai,lolita_fashion,hyur,new_year,anniversary,death,time_paradox,winter,horror_(theme),valentine,hetero,salaryman,incest,super_saiyan_blue,saiyan,no_humans,summer,clone,guro,muscular_uke,boy_sandwich,kodomo_doushi,fusion,priest,selfcest,ancient_egyptian,soldier,inkling,surreal,pirate,teacher_and_student,cheerleader,primarch,2others,3girls,magical_boy,butler,nurse
multiple_boys	2boys,male_focus,1girl,multiple_girls,hetero,3boys,yaoi,solo_focus,2girls,4boys,6+boys,bara,3girls,6+girls,siblings,5boys,4girls,crossdressing,couple,interracial,virtual_youtuber,everyone,age_difference,brothers,dual_persona,brother_and_sister,5girls,military,size_difference,maid,interspecies,father_and_son,1other,science_fiction,family,twins,netorare,mother_and_son,father_and_daughter,sisters,onee-shota,multiple_persona,anniversary,animification,christmas,multiple_others,super_saiyan,husband_and_wife,ninja,mother_and_daughter,alternate_universe,furry_with_non-furry,penis_size_difference,halloween,nun,time_paradox,knight,yuri,incest,mmm_threesome,police,onii-shota,soldier,enmaided,personification,borrowed_character,boy_sandwich,furry_with_furry,kodomo_doushi,in-franchise_crossover,clone,magical_girl,bisexual_female,humiliation,death,inkling,cheating_(relationship),people,male_playboy_bunny,new_year,josou_seme,lolita_fashion,office_lady,slave,hyur,2others,absolutely_everyone,dark_persona,super_saiyan_1,pokephilia,alternate_form,witch,implied_yaoi,instant_loss,prostitution,male_maid,summer,nurse,humanization,waitress
yuri	multiple_girls,2girls,couple,3girls,virtual_youtuber,siblings,sisters,incest,femdom,4girls,age_difference,wife_and_wife,maid,onee-loli,solo_focus,6+girls,military,pervert,female_pervert,magical_girl,twins,5girls,dual_persona,fff_threesome,1boy,kodomo_doushi,selfcest,interracial,twincest,valentine,mother_and_daughter,interspecies,size_difference,multiple_boys,christmas,borrowed_character,nontraditional_miko,bride,harem,wedding,inkling,halloween,furry_with_furry,2boys,miko,tsundere,nun,personification,angel_and_devil,clone,himejoshi,nurse,office_lady,lolita_fashion,yandere,enmaided,serval_print,teacher_and_student,confession,witch,cousins,dominatrix,multiple_persona,animification,slave,role_reversal,octoling,science_fiction,hetero,new_year,dark_persona,family,1other,time_paradox,netorare,winter,gothic_lolita,police,furry_with_non-furry,crossdressing,groom,everyone,slime_girl,step-siblings,in-franchise_crossover,waitress,luna_nova_school_uniform,nekomata,alternate_universe,humanization,step-sisters,3boys,cheating_(relationship),humiliation,policewoman,kitsune,crisis_management_form_(machimazo),masochism,transformation,aunt_and_niece
3girls	multiple_girls,1boy,multiple_boys,yuri,siblings,virtual_youtuber,sisters,solo_focus,hetero,2boys,maid,military,3boys,fff_threesome,mother_and_daughter,multiple_persona,1other,dual_persona,twins,magical_girl,futa_with_female,age_difference,4boys,christmas,6+boys,halloween,nontraditional_miko,harem,nun,enmaided,brother_and_sister,5boys,new_year,family,femdom,pervert,personification,clone,female_pervert,miko,lolita_fashion,idol,anniversary,triplets,witch,incest,size_difference,valentine,cheerleader,couple,nekomata,waitress,kitsune,everyone,science_fiction,in-franchise_crossover,inkling,time_paradox,multiple_others,police,father_and_daughter,yukkuri_shiteitte_ne,grass_root_youkai_network,tea_party_(blue_archive),gothic_lolita,ninja,crossdressing,nurse,borrowed_character,karakasa_obake,summer,office_lady,chinese_zodiac,interracial,onee-shota,jiangshi,onee-loli,serval_print,netorare,policewoman,yandere,aunt_and_niece,winter,kyuubi,bisexual_female,bangboo_(zenless_zone_zero),mother_and_son,glutton,people,male_focus,octoling,tsundere,husband_and_wife,dark_persona,interspecies,futa_with_futa,look-alike,wife_and_wife,alternate_universe,himejoshi
2boys	multiple_boys,male_focus,1girl,yaoi,multiple_girls,hetero,solo_focus,2girls,bara,couple,3girls,siblings,crossdressing,interracial,4girls,age_difference,virtual_youtuber,dual_persona,brothers,size_difference,brother_and_sister,interspecies,father_and_son,6+girls,maid,military,1other,family,mother_and_son,netorare,twins,5girls,science_fiction,father_and_daughter,furry_with_non-furry,penis_size_difference,husband_and_wife,onee-shota,christmas,mother_and_daughter,incest,sisters,animification,alternate_universe,onii-shota,super_saiyan,halloween,furry_with_furry,multiple_others,time_paradox,enmaided,ninja,kodomo_doushi,nun,bisexual_female,josou_seme,yuri,everyone,police,anniversary,male_playboy_bunny,personification,knight,borrowed_character,cheating_(relationship),implied_yaoi,boy_sandwich,pokephilia,inkling,death,male_maid,muscular_uke,humiliation,selfcest,new_year,hyur,office_lady,magical_girl,instant_loss,clone,dark_persona,alternate_form,lolita_fashion,friends,in-franchise_crossover,teacher_and_student,salaryman,humanization,people,super_saiyan_1,summer,slave,winter,multiple_persona,reverse_fellatio,transformation,2others,butler,nurse,valentine
maid	1girl,solo,multiple_girls,enmaided,2girls,1boy,unconventional_maid,virtual_youtuber,hetero,3girls,solo_focus,wa_maid,crossdressing,6+girls,male_focus,yuri,siblings,multiple_boys,sisters,4girls,twins,2boys,5girls,waitress,male_maid,1other,valentine,butler,lolita_fashion,victorian_maid,everyone,3boys,dual_persona,bangboo_(zenless_zone_zero),age_difference,borrowed_character,yaoi,military,gothic_lolita,femdom,halloween,6+boys,couple,nurse,maid_cafe,multiple_persona,4boys,futa_with_female,miko,mixed_maids,female_butler,sangvis_ferri,nun,nontraditional_miko,master_and_servant,brother_and_sister,personification,size_difference,christmas,interracial,witch,qi_maid,kitsune,pervert,onee-shota,nekomata,incest,female_pervert,multiple_others,clothed_pokemon,anniversary,science_fiction,yandere,game_development_department_(blue_archive),clone,mother_and_daughter,5boys,magical_girl,yukkuri_shiteitte_ne,new_year
siblings	multiple_girls,sisters,2girls,twins,1boy,brother_and_sister,1girl,incest,multiple_boys,3girls,hetero,yuri,2boys,brothers,4girls,6+girls,maid,virtual_youtuber,male_focus,twincest,5girls,mother_and_daughter,age_difference,solo_focus,3boys,family,mother_and_son,6+boys,everyone,father_and_daughter,father_and_son,military,4boys,couple,onee-shota,crossdressing,step-siblings,christmas,game_development_department_(blue_archive),lolita_fashion,dual_persona,femdom,halloween,futa_with_female,quintuplets,kodomo_doushi,husband_and_wife,1other,yaoi,enmaided,anniversary,5boys,triplets,new_year,aunt_and_niece,alternate_universe,bisexual_female,gothic_lolita,time_paradox,half-siblings,size_difference,fff_threesome,nun,multiple_others,clone,magical_girl,miko,personification,implied_incest,valentine,step-sisters,onee-loli,bangboo_(zenless_zone_zero),pervert,animification,harem,winter,idol,interracial,kitsune,ninja,solo,female_pervert,train_conductor,multiple_persona,summer,cousins,cheerleader,witch,science_fiction,step-brother_and_step-sister,uncle_and_niece,waitress,nekomata,chinese_zodiac,absolutely_everyone,police,2others,wa_maid,wife_and_wife
4girls	multiple_girls,multiple_boys,1boy,yuri,siblings,virtual_youtuber,2boys,sisters,maid,solo_focus,military,hetero,3boys,4boys,6+boys,twins,nontraditional_miko,magical_girl,multiple_persona,1other,harem,nun,5boys,everyone,dual_persona,mother_and_daughter,halloween,christmas,anniversary,game_development_department_(blue_archive),age_difference,brother_and_sister,enmaided,clone,futa_with_female,new_year,team_9_(touhou),ho-kago_tea_time,personification,pervert,lolita_fashion,female_pervert,size_difference,miko,femdom,family,valentine,witch,inkling,in-franchise_crossover,waitress,couple,idol,crossdressing,multiple_others,serval_print,nekomata,summer,ninja,cheerleader,kitsune,octoling,gothic_lolita,science_fiction,yukkuri_shiteitte_ne,winter,chinese_zodiac,jiangshi,nurse,time_paradox,police,karakasa_obake,father_and_daughter,yandere,alternate_universe,incest,festival,triplets,knight,tsundere,borrowed_character,people,kyuubi,onee-shota,glutton,onee-loli,death,office_lady
military	1girl,solo,multiple_girls,1boy,2girls,3girls,hetero,multiple_boys,6+girls,male_focus,solo_focus,science_fiction,soldier,yuri,4girls,no_humans,2boys,5girls,nontraditional_miko,personification,mecha_musume,siblings,war,6+boys,couple,3boys,japan_self-defense_force,sisters,pilot,1other,maid,tiger_i,nazi,virtual_youtuber,everyone,dual_persona,size_difference,valentine,multiple_others,imperial_japanese_navy,4boys,age_difference,military_operator,destroyer,japan_ground_self-defense_force,5boys,u.n._spacy,sailor,united_states,winter,pervert,christmas,mother_and_daughter,femdom,multiple_persona,tsundere,police,yandere,anniversary,crossdressing,female_pervert,new_year,magical_girl,death,bara,german_army,kitsune,2others,yaoi,borrowed_character,onee-shota,teamwork,lolita_fashion
no_humans	solo,science_fiction,animal_focus,military,evolutionary_line,shiny_pokemon,fusion,clothed_pokemon,1boy,clothed_animal,virtual_youtuber,1girl,horror_(theme),decepticon,solo_focus,multiple_others,male_focus,multiple_boys,mega_pokemon,evangelion_(mecha),winter,yukkuri_shiteitte_ne,size_difference,objectification,summer,surreal,multiple_girls,2boys,alternate_form,2others,eldritch_abomination,halloween,oversized_animal,u.n._spacy,christmas,war,everyone,transformation,imperial_japanese_navy,undersized_animal,chimera,2girls,1other,chinese_zodiac
6+girls	multiple_girls,multiple_boys,everyone,1boy,6+boys,maid,siblings,military,sisters,yuri,virtual_youtuber,2boys,multiple_persona,hetero,nontraditional_miko,3boys,solo_focus,magical_girl,clone,dual_persona,4boys,nun,twins,anniversary,1other,harem,absolutely_everyone,5boys,christmas,lolita_fashion,personification,karakasa_obake,miko,in-franchise_crossover,mother_and_daughter,halloween,age_difference,brother_and_sister,jiangshi,witch,gothic_lolita,yukkuri_shiteitte_ne,idol,new_year,size_difference,multiple_others,ninja,sailor,crossdressing,enmaided,couple,science_fiction,waitress,nurse,cheerleader,holocouncil,team_9_(touhou),nekomata,glutton,serval_print,valentine,inkling,kitsune,pervert,time_paradox,father_and_daughter,festival,female_pervert,ho-kago_tea_time,police,holomyth,party,sangvis_ferri,summer,futa_with_female,family,femdom,brothers,sailor_senshi,borrowed_character,2others,people,winter,knight,animification,chinese_zodiac,teacher,office_lady,mother_and_son,husband_and_wife,death,soldier,slime_girl,dark_persona,octoling,cousins,mecha_musume,father_and_son,kyuubi,policewoman
sisters	siblings,multiple_girls,2girls,twins,3girls,yuri,incest,1boy,4girls,virtual_youtuber,hetero,maid,6+girls,5girls,multiple_boys,twincest,mother_and_daughter,age_difference,brother_and_sister,solo_focus,2boys,everyone,military,game_development_department_(blue_archive),family,quintuplets,lolita_fashion,futa_with_female,christmas,couple,halloween,father_and_daughter,6+boys,3boys,triplets,enmaided,femdom,aunt_and_niece,1girl,fff_threesome,step-siblings,bisexual_female,new_year,1other,gothic_lolita,step-sisters,clone,dual_persona,kodomo_doushi,miko,4boys,onee-loli,nun,brothers,magical_girl,train_conductor,kitsune,valentine,harem,personification,anniversary,pervert,female_pervert,mother_and_son,cheerleader,nekomata,time_paradox,husband_and_wife,wife_and_wife,size_difference,wa_maid,interracial,summer,half-siblings
1other	1girl,solo_focus,solo,multiple_girls,1boy,2girls,multiple_boys,virtual_youtuber,male_focus,3girls,2boys,4girls,6+girls,hetero,maid,science_fiction,3boys,size_difference,knight,6+boys,siblings,military,personification,horror_(theme),dual_persona,5girls,other_with_female,4boys,interspecies,everyone,yuri,e.g.o_(project_moon),sisters,christmas,halloween,humanization,animal_focus,nun,bangboo_(zenless_zone_zero),astronaut,brother_and_sister,death,anniversary,surreal,enmaided,couple,crossdressing,bara,furry_with_non-furry,eldritch_abomination,kitsune,winter,witch,5boys,lolita_fashion,animification,borrowed_character,shiny_pokemon,guro,magical_girl,mega_pokemon,no_humans,valentine,mother_and_child,oversized_animal
magical_girl	1girl,solo,multiple_girls,2girls,1boy,yuri,5girls,3girls,hetero,6+girls,solo_focus,dual_persona,4girls,sailor_senshi,multiple_boys,in-franchise_crossover,inner_senshi,star_guardian_(league_of_legends),dark_persona,virtual_youtuber,pervert,female_pervert,witch_(madoka_magica),everyone,2boys,henshin,magical_boy,corruption,multiple_persona,transformation,siblings,crossdressing,lolita_fashion,couple,personification,sisters,self_cosplay,witch,3boys,male_focus,military,time_paradox,6+boys,1other,maid,anniversary,look-alike,femdom
couple	1boy,1girl,hetero,multiple_girls,2girls,yuri,multiple_boys,2boys,male_focus,yaoi,bara,husband_and_wife,virtual_youtuber,wife_and_wife,solo_focus,siblings,wedding,interracial,size_difference,age_difference,military,bride,3girls,interspecies,incest,family,sisters,furry_with_furry,groom,brother_and_sister,crossdressing,3boys,christmas,maid,valentine,6+girls,4girls,mother_and_daughter,furry_with_non-furry,twins,alternate_universe,magical_girl,science_fiction,winter,femdom,father_and_daughter,6+boys,dual_persona,twincest,1other,onee-loli,father_and_son,animification,borrowed_character,mother_and_son,5girls,halloween,4boys,tsundere,office_lady,alternate_form,husband_and_husband,muscular_uke
3boys	multiple_boys,1girl,hetero,multiple_girls,male_focus,solo_focus,2girls,3girls,yaoi,4girls,siblings,bara,interracial,6+girls,virtual_youtuber,crossdressing,5girls,age_difference,mmm_threesome,brothers,brother_and_sister,military,dual_persona,maid,1other,father_and_son,everyone,interspecies,onee-shota,science_fiction,multiple_persona,family,size_difference,netorare,boy_sandwich,sisters,father_and_daughter,couple,twins,mother_and_son,multiple_others,anniversary,christmas,alternate_universe,super_saiyan,animification,ninja,yuri,mother_and_daughter,nun,halloween,time_paradox,knight,husband_and_wife,humiliation,magical_girl,soldier,clone,police,furry_with_non-furry,personification,enmaided,borrowed_character,cheating_(relationship),2others,death,incest,slave,office_lady,prostitution,people
5girls	multiple_girls,1boy,multiple_boys,virtual_youtuber,siblings,yuri,sisters,magical_girl,maid,military,2boys,ho-kago_tea_time,solo_focus,hetero,everyone,3boys,6+boys,holomyth,twins,multiple_persona,4boys,nun,5boys,harem,quintuplets,nontraditional_miko,christmas,anniversary,1other,clone,halloween,dual_persona,new_year,mother_and_daughter,holocouncil,age_difference,hololive_fantasy,lolita_fashion,holox,personification,miko,enmaided,waitress,team_9_(touhou),brother_and_sister,inner_senshi,pervert,female_pervert,idol,size_difference,futa_with_female,game_development_department_(blue_archive),sailor_senshi,gothic_lolita,valentine,witch,cheerleader,science_fiction,couple,winter,in-franchise_crossover,multiple_others,crossdressing,nurse,jiangshi,summer,femdom,kitsune
yaoi	multiple_boys,male_focus,2boys,bara,solo_focus,couple,crossdressing,3boys,interracial,size_difference,interspecies,age_difference,4boys,mmm_threesome,penis_size_difference,onii-shota,1girl,furry_with_non-furry,furry_with_furry,6+boys,josou_seme,multiple_girls,incest,maid,1boy,siblings,dual_persona,virtual_youtuber,5boys,kodomo_doushi,muscular_uke,brothers,selfcest,male_playboy_bunny,2girls,boy_sandwich,teacher_and_student,father_and_son,christmas,husband_and_husband,hetero,borrowed_character,animification,pokephilia,hyur,salaryman,tentacles_on_male,enmaided,male_maid,solo,implied_yaoi,clone,yuri,military
christmas	1girl,solo,multiple_girls,2girls,1boy,virtual_youtuber,hetero,3girls,multiple_boys,solo_focus,male_focus,yuri,2boys,4girls,siblings,6+girls,winter,sisters,5girls,bara,couple,3boys,1other,yaoi,maid,twins,military,no_humans,brother_and_sister,mother_and_daughter,4boys,crossdressing,age_difference,new_year
bara	male_focus,1boy,solo,multiple_boys,2boys,yaoi,couple,solo_focus,3boys,size_difference,interracial,interspecies,4boys,1girl,age_difference,furry_with_non-furry,6+boys,mmm_threesome,christmas,crossdressing,salaryman,muscular_uke,tentacles_on_male,furry_with_furry,5boys,implied_yaoi,chinese_zodiac,male_playboy_bunny,virtual_youtuber,hyur,halloween,incest,police,father_and_son,1other,penis_size_difference,boy_sandwich,borrowed_character,personification,lifeguard,onii-shota,humanization,teacher_and_student,military,new_year,policeman,summer,valentine,siblings,multiple_girls
science_fiction	solo,1girl,no_humans,1boy,multiple_girls,military,multiple_boys,2girls,male_focus,evangelion_(mecha),mecha_musume,2boys,solo_focus,1other,animification,virtual_youtuber,3girls,decepticon,fusion,size_difference,3boys,u.n._spacy,soldier,6+boys,hetero,multiple_others,yuri,6+girls,personification,pilot,police,titan_(titanfall),4girls,couple,war,4boys,humanization,spartan_(halo),astronaut,dual_persona,transformation,siblings,5girls,maid,2others,5boys,scientist,alternate_universe
age_difference	1boy,1girl,hetero,onee-shota,multiple_girls,2girls,multiple_boys,yuri,onee-loli,solo_focus,2boys,size_difference,incest,siblings,male_focus,3girls,yaoi,femdom,brother_and_sister,3boys,mother_and_daughter,sisters,onii-shota,interracial,mother_and_son,futa_with_female,couple,virtual_youtuber,4girls,6+girls,bara,maid,4boys,penis_size_difference,teacher_and_student,time_paradox,dual_persona,military,father_and_daughter,netorare,5girls,nun,crossdressing,interspecies,6+boys,futa_on_male,lolidom,teacher,pervert,5boys,shotadom,harem,everyone,borrowed_character,female_pervert,toddlercon,aunt_and_nephew,cheating_(relationship),furry_with_furry,twins,family,fff_threesome,prostitution,christmas,father_and_son,pokephilia
dual_persona	multiple_girls,2girls,1girl,multiple_boys,1boy,2boys,male_focus,yuri,3girls,time_paradox,selfcest,virtual_youtuber,6+girls,magical_girl,hetero,dark_persona,solo,4girls,3boys,maid,siblings,6+boys,clone,yaoi,everyone,solo_focus,1other,military,age_difference,5girls,personification,4boys,multiple_others,crossdressing,2others,brother_and_sister,sisters,size_difference,lolita_fashion,multiple_persona,mother_and_daughter,couple,anniversary,science_fiction,humanization,enmaided,futa_with_female,transformation,animification,super_saiyan,twins,gothic_lolita,angel_and_devil,nun,corruption,alternate_form,5boys
halloween	1girl,solo,multiple_girls,2girls,witch,1boy,virtual_youtuber,3girls,multiple_boys,male_focus,4girls,2boys,solo_focus,hetero,yuri,6+girls,siblings,jiangshi,mummy,sheet_ghost,sisters,5girls,nurse,maid,nun,1other,lolita_fashion,3boys,bara,no_humans,crossdressing,twins,inkling,gothic_lolita,couple
personification	1girl,solo,multiple_girls,1boy,2girls,creature_and_personification,male_focus,mecha_musume,military,hetero,multiple_boys,solo_focus,3girls,6+girls,2boys,yuri,1other,4girls,humanization,shiny_pokemon,animification,science_fiction,dual_persona,borrowed_character,siblings,5girls,size_difference,interspecies,maid,virtual_youtuber,magical_girl,lolita_fashion,sisters,bara,3boys,furry_with_non-furry,mega_pokemon,slime_girl,destroyer
enmaided	maid,1girl,solo,multiple_girls,2girls,1boy,virtual_youtuber,crossdressing,male_focus,3girls,unconventional_maid,multiple_boys,solo_focus,hetero,2boys,male_maid,4girls,siblings,waitress,yuri,sisters,6+girls,wa_maid,5girls,butler,1other,valentine,dual_persona,yaoi,3boys,victorian_maid,twins
crossdressing	male_focus,1boy,solo,multiple_boys,2boys,1girl,maid,yaoi,multiple_girls,enmaided,male_maid,solo_focus,2girls,hetero,male_playboy_bunny,3boys,virtual_youtuber,siblings,brother_and_sister,4boys,lolita_fashion,3girls,bara,josou_seme,6+boys,couple,6+girls,twins,4girls,gothic_lolita,butler,nun,age_difference,femdom,dual_persona,cheerleader,yuri,magical_girl,nurse,female_butler,5boys,1other,waitress,halloween,interracial,military,bride,incest,5girls,penis_size_difference,everyone,size_difference,christmas,brothers
lolita_fashion	1girl,solo,gothic_lolita,multiple_girls,2girls,virtual_youtuber,1boy,sweet_lolita,goth_fashion,3girls,maid,6+girls,hetero,siblings,multiple_boys,solo_focus,male_focus,sisters,crossdressing,yuri,4girls,twins,2boys,5girls,magical_girl,halloween,dual_persona,everyone,personification,1other,witch,dark_persona,military
twins	siblings,multiple_girls,sisters,2girls,1boy,brother_and_sister,1girl,virtual_youtuber,incest,twincest,maid,hetero,multiple_boys,yuri,3girls,2boys,4girls,6+girls,brothers,5girls,game_development_department_(blue_archive),male_focus,everyone,lolita_fashion,solo_focus,mother_and_daughter,crossdressing,3boys,mother_and_son,6+boys,couple,christmas,kodomo_doushi,anniversary,train_conductor,halloween,family,age_difference,dual_persona,femdom,idol,gothic_lolita,enmaided
nun	1girl,solo,multiple_girls,1boy,2girls,hetero,virtual_youtuber,solo_focus,multiple_boys,6+girls,3girls,male_focus,4girls,5girls,2boys,yuri,buddhist_nun,priest,borrowed_character,halloween,siblings,age_difference,crossdressing,maid,1other,3boys,sisters,6+boys,everyone,dual_persona,onee-shota,4boys
nontraditional_miko	1girl,solo,multiple_girls,2girls,1boy,6+girls,virtual_youtuber,3girls,military,4girls,yuri,hetero,solo_focus,5girls,miko,maid,multiple_boys,new_year,valentine,kitsune
borrowed_character	1girl,solo,1boy,multiple_girls,hetero,2girls,solo_focus,yuri,multiple_boys,male_focus,maid,2boys,3girls,interracial,nun,personification,virtual_youtuber,interspecies,yaoi,age_difference,futa_with_female,6+girls,bara,couple,femdom,1other,3boys,4girls,siblings,oppai_loli,military
interracial	hetero,1girl,1boy,solo_focus,multiple_boys,multiple_girls,2boys,2girls,yaoi,male_focus,virtual_youtuber,yuri,3boys,bara,netorare,age_difference,couple,size_difference,4boys,3girls,borrowed_character,futa_with_female,cheating_(relationship),instant_loss,6+boys,femdom,bisexual_female,5boys,onee-shota,penis_size_difference,maid,siblings,crossdressing,abuse,humiliation,interspecies,sisters,prostitution
brother_and_sister	siblings,1boy,1girl,multiple_girls,hetero,twins,multiple_boys,incest,2girls,2boys,age_difference,mother_and_daughter,mother_and_son,3girls,sisters,solo_focus,brothers,family,twincest,3boys,onee-shota,father_and_daughter,crossdressing,4girls,6+girls,father_and_son,6+boys,4boys,step-siblings,couple,husband_and_wife,kodomo_doushi,everyone,maid,5girls,dual_persona,bangboo_(zenless_zone_zero),1other,implied_incest,anniversary,femdom,alternate_universe,5boys,male_focus,step-brother_and_step-sister,christmas,time_paradox,animification
new_year	1girl,solo,chinese_zodiac,multiple_girls,2girls,1boy,year_of_the_tiger,year_of_the_ox,year_of_the_rabbit,3girls,virtual_youtuber,multiple_boys,miko,year_of_the_dragon,male_focus,year_of_the_snake,4girls,year_of_the_rooster,6+girls,solo_focus,siblings,2boys,5girls,yuri,hetero,sisters,winter,nontraditional_miko,year_of_the_goat,military,bara,tiger_costume,christmas,maid
valentine	1girl,solo,multiple_girls,2girls,1boy,yuri,virtual_youtuber,maid,3girls,solo_focus,male_focus,hetero,multiple_boys,military,tsundere,4girls,couple,6+girls,2boys,siblings,sisters,enmaided,5girls,bara,1other,nontraditional_miko
4boys	multiple_boys,1girl,multiple_girls,hetero,male_focus,solo_focus,2girls,4girls,3girls,yaoi,6+girls,siblings,virtual_youtuber,bara,5girls,crossdressing,interracial,everyone,age_difference,brother_and_sister,brothers,1other,military,multiple_persona,dual_persona,maid,interspecies,sisters,father_and_son,science_fiction,size_difference,animification,netorare,onee-shota,family,couple,christmas,nun,multiple_others,anniversary
6+boys	multiple_boys,multiple_girls,6+girls,1girl,everyone,male_focus,hetero,solo_focus,2girls,3girls,siblings,4girls,5girls,military,yaoi,brothers,dual_persona,anniversary,1other,multiple_persona,absolutely_everyone,bara,brother_and_sister,virtual_youtuber,science_fiction,sisters,crossdressing,maid,father_and_son,ninja,interracial,soldier,twins,age_difference,father_and_daughter,in-franchise_crossover,knight,multiple_others,couple,super_saiyan,size_difference,interspecies,animification,family,mother_and_daughter,straw_hat_pirates,nun,clone,time_paradox,police,mother_and_son,husband_and_wife,war,magical_girl,people,death
size_difference	1girl,1boy,hetero,multiple_girls,2girls,multiple_boys,2boys,age_difference,male_focus,solo_focus,yaoi,bara,interspecies,onee-shota,yuri,couple,3girls,interracial,1other,science_fiction,futa_with_female,3boys,virtual_youtuber,furry_with_non-furry,solo,6+girls,4girls,military,onee-loli,no_humans,siblings,femdom,penis_size_difference,personification,maid,dual_persona,incest,4boys,5girls,pokephilia,6+boys,multiple_others,onii-shota,vore,crossdressing,sisters,mother_and_daughter
cheerleader	1girl,solo,multiple_girls,1boy,2girls,hetero,solo_focus,virtual_youtuber,3girls,multiple_boys,male_focus,6+girls,4girls,crossdressing,2boys,siblings,5girls,sisters,yuri
miko	1girl,solo,multiple_girls,2girls,1boy,hetero,3girls,solo_focus,new_year,6+girls,virtual_youtuber,yuri,multiple_boys,4girls,nontraditional_miko,maid,siblings,kitsune,5girls,male_focus,chinese_zodiac,sisters,2boys
office_lady	1girl,solo,multiple_girls,1boy,2girls,hetero,solo_focus,virtual_youtuber,multiple_boys,salaryman,yuri,3girls,2boys,teacher,6+girls,3boys,couple,4girls
witch	1girl,solo,multiple_girls,halloween,2girls,1boy,3girls,virtual_youtuber,multiple_boys,solo_focus,hetero,6+girls,yuri,4girls,luna_nova_school_uniform,2boys,maid,magical_girl,siblings,5girls,1other,lolita_fashion
gothic_lolita	lolita_fashion,1girl,solo,multiple_girls,2girls,virtual_youtuber,1boy,goth_fashion,hetero,3girls,6+girls,solo_focus,maid,multiple_boys,siblings,crossdressing,male_focus,yuri,4girls,sisters,5girls,2boys,dual_persona,halloween,twins,everyone
femdom	1boy,hetero,1girl,multiple_girls,2girls,yuri,solo_focus,age_difference,lolidom,3girls,dominatrix,onee-shota,sadism,futa_with_female,siblings,incest,multiple_boys,virtual_youtuber,maid,4girls,sisters,slave,futa_on_male,size_difference,humiliation,interracial,solo,crossdressing,interspecies,2boys,futasub,couple,onee-loli,6+girls,kodomo_doushi,brother_and_sister,military,masochism,borrowed_character,fff_threesome,pervert,twins,5girls,yandere,female_pervert,reverse_ryona,mixed-sex_combat,magical_girl
nurse	1girl,solo,multiple_girls,1boy,virtual_youtuber,2girls,hetero,solo_focus,yuri,multiple_boys,3girls,halloween,maid,6+girls,doctor,male_focus,2boys,4girls,crossdressing,5girls,siblings
chinese_zodiac	1girl,solo,new_year,year_of_the_rabbit,year_of_the_tiger,multiple_girls,year_of_the_ox,year_of_the_dragon,2girls,year_of_the_snake,1boy,male_focus,year_of_the_rooster,virtual_youtuber,3girls,multiple_boys,solo_focus,bara,miko,4girls,2boys,year_of_the_goat,hetero,6+girls,tiger_costume,siblings,yuri,no_humans
inkling	1girl,solo,multiple_girls,2girls,octoling,1boy,cousins,multiple_boys,yuri,3girls,hetero,2boys,solo_focus,male_focus,4girls,6+girls,halloween,incest,alternate_species
futa_with_female	multiple_girls,2girls,3girls,solo_focus,fff_threesome,age_difference,incest,virtual_youtuber,onee-loli,femdom,futasub,siblings,sisters,4girls,futa_without_pussy,size_difference,newhalf_with_female,interracial,interspecies,maid,1boy,6+girls,mother_and_daughter,borrowed_character,5girls,selfcest,dual_persona,1girl,instant_loss,hetero
incest	siblings,multiple_girls,2girls,yuri,1boy,hetero,sisters,1girl,brother_and_sister,twins,twincest,age_difference,onee-shota,mother_and_daughter,multiple_boys,solo_focus,mother_and_son,2boys,futa_with_female,3girls,father_and_daughter,cousins,couple,femdom,kodomo_doushi,yaoi,male_focus,onee-loli,bisexual_female,brothers,fff_threesome,aunt_and_niece,father_and_son,size_difference,bara,maid,futa_with_futa,4girls,crossdressing,3boys,inkling,virtual_youtuber,futa_on_male
ninja	1girl,solo,multiple_girls,1boy,multiple_boys,2girls,male_focus,hetero,2boys,solo_focus,3girls,6+girls,6+boys,4girls,3boys,virtual_youtuber,siblings,yuri,everyone
mother_and_daughter	multiple_girls,2girls,1boy,father_and_daughter,family,3girls,siblings,husband_and_wife,multiple_boys,mother_and_son,hetero,yuri,sisters,incest,brother_and_sister,age_difference,2boys,4girls,virtual_youtuber,father_and_son,6+girls,twins,solo_focus,5girls,couple,onee-loli,kitsune,3boys,motherly,futa_with_female,dual_persona,time_paradox,wife_and_wife,military,6+boys,alternate_universe,maid,aunt_and_niece,christmas,1girl,size_difference,kyuubi
interspecies	1girl,hetero,1boy,furry_with_non-furry,solo_focus,multiple_boys,pokephilia,multiple_girls,2boys,2girls,male_focus,yaoi,yuri,size_difference,bara,couple,3boys,furry_with_furry,1other,futa_with_female,3girls,age_difference,femdom,personification,borrowed_character,4boys,shiny_pokemon,6+boys,captured,slime_girl,interracial,instant_loss,onee-shota,5boys,netorare
multiple_others	2others,1girl,multiple_girls,solo_focus,6+others,1boy,multiple_boys,2girls,virtual_youtuber,male_focus,2boys,3girls,5others,no_humans,6+girls,science_fiction,military,3boys,4girls,siblings,dual_persona,hetero,people,6+boys,knight,everyone,horror_(theme),size_difference,maid,5girls,soldier,death,4boys,yuri
onee-shota	age_difference,hetero,1boy,1girl,multiple_girls,multiple_boys,2girls,incest,size_difference,solo_focus,2boys,siblings,femdom,brother_and_sister,mother_and_son,3boys,3girls,virtual_youtuber,interracial,futa_on_male,maid,4boys,penis_size_difference,nun,interspecies,aunt_and_nephew,4girls,shotadom,military
waitress	1girl,solo,multiple_girls,2girls,maid,1boy,3girls,hetero,solo_focus,multiple_boys,enmaided,4girls,6+girls,virtual_youtuber,carhop,5girls,yuri,2boys,wa_maid,waiter,male_focus,crossdressing,siblings
kitsune	1girl,solo,kyuubi,multiple_girls,2girls,1boy,3girls,hetero,solo_focus,virtual_youtuber,6+girls,miko,4girls,mother_and_daughter,male_focus,siblings,yuri,maid,multiple_boys,sisters,1other,nekomata,aunt_and_niece,military,5girls,nontraditional_miko
idol	1girl,solo,multiple_girls,virtual_youtuber,2girls,1boy,3girls,solo_focus,6+girls,hetero,multiple_boys,4girls,k/da_(league_of_legends),5girls,male_focus,siblings,yuri,2boys,twins
animal_focus	no_humans,solo,1girl,clothed_animal,shiny_pokemon,evolutionary_line,1boy,solo_focus,1other,clothed_pokemon,oversized_animal
everyone	multiple_girls,6+girls,multiple_boys,6+boys,siblings,5girls,absolutely_everyone,4girls,1boy,sisters,maid,3girls,3boys,2boys,4boys,virtual_youtuber,dual_persona,anniversary,2girls,5boys,military,twins,1girl,magical_girl,1other,male_focus,yuri,brother_and_sister,in-franchise_crossover,multiple_persona,hetero,multiple_others,age_difference,lolita_fashion,no_humans,karakasa_obake,ninja,nun,brothers,crossdressing,gothic_lolita
mecha_musume	1girl,solo,personification,science_fiction,multiple_girls,military,2girls,humanization,3girls,1boy,solo_focus,virtual_youtuber,6+girls
summer	1girl,solo,multiple_girls,2girls,1boy,virtual_youtuber,multiple_boys,3girls,male_focus,solo_focus,no_humans,2boys,4girls,6+girls,hetero,siblings,5girls,winter,yuri,bara,sisters
winter	1girl,solo,multiple_girls,2girls,1boy,christmas,virtual_youtuber,male_focus,multiple_boys,no_humans,3girls,solo_focus,2boys,yuri,new_year,military,4girls,couple,siblings,hetero,6+girls,1other,5girls,summer
animification	1girl,solo,multiple_girls,1boy,male_focus,multiple_boys,2girls,2boys,science_fiction,hetero,personification,yuri,solo_focus,3girls,3boys,siblings,6+boys,4boys,yaoi,couple,6+girls,humanization,dual_persona,1other,brother_and_sister
police	1girl,policewoman,solo,multiple_girls,1boy,2girls,multiple_boys,policeman,virtual_youtuber,solo_focus,hetero,male_focus,2boys,3girls,science_fiction,yuri,6+girls,4girls,bara,bangboo_(zenless_zone_zero),military,3boys,6+boys,siblings
anniversary	1girl,multiple_girls,solo,2girls,multiple_boys,1boy,6+girls,3girls,virtual_youtuber,4girls,male_focus,2boys,6+boys,everyone,5girls,siblings,3boys,1other,brother_and_sister,dual_persona,twins,military,solo_focus,maid,sisters,multiple_persona,magical_girl,yuri,4boys
race_queen	1girl,solo,multiple_girls,2girls,1boy,hetero,solo_focus,virtual_youtuber,3girls
5boys	multiple_boys,multiple_girls,1girl,hetero,male_focus,solo_focus,2girls,3girls,6+girls,4girls,5girls,everyone,yaoi,siblings,bara,interracial,virtual_youtuber,military,age_difference,crossdressing,brothers,brother_and_sister,1other,maid,multiple_persona,science_fiction,interspecies,dual_persona
multiple_persona	multiple_girls,3girls,6+girls,multiple_boys,1girl,4girls,male_focus,1boy,5girls,2girls,6+boys,clone,3boys,virtual_youtuber,yuri,time_paradox,maid,4boys,hetero,magical_girl,2boys,everyone,dual_persona,military,siblings,dark_persona,anniversary,solo,5boys,solo_focus,harem
nekomata	1girl,solo,multiple_girls,2girls,3girls,1boy,6+girls,4girls,solo_focus,yuri,hetero,maid,kitsune,siblings,sisters
dark_persona	1girl,solo,multiple_girls,corruption,2girls,1boy,dual_persona,male_focus,possessed,multiple_boys,virtual_youtuber,magical_girl,hetero,2boys,yuri,3girls,solo_focus,alter_servant,dark_aura,multiple_persona,alternate_universe,6+girls,lolita_fashion
unconventional_maid	maid,1girl,solo,multiple_girls,2girls,enmaided,virtual_youtuber,1boy,hetero,solo_focus,male_focus,3girls,multiple_boys
bride	1girl,solo,multiple_girls,wedding,1boy,2girls,hetero,groom,yuri,wife_and_wife,couple,husband_and_wife,solo_focus,virtual_youtuber,multiple_boys,3girls,crossdressing,2boys,siblings
jiangshi	1girl,solo,multiple_girls,2girls,1boy,hetero,halloween,solo_focus,6+girls,3girls,multiple_boys,4girls,virtual_youtuber,yuri,karakasa_obake,2boys,5girls
pervert	female_pervert,multiple_girls,2girls,1girl,yuri,1boy,solo,3girls,hetero,solo_focus,multiple_boys,4girls,magical_girl,virtual_youtuber,6+girls,2boys,5girls,siblings,age_difference,maid,military,sisters,femdom,implied_yuri,theft,clothes_theft
octoling	1girl,solo,inkling,multiple_girls,2girls,1boy,yuri,hetero,multiple_boys,3girls,4girls,male_focus,solo_focus,2boys,6+girls
knight	1girl,solo,1boy,multiple_girls,male_focus,multiple_boys,2girls,1other,2boys,medieval,solo_focus,6+boys,hetero,multiple_others,3girls,3boys,virtual_youtuber,6+girls,4girls
netorare	hetero,1girl,1boy,multiple_boys,solo_focus,multiple_girls,2boys,cheating_(relationship),interracial,2girls,3boys,3girls,age_difference,solo,yuri,virtual_youtuber,4boys,humiliation,interspecies
yandere	1girl,solo,multiple_girls,1boy,2girls,virtual_youtuber,hetero,yuri,solo_focus,3girls,yandere_trance,military,4girls,maid,male_focus,multiple_boys,horror_(theme),femdom
husband_and_wife	1boy,1girl,hetero,multiple_girls,couple,2girls,family,multiple_boys,father_and_daughter,mother_and_daughter,2boys,father_and_son,mother_and_son,siblings,wedding,bride,brother_and_sister,groom,3girls,solo_focus,3boys,6+boys,6+girls,sisters
policewoman	police,1girl,solo,multiple_girls,2girls,1boy,hetero,virtual_youtuber,solo_focus,3girls,multiple_boys,yuri,policeman,bangboo_(zenless_zone_zero),2boys,6+girls
oppai_loli	1girl,solo,1boy,hetero,solo_focus,multiple_girls,2girls,virtual_youtuber,multiple_boys,3girls,borrowed_character
female_pervert	pervert,multiple_girls,2girls,yuri,1girl,1boy,solo,3girls,hetero,solo_focus,4girls,magical_girl,virtual_youtuber,multiple_boys,6+girls,5girls,siblings,age_difference,maid,sisters,military,2boys,femdom,implied_yuri
humanization	1girl,solo,multiple_girls,1boy,2girls,male_focus,mecha_musume,multiple_boys,personification,2boys,hetero,1other,yuri,solo_focus,science_fiction,3girls,decepticon,dual_persona,animification,bara
karakasa_obake	1girl,solo,multiple_girls,2girls,6+girls,3girls,1boy,everyone,4girls,jiangshi
2others	multiple_others,1girl,multiple_girls,solo_focus,1boy,multiple_boys,2girls,virtual_youtuber,male_focus,2boys,dual_persona,3girls,no_humans,6+girls,science_fiction,siblings,3boys,military
father_and_daughter	1boy,multiple_girls,1girl,mother_and_daughter,2girls,multiple_boys,family,husband_and_wife,2boys,siblings,hetero,father_and_son,mother_and_son,incest,brother_and_sister,3girls,sisters,3boys,age_difference,6+boys,6+girls,solo_focus,couple,4girls,brothers
horror_(theme)	1girl,solo,multiple_girls,1boy,2girls,no_humans,male_focus,1other,multiple_boys,virtual_youtuber,body_horror,eldritch_abomination,guro,solo_focus,surreal,multiple_others,2boys,death,3girls,yandere
dancer	1girl,solo,multiple_girls,2girls,1boy,dancer_(fire_emblem:_three_houses),hetero,solo_focus,multiple_boys,virtual_youtuber,3girls
kyuubi	kitsune,1girl,solo,multiple_girls,2girls,1boy,3girls,hetero,solo_focus,4girls,6+girls,mother_and_daughter
family	multiple_girls,2girls,1boy,multiple_boys,mother_and_daughter,father_and_daughter,siblings,2boys,husband_and_wife,mother_and_son,1girl,father_and_son,3girls,brother_and_sister,sisters,hetero,couple,3boys,4girls,yuri,brothers,6+girls,6+boys,alternate_universe,twins,age_difference,4boys,virtual_youtuber,male_focus
clone	multiple_girls,2girls,6+girls,3girls,multiple_boys,1girl,1boy,4girls,dual_persona,multiple_persona,yuri,hetero,male_focus,5girls,2boys,selfcest,siblings,virtual_youtuber,sisters,3boys,6+boys,solo_focus,maid,yaoi
furry_with_non-furry	interspecies,1girl,hetero,1boy,solo_focus,multiple_boys,pokephilia,2boys,male_focus,yaoi,multiple_girls,2girls,bara,size_difference,couple,yuri,1other,3boys,personification
serval_print	multiple_girls,1girl,2girls,solo,yuri,3girls,4girls,6+girls,1boy
jirai_kei	1girl,solo,virtual_youtuber,multiple_girls,2girls,1boy,hetero,solo_focus,3girls
ancient_egyptian	1girl,solo,1boy,multiple_girls,2girls,hetero,male_focus,solo_focus,multiple_boys,2boys
goth_fashion	1girl,solo,lolita_fashion,gothic_lolita,multiple_girls,virtual_youtuber,2girls,1boy,male_focus,hetero,solo_focus,multiple_boys,3girls,yuri
mother_and_son	1boy,1girl,multiple_girls,multiple_boys,2girls,2boys,mother_and_daughter,siblings,hetero,father_and_son,family,brother_and_sister,incest,age_difference,husband_and_wife,onee-shota,father_and_daughter,3boys,3girls,twins,brothers,alternate_universe,couple,6+girls,6+boys,sisters,motherly
shiny_pokemon	1girl,solo,no_humans,mega_pokemon,multiple_girls,1boy,2girls,animal_focus,personification,clothed_pokemon,male_focus,multiple_boys,interspecies,pokephilia,solo_focus,hetero,evolutionary_line,1other,virtual_youtuber
instant_loss	1girl,hetero,1boy,solo_focus,multiple_girls,2girls,multiple_boys,2boys,virtual_youtuber,solo,interracial,futa_with_female,yuri,interspecies,3girls,male_focus
teacher	1girl,solo,multiple_girls,1boy,hetero,2girls,teacher_and_student,multiple_boys,solo_focus,office_lady,age_difference,3girls,yuri,virtual_youtuber,2boys,6+girls
yukkuri_shiteitte_ne	multiple_girls,1girl,2girls,solo,3girls,6+girls,no_humans,4girls,1boy,maid
brothers	siblings,multiple_boys,2boys,male_focus,1girl,multiple_girls,brother_and_sister,twins,3boys,6+boys,2girls,4boys,yaoi,father_and_son,incest,mother_and_son,family,sisters,6+girls,5boys,hetero,3girls,everyone,father_and_daughter,crossdressing
nontraditional_playboy_bunny	1girl,solo,multiple_girls,2girls,virtual_youtuber,1boy,hetero,3girls,solo_focus
pokephilia	1girl,hetero,interspecies,1boy,solo_focus,furry_with_non-furry,multiple_girls,multiple_boys,2girls,2boys,size_difference,male_focus,shiny_pokemon,yaoi,age_difference,yuri
tsundere	1girl,solo,multiple_girls,1boy,2girls,yuri,hetero,valentine,3girls,solo_focus,military,multiple_boys,4girls,couple,virtual_youtuber,6+girls
alternate_universe	1girl,1boy,multiple_girls,multiple_boys,2girls,male_focus,solo,2boys,siblings,hetero,3girls,3boys,couple,yuri,brother_and_sister,mother_and_son,mother_and_daughter,family,4girls,dark_persona,science_fiction,role_reversal,father_and_son
transformation	1girl,solo,1boy,multiple_girls,2girls,male_focus,alternate_form,henshin,multiple_boys,magical_girl,2boys,3girls,yuri,no_humans,virtual_youtuber,science_fiction,corruption,dual_persona,hetero
fusion	solo,1girl,no_humans,science_fiction,multiple_girls,1boy,male_focus,2girls,virtual_youtuber,multiple_boys
time_paradox	multiple_girls,2girls,dual_persona,multiple_boys,1girl,1boy,2boys,3girls,male_focus,age_difference,siblings,multiple_persona,yuri,6+girls,4girls,3boys,mother_and_daughter,hetero,6+boys,sisters,magical_girl,brother_and_sister
wa_maid	maid,1girl,solo,multiple_girls,virtual_youtuber,2girls,enmaided,1boy,mixed_maids,waitress,3girls,siblings,sisters
kodomo_doushi	multiple_girls,2girls,hetero,yuri,1boy,1girl,multiple_boys,2boys,siblings,incest,male_focus,yaoi,brother_and_sister,3girls,sisters,twins,femdom,twincest,lolidom
death	1girl,multiple_girls,1boy,2girls,solo,multiple_boys,guro,male_focus,2boys,solo_focus,murder,3girls,1other,horror_(theme),hetero,suicide,military,6+girls,3boys,multiple_others,4girls,6+boys
slave	1girl,solo,hetero,multiple_girls,1boy,2girls,solo_focus,multiple_boys,yuri,femdom,2boys,3girls,humiliation,3boys
corruption	1girl,solo,dark_persona,multiple_girls,1boy,possessed,2girls,hetero,magical_girl,solo_focus,male_focus,multiple_boys,transformation,3girls,dual_persona
onee-loli	age_difference,multiple_girls,2girls,yuri,futa_with_female,3girls,incest,size_difference,mother_and_daughter,siblings,sisters,femdom,couple,fff_threesome,4girls
slime_girl	1girl,solo,multiple_girls,1boy,2girls,hetero,solo_focus,yuri,3girls,interspecies,virtual_youtuber,6+girls,personification
wife_and_wife	multiple_girls,yuri,2girls,couple,bride,wedding,3girls,groom,virtual_youtuber,mother_and_daughter,siblings,sisters
people	1girl,solo_focus,multiple_girls,1boy,multiple_boys,2girls,3girls,2boys,male_focus,multiple_others,solo,6+girls,hetero,virtual_youtuber,4girls,6+boys,3boys
soldier	military,1girl,solo,multiple_girls,multiple_boys,1boy,war,2girls,science_fiction,male_focus,6+boys,solo_focus,2boys,3girls,3boys,multiple_others,6+girls
in-franchise_crossover	multiple_girls,2girls,multiple_boys,3girls,6+girls,magical_girl,1girl,1boy,4girls,2boys,male_focus,6+boys,yuri,everyone,solo,5girls
super_saiyan	male_focus,1boy,solo,multiple_boys,super_saiyan_1,super_saiyan_4,1girl,2boys,super_saiyan_blue,saiyan,multiple_girls,3boys,legendary_super_saiyan,6+boys,2girls,dual_persona,hetero,father_and_son
bangboo_(zenless_zone_zero)	1girl,solo,multiple_girls,1boy,maid,2girls,3girls,multiple_boys,siblings,brother_and_sister,1other,solo_focus,male_focus,2boys,police,policewoman
surreal	1girl,solo,multiple_girls,1boy,2girls,male_focus,no_humans,multiple_boys,1other,horror_(theme)
alternate_form	1girl,solo,1boy,male_focus,multiple_boys,transformation,multiple_girls,2girls,2boys,no_humans,hetero,dual_persona,couple
sailor	1girl,solo,multiple_girls,2girls,1boy,6+girls,military,multiple_boys,3girls,male_focus,yuri
father_and_son	multiple_boys,2boys,male_focus,mother_and_son,family,multiple_girls,1girl,siblings,father_and_daughter,husband_and_wife,2girls,3boys,mother_and_daughter,brother_and_sister,brothers,6+boys,hetero,yaoi,incest,4boys,bara,couple,super_saiyan,3girls,6+girls,age_difference,alternate_universe
e.g.o_(project_moon)	1girl,solo,1boy,male_focus,multiple_girls,multiple_boys,2girls,1other,2boys
clothed_pokemon	1girl,solo,no_humans,1boy,multiple_girls,shiny_pokemon,male_focus,multiple_boys,animal_focus,2girls,maid,solo_focus
harem	multiple_girls,1boy,hetero,3girls,4girls,6+girls,yuri,5girls,siblings,multiple_boys,age_difference,sisters,multiple_persona
wedding	1girl,bride,multiple_girls,1boy,2girls,hetero,couple,yuri,solo,wife_and_wife,groom,husband_and_wife,multiple_boys,solo_focus,2boys,virtual_youtuber
humiliation	1girl,hetero,multiple_girls,1boy,solo_focus,multiple_boys,solo,2girls,2boys,femdom,3girls,yuri,slave,3boys,bullying,public_use,interracial,netorare,penis_size_difference,virtual_youtuber
guro	1girl,solo,1boy,multiple_girls,ero_guro,death,2girls,male_focus,multiple_boys,solo_focus,horror_(theme),hetero,2boys,1other,cannibalism
cheating_(relationship)	hetero,1girl,1boy,netorare,solo_focus,multiple_girls,multiple_boys,2girls,2boys,interracial,yuri,age_difference,solo,3girls,3boys
bisexual_female	multiple_girls,2girls,1boy,hetero,multiple_boys,2boys,siblings,incest,3girls,interracial,sisters,virtual_youtuber,sexual_coaching
year_of_the_rabbit	chinese_zodiac,1girl,solo,new_year,multiple_girls,2girls,1boy,virtual_youtuber
look-alike	multiple_girls,2girls,1girl,solo,1boy,3girls,multiple_boys,2boys,male_focus,magical_girl
prostitution	1girl,hetero,1boy,solo_focus,solo,multiple_boys,multiple_girls,2girls,2boys,age_difference,3boys,interracial
sangvis_ferri	1girl,solo,multiple_girls,2girls,1boy,hetero,maid,solo_focus,6+girls,3girls
evolutionary_line	no_humans,1girl,animal_focus,1boy,multiple_girls,male_focus,shiny_pokemon,2girls
year_of_the_tiger	chinese_zodiac,1girl,solo,new_year,multiple_girls,2girls,1boy,male_focus,tiger_costume,virtual_youtuber
furry_with_furry	1girl,hetero,1boy,multiple_girls,multiple_boys,2girls,2boys,yuri,yaoi,male_focus,solo_focus,couple,interspecies,bara,age_difference
mega_pokemon	1girl,solo,shiny_pokemon,no_humans,1boy,multiple_girls,2girls,male_focus,multiple_boys,personification,1other
pirate	1girl,solo,virtual_youtuber,multiple_girls,1boy,multiple_boys,2girls,male_focus,hetero,solo_focus,2boys
princess	1girl,solo,multiple_girls,1boy,2girls,virtual_youtuber,hetero,multiple_boys,solo_focus,yuri
creature_and_personification	personification,1girl,solo,multiple_girls,1boy,2girls,male_focus
hyur	1girl,solo,multiple_girls,2girls,1boy,multiple_boys,male_focus,2boys,bara,yuri,yaoi,hetero
fff_threesome	multiple_girls,3girls,yuri,futa_with_female,siblings,sisters,incest,age_difference,femdom,onee-loli,futa_with_futa
cousins	multiple_girls,2girls,inkling,1boy,1girl,incest,hetero,multiple_boys,yuri,2boys,siblings,3girls,6+girls
oversized_animal	1girl,solo,1boy,multiple_girls,male_focus,2girls,no_humans,multiple_boys,animal_focus,1other
selfcest	multiple_girls,2girls,yuri,dual_persona,multiple_boys,male_focus,yaoi,1boy,2boys,hetero,1girl,clone,futa_with_female,virtual_youtuber,3girls
twincest	incest,siblings,twins,multiple_girls,2girls,yuri,sisters,1boy,hetero,brother_and_sister,1girl,couple,kodomo_doushi
samurai	1girl,solo,1boy,male_focus,multiple_girls,multiple_boys,2girls,2boys,virtual_youtuber
year_of_the_ox	chinese_zodiac,1girl,solo,new_year,multiple_girls,2girls,1boy,male_focus
futa_with_futa	multiple_girls,2girls,3girls,futa_without_pussy,penis_size_difference,incest,futasub,fff_threesome,siblings
dominatrix	1girl,solo,femdom,multiple_girls,2girls,1boy,hetero,yuri,solo_focus
penis_size_difference	multiple_boys,male_focus,yaoi,2boys,1girl,1boy,multiple_girls,solo_focus,futa_on_male,age_difference,2girls,size_difference,futa_with_futa,interracial,onii-shota,hetero,bara,onee-shota,crossdressing,humiliation
clothed_animal	1girl,no_humans,solo,animal_focus,multiple_girls,1boy,2girls,multiple_boys,virtual_youtuber
festival	1girl,multiple_girls,solo,summer_festival,2girls,1boy,multiple_boys,6+girls,3girls,solo_focus,4girls
setsubun	1girl,solo,multiple_girls,mamemaki,2girls,1boy,3girls
ballerina	1girl,ballet,solo,multiple_girls,2girls,1boy
male_playboy_bunny	male_focus,1boy,crossdressing,solo,multiple_boys,2boys,yaoi,bara,1girl,solo_focus
implied_yuri	1girl,solo,multiple_girls,2girls,3girls,pervert,female_pervert
6+others	multiple_others,1girl,multiple_girls,solo_focus,1boy,multiple_boys,2girls,virtual_youtuber,male_focus
cat_day	1girl,solo,multiple_girls,2girls,1boy,virtual_youtuber
butler	1girl,multiple_girls,female_butler,1boy,maid,multiple_boys,2girls,solo,crossdressing,male_focus,2boys,enmaided,3girls
team_rocket	1girl,1boy,solo,multiple_girls,multiple_boys,2girls,male_focus,hetero,2boys
role_reversal	multiple_girls,1girl,2girls,1boy,yuri,hetero,multiple_boys,solo,3girls,alternate_universe
tanuki	1girl,solo,multiple_girls,2girls,virtual_youtuber,1boy
cowboy_western	1girl,solo,multiple_girls,cowboy,1boy,multiple_boys,2girls,male_focus,cowgirl_(western),virtual_youtuber
delinquent	1girl,solo,sukeban,multiple_girls,banchou,2girls,1boy,multiple_boys,virtual_youtuber,bousouzoku,3girls
weight_conscious	1girl,solo,multiple_girls,2girls,1boy,weight_gain
glutton	multiple_girls,2girls,1girl,solo,3girls,6+girls,1boy,4girls
ryona	1girl,multiple_girls,1boy,2girls,hetero,solo,solo_focus,multiple_boys,abuse,2boys,yuri
futa_without_pussy	1girl,multiple_girls,solo,2girls,futa_with_female,1boy,newhalf_with_female,newhalf_with_male,futa_with_futa,solo_focus,male_on_futa
year_of_the_dragon	chinese_zodiac,1girl,solo,new_year,multiple_girls,1boy,2girls,male_focus
ballet	ballerina,1girl,solo,multiple_girls,2girls,1boy
dark_aura	1girl,solo,multiple_girls,1boy,2girls,dark_persona,male_focus,3girls
exhausted	1girl,multiple_girls,solo,1boy,2girls,hetero,multiple_boys,3girls
mascot	1girl,solo,virtual_youtuber,multiple_girls,2girls,1boy
ho-kago_tea_time	multiple_girls,5girls,4girls,6+girls
bunny_day	1girl,solo,multiple_girls,2girls,virtual_youtuber,1boy
confession	1girl,solo,multiple_girls,2girls,yuri,1boy
futa_on_male	1boy,1girl,penis_size_difference,multiple_girls,femdom,2girls,age_difference,onee-shota,solo_focus,incest
friends	multiple_girls,2girls,multiple_boys,2boys,1girl,3girls,1boy,male_focus
angel_and_devil	multiple_girls,2girls,yuri,1girl,3girls,1boy,dual_persona,multiple_boys
bartender	1girl,solo,multiple_girls,2girls,1boy,multiple_boys
year_of_the_snake	chinese_zodiac,1girl,solo,new_year,multiple_girls
possessed	1girl,dark_persona,corruption,solo,1boy,multiple_girls,2girls,male_focus,multiple_boys
teacher_and_student	multiple_girls,1girl,1boy,2girls,multiple_boys,teacher,hetero,age_difference,yuri,male_focus,2boys,yaoi,bara
doctor	1girl,solo,1boy,multiple_girls,nurse,2girls,multiple_boys,male_focus,hetero,2boys
native_american	1girl,solo,multiple_girls,1boy,2girls,hetero,yuri
summer_festival	1girl,solo,multiple_girls,festival,2girls,1boy,virtual_youtuber
shinsengumi	1girl,solo,multiple_girls,1boy,male_focus,multiple_boys,2girls
chef	1girl,solo,multiple_girls,1boy,multiple_boys,2girls,male_focus,2boys
sheikah	1girl,solo,1boy,multiple_girls,hetero,2girls
k/da_(league_of_legends)	1girl,solo,multiple_girls,idol,hetero,1boy,2girls
evangelion_(mecha)	science_fiction,1girl,solo,no_humans,multiple_girls,1boy
male_maid	crossdressing,maid,male_focus,1boy,solo,enmaided,multiple_boys,2boys,yaoi,1girl
theft	clothes_theft,multiple_girls,1girl,2girls,1boy,solo,3girls,pervert
eldritch_abomination	1girl,solo,horror_(theme),1boy,no_humans,multiple_girls,1other,2girls
topless_female	1girl,solo,1boy,hetero,multiple_girls,2girls,solo_focus,virtual_youtuber
priest	1boy,1girl,solo,multiple_girls,male_focus,nun,multiple_boys,2boys,2girls,hetero
detective	1girl,solo,virtual_youtuber,multiple_girls,2girls,1boy,multiple_boys
motherly	multiple_girls,2girls,1girl,1boy,3girls,mother_and_daughter,mother_and_son
war	military,soldier,1girl,multiple_girls,multiple_boys,solo,science_fiction,no_humans,1boy,2girls,6+boys
sweet_lolita	lolita_fashion,1girl,solo,multiple_girls,2girls
abuse	1girl,hetero,1boy,solo_focus,multiple_boys,solo,ryona,2boys,interracial,multiple_girls
tengu	1girl,solo,multiple_girls,2girls,1boy
sick	1girl,multiple_girls,solo,2girls,1boy
masochism	1girl,multiple_girls,1boy,2girls,hetero,solo,yuri,femdom,solo_focus
public_use	1girl,solo,hetero,solo_focus,multiple_boys,1boy,multiple_girls,humiliation
asian	1girl,solo,multiple_girls,1boy,2girls,male_focus
astronaut	1girl,solo,multiple_girls,1other,science_fiction,1boy,virtual_youtuber
drugs	1girl,solo,drugged,hetero,multiple_girls,1boy,2girls,multiple_boys,solo_focus
chimera	1girl,solo,multiple_girls,2girls,1boy,no_humans,yuri
stripper	1girl,solo,multiple_girls,2girls,solo_focus
vore	1girl,multiple_girls,solo,2girls,1boy,size_difference
jester	1girl,solo,1boy,multiple_girls,2girls
henshin	1girl,solo,transformation,magical_girl,multiple_girls,1boy,2girls
objectification	1girl,solo,no_humans,multiple_girls,virtual_youtuber,2girls
holomyth	virtual_youtuber,multiple_girls,5girls,6+girls,holocouncil
self-harm	1girl,solo,1boy,male_focus
super_saiyan_1	super_saiyan,male_focus,1boy,multiple_boys,solo,2boys,1girl,saiyan
otaku	1girl,solo,1boy,multiple_girls,multiple_boys,male_focus,2girls
salaryman	1boy,1girl,male_focus,office_lady,multiple_boys,bara,2boys,solo,multiple_girls,yaoi,2girls
soccer	1girl,solo,multiple_girls,2girls
decepticon	science_fiction,no_humans,solo,1girl,multiple_boys,humanization,1boy,multiple_girls
playing	multiple_girls,1girl,2girls,solo,1boy,multiple_boys
futasub	multiple_girls,2girls,futa_with_female,1girl,solo,femdom,solo_focus,futa_with_futa
after_bathing	1girl,solo,1boy,multiple_girls
kono_lolicon_domome	1girl,solo
misunderstanding	multiple_girls,2girls,1boy,1girl,3girls,yuri
nudist	1girl,solo,multiple_girls,2girls
triplets	multiple_girls,3girls,siblings,sisters,1boy,4girls,hetero
gymnastics	1girl,solo,rhythmic_gymnastics,multiple_girls
gathers	1girl,solo,multiple_girls,2girls
lolidom	femdom,1boy,hetero,1girl,multiple_girls,solo_focus,2girls,age_difference,kodomo_doushi,yuri
personality_switch	body_switch,multiple_girls,1girl,2girls,1boy,solo
implied_yaoi	male_focus,1boy,multiple_boys,2boys,solo,bara,yaoi
united_states	1girl,solo,multiple_girls,military,2girls
sadism	1girl,1boy,femdom,hetero,multiple_girls,2girls,solo_focus
onmyouji	1girl,solo,multiple_girls,1boy,male_focus
super_saiyan_4	super_saiyan,male_focus,1boy,solo,multiple_boys,saiyan,2boys
medieval	1girl,solo,knight,multiple_girls,1boy,2girls
team_9_(touhou)	multiple_girls,4girls,6+girls,5girls
clown	1girl,solo,1boy,male_focus,multiple_girls,multiple_boys
chikan	1girl,hetero,solo_focus,1boy,multiple_boys,2boys
luna_nova_school_uniform	multiple_girls,1girl,2girls,solo,witch,yuri
sailor_senshi	magical_girl,multiple_girls,inner_senshi,2girls,5girls,6+girls,1girl
mmm_threesome	multiple_boys,yaoi,male_focus,3boys,bara,solo_focus
knight_(chess)	1girl,solo,multiple_girls
mummy	1girl,halloween,solo,multiple_girls,multiple_boys
standard_bearer	1girl,solo,multiple_girls
star_guardian_(league_of_legends)	1girl,solo,magical_girl,multiple_girls,1boy
bullying	multiple_girls,1girl,2girls,humiliation,1boy,3girls
mtu_virus	1girl
prank	multiple_girls,2girls,1girl,1boy,3girls
groom	bride,1boy,1girl,wedding,hetero,multiple_girls,couple,husband_and_wife,2girls,yuri,wife_and_wife,multiple_boys
implied_pregnancy	1girl,solo,1boy,hetero,multiple_girls
anal_only	1girl,hetero,1boy,solo,solo_focus
reverse_fellatio	1girl,hetero,1boy,solo_focus,multiple_boys,2boys,multiple_girls
drugged	1girl,hetero,1boy,drugs,solo,solo_focus,multiple_girls,multiple_boys
paizuri_invitation	1girl,solo
accident	1girl,solo,multiple_girls,2girls,1boy
aunt_and_niece	multiple_girls,2girls,siblings,3girls,sisters,incest,yuri,kitsune,mother_and_daughter
sexual_coaching	multiple_girls,2girls,1boy,hetero,bisexual_female,3girls
captured	1girl,hetero,multiple_boys,1boy,solo_focus,multiple_girls,interspecies,solo
pet	1girl,solo,multiple_girls,1boy
implied_after_sex	1girl,1boy,solo,multiple_girls,2girls,hetero
chuunibyou	1girl,solo,multiple_girls,2girls
warrior_(dq3)	1girl,solo,multiple_girls,1boy,hetero
josou_seme	multiple_boys,male_focus,yaoi,2boys,crossdressing,1girl,hetero,1boy
clothes_theft	theft,multiple_girls,2girls,1girl,solo,1boy,pervert
pilot	military,1girl,science_fiction,solo,1boy,multiple_girls
onii-shota	age_difference,multiple_boys,male_focus,yaoi,2boys,penis_size_difference,size_difference,bara
absolutely_everyone	everyone,multiple_girls,6+girls,multiple_boys,6+boys,siblings
game_development_department_(blue_archive)	multiple_girls,siblings,twins,sisters,4girls,5girls,maid
tentacles_on_male	male_focus,1boy,solo,bara,multiple_boys,yaoi,2boys,1girl
torture	1girl,solo,multiple_girls,1boy,hetero,2girls,solo_focus
suicide	1girl,solo,multiple_girls,1boy,death,male_focus
valkyrie	1girl,solo,multiple_girls
heart-shaped_boob_challenge	1girl,solo
crisis_management_form_(machimazo)	1girl,solo,multiple_girls,2girls,yuri
pegasus	1girl,solo,multiple_girls
themed_object	1girl,solo,multiple_girls
alternate_species	1girl,solo,1boy,multiple_girls,male_focus,inkling
toddlercon	1girl,hetero,1boy,solo,solo_focus,age_difference,multiple_girls
self_cosplay	1girl,solo,magical_girl,multiple_girls
easter	1girl,solo,multiple_girls,2girls
sheet_ghost	1girl,halloween,solo,multiple_girls,2girls,1boy
y2k_fashion	1girl,solo,multiple_girls,2girls
wizard	1girl,solo,1boy,male_focus,multiple_boys,multiple_girls
boy_sandwich	multiple_boys,1girl,2boys,male_focus,3boys,hetero,yaoi,bara
female_butler	butler,multiple_girls,1girl,solo,2girls,maid,crossdressing
step-siblings	siblings,multiple_girls,1boy,brother_and_sister,2girls,1girl,sisters,yuri,step-sisters,step-brother_and_step-sister,multiple_boys
body_horror	1girl,solo,horror_(theme),1boy
male_on_futa	1girl,1boy,solo_focus,futa_without_pussy,multiple_boys,newhalf_with_male
military_operator	1girl,solo,military,multiple_girls
saiyan	super_saiyan,male_focus,multiple_boys,super_saiyan_4,solo,1boy,1girl,super_saiyan_1
rabbit_costume	multiple_girls,1girl,solo,2girls
zenra	multiple_girls,1girl,solo,2girls,multiple_boys
masked	1girl,solo,1boy,male_focus,multiple_boys,multiple_girls
warrior	1girl,solo
travel_attendant	1girl,solo,multiple_girls
nazi	1girl,solo,military,multiple_girls
magician	1girl,solo,multiple_girls
strong	1girl,multiple_girls,solo,1boy,2girls
siren_(azur_lane)	1girl,solo,multiple_girls
martial_arts	1girl,solo,kung_fu,multiple_girls,1boy
policeman	police,1boy,multiple_boys,1girl,male_focus,2boys,policewoman,multiple_girls,bara
body_switch	personality_switch,1girl,multiple_girls,1boy,2girls
beach_volleyball	multiple_girls,1girl,solo,2girls
sukeban	delinquent,1girl,solo,multiple_girls,2girls
waiter	1boy,1girl,multiple_boys,male_focus,multiple_girls,waitress,2boys,solo
housewife	1girl,solo,1boy
murder	death,1girl,multiple_girls,1boy,2girls,multiple_boys
holocouncil	virtual_youtuber,multiple_girls,5girls,6+girls,holomyth
mechanic	1girl,solo,multiple_girls
victorian_maid	maid,1girl,solo,multiple_girls,enmaided
disguise	multiple_girls,1girl,2girls,1boy,solo
party	multiple_girls,multiple_boys,6+girls
team_magma	1girl,team_magma_uniform,solo,multiple_girls,multiple_boys
train_conductor	1girl,multiple_girls,solo,2girls,siblings,sisters,twins
japan_self-defense_force	military,1girl,japan_ground_self-defense_force,solo,multiple_girls
kyuudou	1girl,solo,multiple_girls
graduation	1girl,solo,multiple_girls
himejoshi	multiple_girls,yuri,3girls
yandere_trance	1girl,solo,yandere
teamwork	multiple_girls,2girls,multiple_boys,military
witch_(madoka_magica)	1girl,magical_girl,multiple_girls,solo
year_of_the_rooster	chinese_zodiac,1girl,new_year,solo
accidental_pervert	1girl,1boy,hetero,multiple_girls,2girls
cowboy	cowboy_western,1girl,solo,1boy,male_focus
fighting_game	1girl,multiple_girls,solo,2girls
tea_party_(blue_archive)	multiple_girls,3girls
tour_guide	1girl,solo
tennis	1girl,solo,multiple_girls
time_stop	multiple_girls,1girl,1boy,hetero,2girls
yuki_onna	1girl,solo
priestess	1girl,solo,multiple_girls
rhythmic_gymnastics	gymnastics,1girl,solo
paradeus	1girl,solo,multiple_girls
lifeguard	1girl,solo,male_focus,bara,1boy
inner_senshi	magical_girl,multiple_girls,sailor_senshi,5girls,2girls
kappa	1girl,multiple_girls,solo
magical_boy	1boy,magical_girl,male_focus,solo,multiple_girls,1girl
slice_of_life	multiple_girls,1girl,solo,2girls
too_many_cats	1girl,solo
funeral_dress	1girl,solo,multiple_girls,2girls
seraph	solo,1girl,1boy,male_focus
ainu	1girl,solo,1boy
familiar	1girl,solo
grass_root_youkai_network	multiple_girls,3girls
monk	1girl,solo,1boy,male_focus,multiple_boys
mamemaki	setsubun,multiple_girls,1girl,solo,2girls
ero_guro	guro,1girl,solo,hetero,1boy,multiple_girls
super_saiyan_blue	super_saiyan,male_focus,multiple_boys,1boy,solo,2boys
implied_incest	1girl,1boy,siblings,brother_and_sister,hetero,multiple_girls,solo
primarch	male_focus,1boy,solo,multiple_boys,1girl
quintuplets	multiple_girls,siblings,sisters,5girls
tiger_i	military,multiple_girls,1girl,solo
virgin	1girl,solo,multiple_girls,hetero,1boy
dinosaur_costume	1girl,multiple_girls,solo,virtual_youtuber
u.n._spacy	science_fiction,military,no_humans,1girl,1boy
uncle_and_niece	1boy,1girl,multiple_girls,multiple_boys,siblings
for_adoption	1girl,solo,multiple_girls
5others	multiple_others,1girl
tiger_costume	1girl,solo,multiple_girls,chinese_zodiac,year_of_the_tiger,new_year
firefighter	1girl,firefighter_jacket,solo
queen	1girl,solo
mascot_costume	1girl,multiple_girls,solo
hololive_fantasy	virtual_youtuber,multiple_girls,5girls
italy	1girl,solo,multiple_girls
cowgirl_(western)	1girl,solo,cowboy_western
dj	1girl,solo,multiple_girls
hannya	1girl,solo
weight_gain	1girl,solo,weight_conscious
aunt_and_nephew	1boy,1girl,hetero,age_difference,multiple_girls,onee-shota
banchou	delinquent,1girl,solo,multiple_girls
kidnapping	1girl,multiple_girls,1boy
bakeneko	1girl,solo
fujoshi	1girl,multiple_girls,solo,multiple_boys
kung_fu	1girl,solo,martial_arts
team_magma_uniform	team_magma,1girl,solo
prisoner	1girl,solo
cashier	1girl,multiple_girls
rivalry	multiple_girls,2girls
will-o'-the-wisp_(mythology)	1girl,solo
amazon_warrior	1girl,solo
imperial_japanese_navy	military,no_humans,1girl
buddhist_nun	nun,1girl,multiple_girls,solo
oiran	1girl,solo
genie	1girl,solo
phantom_thief	1girl,solo
mother_and_child	1girl,multiple_girls,1other
half-siblings	siblings,multiple_girls,multiple_boys,2girls,sisters
russian_clothes	1girl,solo
spartan_(halo)	1boy,science_fiction,solo,male_focus,1girl
n_corp._fanatic_(identity)_(project_moon)	1girl,1boy
muscular_uke	male_focus,multiple_boys,yaoi,2boys,bara,couple
other_with_female	1other,1girl
dancer_(fire_emblem:_three_houses)	dancer,1girl,solo
indian	1girl,solo
firefighter_jacket	firefighter,1girl,solo
implied_prostitution	1girl,solo
kidnapped	1girl,multiple_girls
neet	1girl,solo
moth_antennae	1girl,solo
cannibalism	1girl,guro
grandmother_and_granddaughter	multiple_girls,2girls
newhalf_with_female	futa_with_female,futa_without_pussy,multiple_girls,2girls
forced	1girl,multiple_girls
tea_party	multiple_girls
mixed-sex_combat	1girl,1boy,hetero,femdom
alter_servant	dark_persona,solo,1girl
holox	virtual_youtuber,multiple_girls,5girls
carhop	waitress,1girl,solo,multiple_girls
maid_cafe	maid,multiple_girls,1girl
scientist	1girl,science_fiction
destroyer	military,1girl,solo,personification
conductor	1girl,solo
lion_dance	solo,1girl
marching_band	1girl,solo
jedi	1girl,solo
panda_costume	1girl,multiple_girls
soapland	1girl,1boy,hetero
grandmother_and_grandson	1girl,1boy
newhalf_with_male	futa_without_pussy,1girl,1boy,male_on_futa
yakuza	1girl,1boy
magic_trick	1girl
husky	1girl
shadow_(shadows_house)	multiple_girls,2girls
punishment	1girl,multiple_girls
sleepover	multiple_girls
straw_hat_pirates	multiple_boys,multiple_girls,2girls,6+boys
school_nurse	1girl,solo
griffin	1girl
transgender_flag	1girl,solo
human_dog	1girl
titan_(titanfall)	science_fiction,1girl
demon_costume	1girl,multiple_girls
japan_ground_self-defense_force	japan_self-defense_force,military,1girl
sith	solo,1girl
imperium_of_man	1girl
master_and_servant	multiple_girls,maid,2girls,yuri
ethereal_(zenless_zone_zero)	1girl
prince	
necromancer	1girl
undersized_animal	no_humans
bee_costume	1girl
mixed_maids	maid,multiple_girls,wa_maid,2girls
barmaid	1girl,solo
coach	1girl
cub	1girl
blacksmith	1girl,solo
togruta	1girl,solo
science	1girl
argentina	
king	
yuujo	1girl,solo
nakai_(waitress)	1girl,solo
husband_and_husband	multiple_boys,yaoi,male_focus,2boys,couple
legendary_super_saiyan	super_saiyan,male_focus
step-sisters	multiple_girls,siblings,sisters,step-siblings,yuri,2girls
shotadom	age_difference,1girl,multiple_boys,onee-shota
sumo	
netorase	1girl,hetero
male_harem	multiple_boys,1girl
reverse_ryona	1boy,1girl,hetero,femdom
shadaloo_dolls	1girl,solo
bimbofication	1girl
pink_cat	1girl
toucan	1girl
year_of_the_goat	chinese_zodiac,1girl,new_year,solo
grandfather_and_grandson	multiple_boys
gladiator	1girl
ravenclaw	
aquarius_(constellation)	1girl,solo
barbarian	1girl
food_costume	1girl
stormtrooper	
qi_maid	maid,1girl
dinosaur_hood	1girl
farmer	
fox_costume	multiple_girls
shinto	
mailman	1girl
croupier	1girl,solo
step-brother_and_step-sister	step-siblings,siblings,1boy,brother_and_sister,1girl
forced_partners	multiple_girls,2girls
german_army	military
quincy_(bleach)	
gangster	
mexican_clothes	
anglerfish_costume	
united_states_marine_corps	
antelope_horns	
armored_trooper	
organization_xiii	
bousouzoku	delinquent
paladin	
cupid	
caveman	
politician	
security_guard	
heian	
geisha	
gold_saint	
ninjutsu_research_club_(blue_archive)	multiple_girls
thief	
guide	
harlequin	
photographer	
zookeeper	
british_army	
cavalry	
mandalorian	
uncle_and_nephew	multiple_boys
dragoon	
plague_doctor	
combat_medic	
jockey	
