tag	count	related
open clothes	406119	
clothes lift	191932	
see-through clothes	139710	
zettai ryouiki	105127	
cameltoe	90601	
ass visible through thighs	87312	
no panties	85188	
clothes pull	76119	
skirt lift	67338	
lifting own clothes	64326	
underwear only	60236	
pantyshot	55701	
no pants	52713	
revealing clothes	50009	
undressing	49461	
clothing aside	40481	
clothed female nude male	36060	
no headwear	31042	
dress lift	30566	
upskirt	28689	
adjusting clothes	21160	
panties aside	21073	
skirt hold	20302	
holding unworn clothes	20060	
panties around one leg	18570	
bikini under clothes	18507	
midriff peek	16931	
pulling own clothes	16253	
unbuttoned	15378	
unzipped	13508	
wind lift	13370	
pants pull	9943	
skirt pull	8883	
bra visible through clothes	8022	
sweater lift	7793	
see-through cleavage	7624	
clothes grab	7205	
shorts pull	7016	
crotchless	6522	
dressing	5780	
no socks	5574	
dress pull	5413	
wedgie	5376	
framed breasts	5011	
assisted exposure	4714	
no legwear	4062	
lifting another's clothes	3731	
breastless clothes	3434	
shirt tug	3290	
skirt tug	3155	
pulling another's clothes	2964	
clothes down	2857	
skirt around one leg	2713	
open skirt	2555	
through clothes	2308	
dress tug	1977	
undressing another	1856	
accidental exposure	1800	
untying	1601	
no gloves	1466	
upshorts	1450	
hoodie lift	1449	
clothes between thighs	1432	
nippleless clothes	1318	
shirt grab	1288	
opened by self	1285	
unzipping	1278	
no mask	1269	
buruma pull	1226	
jacket pull	1194	
holding behind back	1155	
tearing clothes	1134	
wringing clothes	1119	
clothes tug	992	
skirt flip	960	
jacket lift	939	
removing jacket	869	
dressing another	837	
male underwear pull	827	
unfastened	821	
sweater pull	779	
exploding clothes	762	
tying	700	
adjusting buruma	675	
coat partially removed	633	
folded clothes	589	
trying on clothes	584	
shorts aside	546	
skirt caught on object	542	
implied pantyshot	502	
covering chest	496	
bloomers pull	468	
clothes in front	468	
bike shorts pull	447	
holding clothes hanger	447	
frontal wedgie	440	
arm out of sleeve	438	
sweater tug	436	
jacket over shoulder	430	
skirt rolled up	421	
adjusting another's clothes	420	
holding cloth	420	
changing clothes	384	
string pull	381	
top pull	376	
clothed bath	373	
wringing skirt	373	
clitoris slip	348	
no male underwear	307	
shirt hold	268	
under skirt	267	
jacket tug	264	
unbuttoning	245	
ripping	239	
skirt around ankles	236	
self wedgie	230	
holding over opposite shoulder	217	
pantsing	214	
dress flip	208	
shirt down	206	
dress grab	194	
coat lift	189	
tube top lift	186	
skirt grab	178	
pants lift	177	
zipping	166	
jacket grab	164	
leggings pull	164	
covering another's breasts	156	
shorts lift	140	
buttoning	138	
removing coat	124	
extended upskirt	120	
opening another's clothes	117	
bulge lift	113	
covering another's crotch	107	
around ankles		
around one leg		
ass visible through clothes		
down		
lifting skirt		
open		
overskirt lift		
revealing		
slip		
untied		
