1girl	solo,hetero,1boy,virtual_youtuber,solo_focus,maid,military,multiple_boys,magical_girl,christmas,personification,borrowed_character,lolita_fashion,couple,1other,enmaided,halloween,2boys,interracial,age_difference,cheerleader,nun,valentine,office_lady,brother_and_sister,new_year,3boys,gothic_lolita,nontraditional_miko,nurse,miko,witch,chinese_zodiac,onee-shota,mecha_musume,ninja,race_queen,science_fiction,interspecies,kitsune,waitress,idol,inkling,summer,unconventional_maid,size_difference,oppai_loli,winter,bride,police,nekomata,netorare,animification,dancer,femdom,jirai_kei,dark_persona,siblings,policewoman,yandere,husband_and_wife,nontraditional_playboy_bunny,goth_fashion,ancient_egyptian,instant_loss,pokephilia,4boys,kyuubi,jiangshi,furry_with_non-furry,teacher,humanization,anniversary,octoling,wa_maid,slime_girl,incest,karakasa_obake,corruption,prostitution,slave,multiple_others,horror_(theme),knight,cheating_(relationship),creature_and_personification,year_of_the_tiger,tsundere,mother_and_son,princess,bangboo_(zenless_zone_zero),year_of_the_rabbit,year_of_the_ox,humiliation,pirate,transformation,sangvis_ferri,ballerina,surreal,father_and_daughter
solo	1girl,virtual_youtuber,male_focus,maid,1boy,magical_girl,military,christmas,lolita_fashion,enmaided,bara,halloween,valentine,borrowed_character,personification,cheerleader,new_year,science_fiction,nun,gothic_lolita,chinese_zodiac,nontraditional_miko,miko,mecha_musume,office_lady,witch,no_humans,nurse,race_queen,ninja,crossdressing,waitress,idol,kitsune,summer,unconventional_maid,winter,nekomata,dancer,inkling,animification,dark_persona,bride,jirai_kei,nontraditional_playboy_bunny,goth_fashion,police,ancient_egyptian,kyuubi,1other,jiangshi,wa_maid,policewoman,karakasa_obake,oppai_loli,humanization,yandere,anniversary,animal_focus,octoling,year_of_the_tiger,fusion,year_of_the_rabbit,knight,year_of_the_ox,horror_(theme),teacher,corruption,slime_girl,e.g.o_(project_moon),kono_lolicon_domome,surreal,pirate,super_saiyan,bunny_day,ballerina,cat_day,samurai,year_of_the_dragon,ballet,sangvis_ferri,princess,sailor,year_of_the_snake,serval_print,shinsengumi,paizuri_invitation,cowboy_western,heart-shaped_boob_challenge,k/da_(league_of_legends),self-harm,knight_(chess),guro,tsundere,stripper,weight_conscious,slave,clothed_pokemon,bangboo_(zenless_zone_zero),transformation
multiple_girls	2girls,yuri,3girls,4girls,6+girls,sisters,siblings,5girls,multiple_boys,twins,dual_persona,futa_with_female,mother_and_daughter,1boy,everyone,maid,virtual_youtuber,military,6+boys,2boys,couple,incest,magical_girl,3boys,multiple_persona,solo_focus,onee-loli,wife_and_wife,age_difference,femdom,hetero,female_pervert,clone,nontraditional_miko,pervert,family,harem,bisexual_female,4boys,fff_threesome,in-franchise_crossover,futa_with_futa,time_paradox,christmas,inkling,halloween,5boys,ho-kago_tea_time,anniversary,size_difference,father_and_daughter,serval_print,selfcest,brother_and_sister,nun,kodomo_doushi,new_year,yukkuri_shiteitte_ne,twincest,cousins,miko,enmaided,1other,angel_and_devil,lolita_fashion,octoling,triplets,holomyth,team_9_(touhou),karakasa_obake,jiangshi,glutton,friends,look-alike,aunt_and_niece,valentine,personification,sexual_coaching,game_development_department_(blue_archive),witch,waitress,mother_and_son,motherly,idol,absolutely_everyone,nekomata,kitsune,sailor_senshi,interracial,police,gothic_lolita,holocouncil,husband_and_wife,misunderstanding,nurse,tsundere,summer,tea_party_(blue_archive),winter,role_reversal
1boy	hetero,male_focus,solo_focus,1girl,couple,brother_and_sister,bara,age_difference,crossdressing,interracial,multiple_girls,onee-shota,solo,siblings,2girls,femdom,husband_and_wife,interspecies,size_difference,military,incest,father_and_daughter,virtual_youtuber,netorare,3girls,furry_with_non-furry,instant_loss,mother_and_son,bisexual_female,harem,futa_on_male,maid,twins,pokephilia,cheating_(relationship),1other,family,super_saiyan,male_playboy_bunny,mother_and_daughter,4girls,furry_with_furry,male_maid,kodomo_doushi,nun,6+girls,prostitution,lolidom,alternate_universe,borrowed_character,tentacles_on_male,sexual_coaching,science_fiction,oppai_loli,male_on_futa,dual_persona,salaryman,personification,knight,sisters,alternate_form,sadism,christmas,wedding,transformation,5girls,magical_boy,animification,ninja,super_saiyan_4,aunt_and_nephew,e.g.o_(project_moon),police,priest,groom,nurse,office_lady,death,multiple_others,yandere,pervert,butler,cousins,implied_yaoi,mixed-sex_combat,team_rocket,inkling,tsundere,enmaided,super_saiyan_1,twincest,abuse,chikan,halloween,reverse_fellatio,newhalf_with_male,bride,humiliation,uncle_and_niece,humanization
2girls	multiple_girls,yuri,sisters,siblings,twins,dual_persona,futa_with_female,mother_and_daughter,1boy,couple,incest,virtual_youtuber,multiple_boys,wife_and_wife,maid,onee-loli,femdom,2boys,bisexual_female,age_difference,military,solo_focus,hetero,magical_girl,futa_with_futa,female_pervert,pervert,family,inkling,selfcest,twincest,time_paradox,kodomo_doushi,size_difference,nontraditional_miko,christmas,angel_and_devil,father_and_daughter,cousins,serval_print,3boys,halloween,in-franchise_crossover,sexual_coaching,octoling,brother_and_sister,enmaided,interracial,new_year,look-alike,lolita_fashion,miko,4boys,mother_and_son,friends,valentine,clone,yukkuri_shiteitte_ne,futasub,husband_and_wife,1other,borrowed_character,interspecies,jiangshi,role_reversal,personification,dark_persona,newhalf_with_female,nun,witch,motherly,waitress,police,kitsune,gothic_lolita,tsundere,karakasa_obake,nurse,anniversary,6+boys,winter,wedding,nekomata,step-sisters,aunt_and_niece,summer,furry_with_furry,animification,policewoman,alternate_universe,glutton,shadow_(shadows_house),chinese_zodiac,death,futa_without_pussy,implied_yuri,5boys,office_lady,rivalry,cheerleader
hetero	1boy,solo_focus,1girl,couple,interracial,age_difference,multiple_boys,onee-shota,interspecies,3boys,netorare,femdom,2boys,furry_with_non-furry,incest,instant_loss,pokephilia,cheating_(relationship),size_difference,4boys,husband_and_wife,virtual_youtuber,harem,multiple_girls,2girls,brother_and_sister,prostitution,bisexual_female,kodomo_doushi,furry_with_furry,siblings,5boys,reverse_fellatio,chikan,lolidom,sexual_coaching,6+boys,abuse,borrowed_character,oppai_loli,humiliation,slave,maid,sadism,mother_and_son,toddlercon,3girls,twincest,nun,drugged,wedding,military,anal_only,groom,public_use,twins,captured,nurse,sisters,father_and_daughter,ryona,cheerleader,bride,mother_and_daughter,netorase,mixed-sex_combat,josou_seme,teacher_and_student,teacher,boy_sandwich,office_lady,aunt_and_nephew,drugs,slime_girl,reverse_ryona,soapland,pervert,dominatrix,christmas,accidental_pervert,crossdressing,masochism,family,4girls,cousins,ero_guro,ninja,time_stop,female_pervert,miko,implied_incest,selfcest,magical_girl,tsundere,role_reversal,sheikah,police,personification,implied_after_sex,topless_female
virtual_youtuber	1girl,solo,multiple_girls,2girls,solo_focus,holomyth,hetero,1boy,jirai_kei,holocouncil,hololive_fantasy,yuri,maid,holox,3girls,5girls,twins,nurse,pirate,idol,lolita_fashion,mascot,nun,detective,gothic_lolita,wa_maid,enmaided,sisters,4girls,multiple_boys,siblings,interracial,male_focus,1other,christmas,6+girls,halloween,nontraditional_miko,goth_fashion,valentine,dual_persona,yandere,2boys,summer,office_lady,dinosaur_costume,unconventional_maid,anniversary,cheerleader,multiple_others,police,3boys,new_year,dark_persona,futa_with_female,witch,mother_and_daughter,tanuki,policewoman,princess,winter,crossdressing,nontraditional_playboy_bunny,couple,objectification,4boys,bunny_day,instant_loss,chinese_zodiac,miko,multiple_persona,everyone,horror_(theme),2others,delinquent,age_difference,astronaut,summer_festival,wife_and_wife,female_pervert,fusion,femdom,pervert,topless_female,bride,science_fiction,clone,selfcest,race_queen,cat_day,cowboy_western,clothed_animal,6+others,size_difference,onee-shota,6+boys,kitsune,bisexual_female,waitress,netorare
solo_focus	hetero,1boy,1girl,multiple_boys,interracial,2boys,1other,3boys,multiple_girls,virtual_youtuber,yaoi,interspecies,4boys,2girls,people,male_focus,furry_with_non-furry,femdom,netorare,age_difference,multiple_others,pokephilia,5boys,size_difference,6+boys,chikan,3girls,bara,prostitution,humiliation,abuse,instant_loss,reverse_fellatio,maid,cheating_(relationship),borrowed_character,oppai_loli,male_on_futa,2others,slave,6+others,nun,cheerleader,military,crossdressing,penis_size_difference,public_use,onee-shota,office_lady,nurse,lolidom,4girls,furry_with_furry,anal_only,futa_with_female,captured,ryona,incest,yuri,toddlercon,mmm_threesome,christmas,sadism,police,siblings,drugged,death,brother_and_sister,pervert,magical_girl,teacher,jiangshi,5girls,6+girls,female_pervert,personification,policewoman,miko,slime_girl,waitress,drugs,ninja,masochism,torture,yandere,sangvis_ferri,guro,enmaided,bride,science_fiction,kitsune,idol,futa_on_male,futasub,halloween,topless_female,soldier,futa_without_pussy,ancient_egyptian,couple
male_focus	1boy,yaoi,bara,2boys,multiple_boys,crossdressing,solo,3boys,super_saiyan,male_playboy_bunny,brothers,male_maid,4boys,mmm_threesome,onii-shota,implied_yaoi,super_saiyan_4,super_saiyan_1,couple,tentacles_on_male,6+boys,father_and_son,solo_focus,penis_size_difference,super_saiyan_blue,5boys,muscular_uke,size_difference,josou_seme,saiyan,dual_persona,salaryman,animification,alternate_form,husband_and_husband,knight,alternate_universe,boy_sandwich,interspecies,interracial,primarch,e.g.o_(project_moon),science_fiction,magical_boy,samurai,maid,furry_with_non-furry,furry_with_furry,hyur,transformation,enmaided,priest,policeman,ninja,humanization,virtual_youtuber,siblings,multiple_persona,legendary_super_saiyan,1other,age_difference,military,personification,masked,waiter,spartan_(halo),death,teacher_and_student,time_paradox,dark_persona,cowboy,lifeguard,selfcest,wizard,guro,clown,horror_(theme),christmas,butler,multiple_others,police,pirate,chinese_zodiac,nun,doctor,kodomo_doushi,monk,soldier,fusion,seraph,anniversary,shinsengumi,clone,halloween,alternate_species,surreal,winter,onmyouji,ancient_egyptian,oversized_animal
multiple_boys	2boys,3boys,yaoi,male_focus,4boys,6+boys,5boys,bara,hetero,brothers,solo_focus,multiple_girls,father_and_son,everyone,crossdressing,6+girls,interracial,1girl,siblings,2girls,3girls,couple,mmm_threesome,family,onii-shota,4girls,interspecies,brother_and_sister,boy_sandwich,mother_and_son,age_difference,size_difference,dual_persona,penis_size_difference,netorare,father_and_daughter,super_saiyan,josou_seme,5girls,muscular_uke,alternate_universe,absolutely_everyone,furry_with_non-furry,multiple_persona,time_paradox,husband_and_wife,straw_hat_pirates,super_saiyan_1,implied_yaoi,husband_and_husband,anniversary,male_harem,onee-shota,furry_with_furry,male_playboy_bunny,soldier,animification,grandfather_and_grandson,bisexual_female,humiliation,military,super_saiyan_4,chikan,knight,1other,twins,policeman,in-franchise_crossover,science_fiction,reverse_fellatio,cheating_(relationship),male_maid,multiple_others,super_saiyan_blue,saiyan,kodomo_doushi,salaryman,death,teacher_and_student,uncle_and_nephew,ninja,mother_and_daughter,people,hyur,clone,waiter,friends,captured,butler,police,shotadom,maid,slave,virtual_youtuber,priest,alternate_form,prostitution,half-siblings,team_rocket,party
yuri	2girls,multiple_girls,couple,wife_and_wife,incest,onee-loli,femdom,fff_threesome,selfcest,3girls,twincest,sisters,female_pervert,kodomo_doushi,pervert,age_difference,siblings,himejoshi,4girls,virtual_youtuber,step-sisters,wedding,harem,twins,angel_and_devil,interspecies,dual_persona,mother_and_daughter,furry_with_furry,interracial,6+girls,maid,magical_girl,5girls,teacher_and_student,bride,valentine,military,confession,step-siblings,groom,size_difference,master_and_servant,tsundere,dominatrix,luna_nova_school_uniform,role_reversal,cousins,crisis_management_form_(machimazo),clone,aunt_and_niece,borrowed_character,nontraditional_miko,solo_focus,serval_print,masochism,slave,christmas,yandere,inkling,time_paradox,miko,chimera,lolidom,misunderstanding,slime_girl,in-franchise_crossover,nurse,family,cheating_(relationship),humiliation,multiple_persona,octoling,native_american,halloween,office_lady,furry_with_non-furry,hyur,animification,nun,alternate_universe,netorare,ryona,dark_persona,personification,transformation,witch,humanization,lolita_fashion,princess,winter,police,policewoman,teacher,enmaided,sailor,everyone,nekomata,jiangshi,waitress
3girls	multiple_girls,fff_threesome,yuri,sisters,multiple_boys,siblings,multiple_persona,triplets,1boy,3boys,harem,grass_root_youkai_network,mother_and_daughter,tea_party_(blue_archive),military,2boys,maid,futa_with_female,family,virtual_youtuber,solo_focus,twins,clone,4boys,aunt_and_niece,dual_persona,6+boys,female_pervert,pervert,himejoshi,5boys,hetero,in-franchise_crossover,nontraditional_miko,age_difference,halloween,time_paradox,christmas,1other,magical_girl,femdom,anniversary,nun,idol,yukkuri_shiteitte_ne,misunderstanding,glutton,brother_and_sister,motherly,nekomata,new_year,onee-loli,father_and_daughter,enmaided,everyone,miko,waitress,incest,kitsune,bisexual_female,friends,karakasa_obake,witch,futa_with_futa,prank,bullying,serval_print,bangboo_(zenless_zone_zero),size_difference,personification,police,look-alike,lolita_fashion,people,jiangshi,multiple_others,cheerleader,valentine,inkling,theft,mother_and_son,festival,kyuubi,netorare,setsubun,summer,sexual_coaching,policewoman,wife_and_wife,yandere,tsundere,ninja,humiliation,implied_yuri,kodomo_doushi,angel_and_devil,alternate_universe,onee-shota,slave,butler
2boys	multiple_boys,yaoi,male_focus,bara,brothers,hetero,crossdressing,father_and_son,solo_focus,multiple_girls,couple,onii-shota,interracial,1girl,2girls,siblings,size_difference,interspecies,family,penis_size_difference,mother_and_son,muscular_uke,josou_seme,age_difference,brother_and_sister,dual_persona,netorare,boy_sandwich,3girls,father_and_daughter,furry_with_non-furry,husband_and_husband,implied_yaoi,super_saiyan,furry_with_furry,alternate_universe,4girls,male_playboy_bunny,husband_and_wife,male_maid,bisexual_female,time_paradox,kodomo_doushi,salaryman,reverse_fellatio,twins,super_saiyan_1,onee-shota,6+girls,animification,cheating_(relationship),teacher_and_student,friends,mother_and_daughter,policeman,selfcest,incest,1other,hyur,super_saiyan_4,pokephilia,military,humiliation,death,science_fiction,knight,5girls,super_saiyan_blue,multiple_others,butler,maid,alternate_form,anniversary,police,everyone,ninja,waiter,chikan,tentacles_on_male,virtual_youtuber,priest,in-franchise_crossover,abuse,instant_loss,people,prostitution,christmas,clone,slave,halloween,doctor,cousins,soldier,transformation,enmaided,e.g.o_(project_moon),nun,ryona,humanization,inkling
maid	enmaided,unconventional_maid,wa_maid,1girl,solo,male_maid,multiple_girls,victorian_maid,crossdressing,2girls,butler,mixed_maids,maid_cafe,6+girls,waitress,master_and_servant,qi_maid,1boy,twins,virtual_youtuber,3girls,sisters,siblings,4girls,hetero,female_butler,bangboo_(zenless_zone_zero),solo_focus,yuri,5girls,male_focus,multiple_boys,everyone,valentine,2boys,game_development_department_(blue_archive),sangvis_ferri,lolita_fashion,dual_persona,1other,borrowed_character,gothic_lolita,multiple_persona,femdom,3boys,clothed_pokemon,age_difference,nurse,6+boys,yaoi,pervert,futa_with_female,female_pervert,halloween,clone,miko,yukkuri_shiteitte_ne,4boys,nekomata,yandere,kitsune,military,size_difference,onee-shota,nun,nontraditional_miko,anniversary,witch,brother_and_sister,multiple_others,incest,couple,interracial,5boys,personification,mother_and_daughter,christmas,new_year,science_fiction,magical_girl
siblings	sisters,twins,brother_and_sister,incest,brothers,multiple_girls,2girls,twincest,step-siblings,1boy,quintuplets,game_development_department_(blue_archive),multiple_boys,3girls,family,mother_and_daughter,mother_and_son,yuri,2boys,step-sisters,half-siblings,father_and_son,6+girls,4girls,father_and_daughter,step-brother_and_step-sister,aunt_and_niece,triplets,hetero,age_difference,implied_incest,5girls,everyone,maid,6+boys,3boys,1girl,kodomo_doushi,train_conductor,onee-shota,uncle_and_niece,husband_and_wife,bisexual_female,4boys,fff_threesome,virtual_youtuber,male_focus,alternate_universe,absolutely_everyone,crossdressing,time_paradox,femdom,futa_with_female,lolita_fashion,anniversary,5boys,harem,couple,bangboo_(zenless_zone_zero),onee-loli,christmas,clone,cousins,dual_persona,halloween,solo_focus,military,enmaided,futa_with_futa,gothic_lolita,pervert,new_year,multiple_others,female_pervert,wife_and_wife,size_difference,animification,yaoi,wa_maid,1other,winter,miko,multiple_persona,2others,idol,kitsune,nun,summer,valentine,ninja,nekomata,personification,police,bride,waitress,witch,interracial,cheerleader,chinese_zodiac,magical_girl
4girls	multiple_girls,game_development_department_(blue_archive),multiple_boys,team_9_(touhou),harem,sisters,siblings,4boys,multiple_persona,yuri,ho-kago_tea_time,3boys,1boy,6+boys,military,2boys,twins,5boys,maid,everyone,clone,nontraditional_miko,mother_and_daughter,anniversary,virtual_youtuber,in-franchise_crossover,nun,family,magical_girl,pervert,female_pervert,triplets,dual_persona,solo_focus,halloween,futa_with_female,serval_print,1other,brother_and_sister,christmas,new_year,yukkuri_shiteitte_ne,enmaided,hetero,time_paradox,festival,age_difference,glutton,octoling,nekomata,femdom,waitress,idol,miko,inkling,size_difference,witch,jiangshi,summer,multiple_others,personification,lolita_fashion,valentine,kitsune,alternate_universe,people,karakasa_obake,father_and_daughter,winter,ninja,tsundere,onee-loli,yandere,death,gothic_lolita,police,cheerleader,chinese_zodiac,nurse,crossdressing,kyuubi,knight,couple,science_fiction,incest,onee-shota,office_lady,borrowed_character
military	soldier,japan_self-defense_force,multiple_girls,1girl,war,tiger_i,pilot,solo,japan_ground_self-defense_force,1boy,nazi,destroyer,imperial_japanese_navy,2girls,science_fiction,6+girls,military_operator,3girls,u.n._spacy,german_army,mecha_musume,4girls,no_humans,5girls,multiple_boys,nontraditional_miko,united_states,personification,hetero,6+boys,yuri,teamwork,male_focus,2boys,solo_focus,sailor,everyone,3boys,couple,multiple_others,siblings,sisters,tsundere,size_difference,5boys,valentine,4boys,death,winter,pervert,dual_persona,yandere,1other,multiple_persona,female_pervert,police,age_difference,2others,anniversary,mother_and_daughter,femdom,maid,kitsune,onee-shota,new_year,crossdressing,christmas,borrowed_character,lolita_fashion,bara,virtual_youtuber,magical_girl,yaoi
no_humans	animal_focus,science_fiction,evolutionary_line,shiny_pokemon,decepticon,fusion,clothed_animal,clothed_pokemon,undersized_animal,solo,evangelion_(mecha),objectification,imperial_japanese_navy,u.n._spacy,military,horror_(theme),mega_pokemon,eldritch_abomination,war,yukkuri_shiteitte_ne,surreal,chimera,multiple_others,alternate_form,oversized_animal,winter,summer,2others,transformation,size_difference,everyone,halloween,chinese_zodiac,virtual_youtuber,christmas,multiple_boys,solo_focus,male_focus,1boy,2boys,1other,1girl,multiple_girls,2girls
6+girls	everyone,multiple_girls,6+boys,absolutely_everyone,multiple_boys,multiple_persona,clone,harem,siblings,sisters,holocouncil,military,maid,anniversary,nontraditional_miko,team_9_(touhou),in-franchise_crossover,party,4boys,5boys,karakasa_obake,nun,twins,dual_persona,1boy,3boys,yukkuri_shiteitte_ne,holomyth,glutton,yuri,sailor_senshi,magical_girl,sailor,ho-kago_tea_time,2boys,jiangshi,festival,mother_and_daughter,miko,virtual_youtuber,lolita_fashion,sangvis_ferri,personification,idol,serval_print,1other,time_paradox,brother_and_sister,christmas,witch,gothic_lolita,multiple_others,halloween,father_and_daughter,ninja,age_difference,pervert,female_pervert,nekomata,brothers,new_year,waitress,family,size_difference,people,cousins,nurse,kitsune,teacher,2others,solo_focus,father_and_son,soldier,police,hetero,mother_and_son,death,cheerleader,slime_girl,inkling,summer,crossdressing,knight,enmaided,tsundere,valentine,husband_and_wife,kyuubi,futa_with_female,femdom,science_fiction,winter,animification,octoling,policewoman,dark_persona,couple,chinese_zodiac,mecha_musume,office_lady
sisters	siblings,twins,multiple_girls,2girls,incest,twincest,quintuplets,game_development_department_(blue_archive),3girls,step-sisters,yuri,6+girls,4girls,aunt_and_niece,triplets,mother_and_daughter,step-siblings,5girls,family,maid,train_conductor,everyone,half-siblings,brother_and_sister,1boy,fff_threesome,age_difference,father_and_daughter,virtual_youtuber,bisexual_female,hetero,futa_with_female,multiple_boys,kodomo_doushi,onee-loli,lolita_fashion,harem,clone,brothers,femdom,6+boys,christmas,military,halloween,wife_and_wife,time_paradox,mother_and_son,enmaided,2boys,wa_maid,female_pervert,gothic_lolita,pervert,couple,new_year,kitsune,3boys,husband_and_wife,miko,anniversary,solo_focus,nekomata,4boys,nun,dual_persona,valentine,summer,cheerleader,1other,personification,size_difference,magical_girl,interracial,1girl
1other	solo_focus,other_with_female,1girl,1boy,multiple_girls,mother_and_child,multiple_boys,knight,astronaut,horror_(theme),solo,2girls,3girls,eldritch_abomination,e.g.o_(project_moon),size_difference,virtual_youtuber,male_focus,2boys,science_fiction,6+boys,6+girls,bangboo_(zenless_zone_zero),surreal,4girls,death,humanization,everyone,3boys,personification,interspecies,guro,mega_pokemon,oversized_animal,4boys,furry_with_non-furry,dual_persona,animal_focus,maid,shiny_pokemon,anniversary,5girls,military,siblings,winter,5boys,kitsune,nun,animification,halloween,brother_and_sister,witch,christmas,hetero,enmaided,crossdressing,sisters,borrowed_character,lolita_fashion,bara,valentine,couple,magical_girl,yuri,no_humans
magical_girl	sailor_senshi,inner_senshi,1girl,star_guardian_(league_of_legends),solo,multiple_girls,witch_(madoka_magica),magical_boy,2girls,in-franchise_crossover,henshin,5girls,self_cosplay,dual_persona,6+girls,yuri,dark_persona,corruption,3girls,female_pervert,pervert,transformation,4girls,everyone,multiple_persona,look-alike,1boy,solo_focus,time_paradox,hetero,multiple_boys,crossdressing,lolita_fashion,witch,anniversary,personification,couple,femdom,6+boys,siblings,2boys,3boys,sisters,1other,virtual_youtuber,military,maid,male_focus
couple	hetero,yuri,1boy,yaoi,husband_and_wife,bara,2girls,2boys,multiple_girls,multiple_boys,wedding,wife_and_wife,1girl,groom,male_focus,husband_and_husband,bride,furry_with_furry,muscular_uke,family,size_difference,interspecies,interracial,incest,age_difference,alternate_universe,twincest,furry_with_non-furry,father_and_son,siblings,onee-loli,father_and_daughter,mother_and_daughter,military,brother_and_sister,valentine,mother_and_son,alternate_form,winter,tsundere,crossdressing,virtual_youtuber,femdom,sisters,twins,christmas,animification,3boys,3girls,solo_focus,6+boys,6+girls,science_fiction,dual_persona,4girls,borrowed_character,magical_girl,office_lady,4boys,maid,halloween,1other,5girls
3boys	multiple_boys,mmm_threesome,hetero,male_focus,solo_focus,yaoi,multiple_girls,boy_sandwich,brothers,3girls,father_and_son,1girl,interracial,bara,4girls,2girls,crossdressing,siblings,family,everyone,age_difference,6+girls,netorare,brother_and_sister,5girls,multiple_persona,mother_and_son,interspecies,father_and_daughter,super_saiyan,onee-shota,alternate_universe,dual_persona,humiliation,size_difference,time_paradox,anniversary,soldier,multiple_others,cheating_(relationship),1other,military,animification,husband_and_wife,prostitution,knight,science_fiction,clone,slave,death,furry_with_non-furry,twins,virtual_youtuber,people,ninja,2others,mother_and_daughter,maid,police,couple,sisters,christmas,nun,halloween,incest,office_lady,borrowed_character,personification,enmaided,magical_girl,yuri
5girls	multiple_girls,ho-kago_tea_time,holomyth,quintuplets,holox,hololive_fantasy,holocouncil,inner_senshi,everyone,harem,multiple_boys,magical_girl,sisters,multiple_persona,siblings,team_9_(touhou),6+boys,game_development_department_(blue_archive),virtual_youtuber,sailor_senshi,military,5boys,clone,twins,maid,3boys,yuri,4boys,1boy,anniversary,nun,2boys,nontraditional_miko,female_pervert,pervert,mother_and_daughter,in-franchise_crossover,christmas,halloween,waitress,new_year,idol,solo_focus,dual_persona,miko,lolita_fashion,jiangshi,1other,brother_and_sister,age_difference,futa_with_female,winter,hetero,personification,gothic_lolita,enmaided,size_difference,summer,multiple_others,witch,valentine,kitsune,nurse,cheerleader,femdom,crossdressing,science_fiction,couple
yaoi	2boys,multiple_boys,male_focus,bara,mmm_threesome,onii-shota,couple,crossdressing,penis_size_difference,muscular_uke,josou_seme,husband_and_husband,size_difference,3boys,interracial,interspecies,solo_focus,furry_with_furry,furry_with_non-furry,boy_sandwich,4boys,age_difference,male_playboy_bunny,selfcest,teacher_and_student,kodomo_doushi,tentacles_on_male,brothers,salaryman,implied_yaoi,6+boys,father_and_son,male_maid,incest,5boys,hyur,dual_persona,pokephilia,clone,animification,siblings,maid,borrowed_character,christmas,enmaided,virtual_youtuber,1boy,military,multiple_girls,1girl,2girls,yuri,hetero,solo
christmas	1girl,solo,multiple_girls,2girls,winter,1boy,3girls,virtual_youtuber,multiple_boys,6+girls,4girls,siblings,hetero,solo_focus,male_focus,yuri,5girls,2boys,bara,sisters,couple,twins,3boys,mother_and_daughter,yaoi,brother_and_sister,1other,4boys,new_year,crossdressing,age_difference,no_humans,military,maid
bara	male_focus,yaoi,2boys,multiple_boys,1boy,muscular_uke,couple,mmm_threesome,tentacles_on_male,salaryman,size_difference,solo,interspecies,implied_yaoi,interracial,3boys,furry_with_non-furry,lifeguard,boy_sandwich,furry_with_furry,male_playboy_bunny,onii-shota,solo_focus,policeman,hyur,4boys,teacher_and_student,penis_size_difference,6+boys,father_and_son,5boys,age_difference,crossdressing,christmas,chinese_zodiac,humanization,police,incest,summer,halloween,borrowed_character,personification,new_year,valentine,1other,military,siblings,virtual_youtuber,1girl,multiple_girls
science_fiction	no_humans,evangelion_(mecha),u.n._spacy,decepticon,titan_(titanfall),mecha_musume,pilot,spartan_(halo),military,fusion,solo,scientist,1girl,soldier,animification,war,astronaut,multiple_boys,1boy,male_focus,size_difference,multiple_girls,multiple_others,1other,2boys,6+boys,police,2girls,humanization,transformation,3boys,alternate_universe,2others,personification,5boys,solo_focus,4boys,3girls,6+girls,dual_persona,couple,virtual_youtuber,4girls,5girls,yuri,siblings,hetero,maid
age_difference	onee-shota,onee-loli,onii-shota,hetero,1boy,size_difference,incest,shotadom,mother_and_son,multiple_girls,yuri,multiple_boys,2girls,teacher_and_student,1girl,femdom,2boys,mother_and_daughter,aunt_and_nephew,penis_size_difference,lolidom,siblings,yaoi,brother_and_sister,solo_focus,futa_with_female,toddlercon,interracial,futa_on_male,time_paradox,3boys,father_and_daughter,sisters,3girls,netorare,harem,couple,teacher,male_focus,cheating_(relationship),furry_with_furry,fff_threesome,4boys,bara,prostitution,pervert,female_pervert,interspecies,father_and_son,6+girls,family,5boys,4girls,dual_persona,everyone,pokephilia,6+boys,nun,crossdressing,maid,5girls,borrowed_character,military,virtual_youtuber,twins,christmas
dual_persona	selfcest,time_paradox,multiple_girls,2girls,dark_persona,multiple_boys,2boys,clone,male_focus,magical_girl,6+girls,3girls,yuri,everyone,1boy,6+boys,angel_and_devil,3boys,2others,4girls,1girl,super_saiyan,multiple_others,virtual_youtuber,transformation,multiple_persona,alternate_form,corruption,yaoi,humanization,4boys,siblings,anniversary,age_difference,personification,mother_and_daughter,1other,size_difference,crossdressing,animification,maid,brother_and_sister,5girls,hetero,military,lolita_fashion,futa_with_female,5boys,gothic_lolita,twins,enmaided,science_fiction,sisters,nun,couple,solo_focus,solo
halloween	witch,mummy,sheet_ghost,1girl,solo,multiple_girls,jiangshi,2girls,3girls,nurse,1boy,virtual_youtuber,4girls,multiple_boys,6+girls,siblings,nun,5girls,2boys,male_focus,sisters,inkling,lolita_fashion,yuri,gothic_lolita,solo_focus,twins,crossdressing,bara,1other,3boys,maid,hetero,no_humans,couple
personification	creature_and_personification,mecha_musume,1girl,solo,destroyer,shiny_pokemon,humanization,multiple_girls,military,1boy,animification,2girls,male_focus,6+girls,mega_pokemon,slime_girl,interspecies,furry_with_non-furry,3girls,1other,borrowed_character,multiple_boys,dual_persona,size_difference,science_fiction,hetero,solo_focus,4girls,2boys,lolita_fashion,5girls,yuri,magical_girl,siblings,bara,3boys,sisters,maid,virtual_youtuber
enmaided	maid,male_maid,crossdressing,unconventional_maid,1girl,solo,victorian_maid,multiple_girls,butler,wa_maid,2girls,waitress,virtual_youtuber,male_focus,1boy,3girls,4girls,multiple_boys,2boys,siblings,sisters,valentine,solo_focus,6+girls,5girls,hetero,dual_persona,yuri,twins,1other,yaoi,3boys
crossdressing	male_maid,male_focus,male_playboy_bunny,1boy,yaoi,multiple_boys,2boys,josou_seme,enmaided,maid,female_butler,butler,solo,3boys,brother_and_sister,4boys,penis_size_difference,lolita_fashion,siblings,6+boys,solo_focus,multiple_girls,1girl,gothic_lolita,femdom,bara,twins,5boys,hetero,bride,cheerleader,brothers,nun,nurse,waitress,2girls,dual_persona,couple,age_difference,virtual_youtuber,everyone,6+girls,incest,interracial,magical_girl,3girls,halloween,4girls,size_difference,1other,5girls,christmas,military,yuri
lolita_fashion	gothic_lolita,sweet_lolita,goth_fashion,1girl,solo,multiple_girls,virtual_youtuber,2girls,crossdressing,6+girls,twins,siblings,sisters,1boy,maid,everyone,3girls,dark_persona,4girls,5girls,halloween,dual_persona,multiple_boys,personification,witch,magical_girl,male_focus,solo_focus,yuri,hetero,2boys,1other,military
twins	siblings,sisters,twincest,brother_and_sister,game_development_department_(blue_archive),incest,multiple_girls,2girls,brothers,train_conductor,1boy,maid,yuri,virtual_youtuber,3girls,6+girls,4girls,multiple_boys,mother_and_son,everyone,5girls,2boys,kodomo_doushi,hetero,mother_and_daughter,lolita_fashion,family,crossdressing,6+boys,1girl,anniversary,3boys,idol,couple,male_focus,femdom,christmas,gothic_lolita,halloween,dual_persona,age_difference,enmaided,solo_focus
nun	buddhist_nun,priest,1girl,solo,multiple_girls,6+girls,1boy,virtual_youtuber,hetero,2girls,5girls,4girls,3girls,solo_focus,multiple_boys,borrowed_character,halloween,crossdressing,male_focus,everyone,age_difference,2boys,6+boys,onee-shota,yuri,3boys,4boys,siblings,1other,sisters,dual_persona,maid
nontraditional_miko	multiple_girls,1girl,solo,6+girls,2girls,military,4girls,3girls,miko,virtual_youtuber,5girls,1boy,yuri,kitsune,new_year,solo_focus,valentine,hetero,maid,multiple_boys
borrowed_character	1girl,solo,hetero,1boy,solo_focus,multiple_girls,2girls,interracial,nun,yuri,interspecies,multiple_boys,personification,oppai_loli,futa_with_female,maid,femdom,2boys,male_focus,3girls,age_difference,yaoi,bara,couple,6+girls,3boys,1other,4girls,siblings,military,virtual_youtuber
interracial	hetero,1boy,solo_focus,multiple_boys,netorare,2boys,yaoi,1girl,3boys,cheating_(relationship),bara,age_difference,bisexual_female,penis_size_difference,abuse,size_difference,instant_loss,2girls,multiple_girls,male_focus,yuri,4boys,couple,virtual_youtuber,futa_with_female,humiliation,5boys,borrowed_character,prostitution,femdom,onee-shota,6+boys,interspecies,crossdressing,3girls,siblings,maid,sisters
brother_and_sister	siblings,incest,twins,1boy,twincest,mother_and_son,step-siblings,brothers,step-brother_and_step-sister,family,father_and_son,multiple_boys,mother_and_daughter,implied_incest,father_and_daughter,1girl,hetero,2boys,onee-shota,age_difference,multiple_girls,kodomo_doushi,husband_and_wife,2girls,sisters,bangboo_(zenless_zone_zero),3boys,crossdressing,6+boys,4boys,alternate_universe,3girls,everyone,6+girls,time_paradox,anniversary,4girls,5boys,couple,femdom,solo_focus,dual_persona,animification,5girls,1other,christmas,maid,male_focus
new_year	chinese_zodiac,year_of_the_tiger,year_of_the_ox,year_of_the_rooster,year_of_the_rabbit,year_of_the_snake,year_of_the_dragon,year_of_the_goat,1girl,solo,tiger_costume,multiple_girls,miko,2girls,winter,3girls,4girls,6+girls,5girls,1boy,virtual_youtuber,multiple_boys,siblings,nontraditional_miko,sisters,male_focus,2boys,bara,solo_focus,yuri,christmas,military,hetero,maid
valentine	1girl,solo,tsundere,multiple_girls,2girls,yuri,maid,virtual_youtuber,1boy,3girls,couple,military,4girls,enmaided,6+girls,solo_focus,male_focus,nontraditional_miko,5girls,siblings,multiple_boys,sisters,hetero,bara,2boys,1other
4boys	multiple_boys,hetero,male_focus,multiple_girls,solo_focus,yaoi,4girls,brothers,everyone,6+girls,3girls,1girl,father_and_son,interracial,bara,2girls,crossdressing,multiple_persona,5girls,siblings,brother_and_sister,age_difference,family,netorare,interspecies,animification,dual_persona,size_difference,onee-shota,1other,anniversary,multiple_others,military,science_fiction,virtual_youtuber,sisters,nun,maid,christmas,couple
6+boys	multiple_boys,everyone,6+girls,absolutely_everyone,multiple_girls,straw_hat_pirates,brothers,male_focus,father_and_son,multiple_persona,anniversary,hetero,soldier,5girls,siblings,4girls,in-franchise_crossover,war,solo_focus,3girls,father_and_daughter,dual_persona,brother_and_sister,super_saiyan,knight,yaoi,military,ninja,2girls,bara,family,time_paradox,clone,people,crossdressing,mother_and_son,1other,1girl,science_fiction,multiple_others,death,interracial,animification,husband_and_wife,twins,interspecies,police,sisters,mother_and_daughter,age_difference,size_difference,nun,maid,couple,magical_girl,virtual_youtuber
size_difference	age_difference,interspecies,onee-shota,yaoi,1boy,hetero,multiple_boys,2boys,bara,penis_size_difference,onii-shota,furry_with_non-furry,multiple_girls,male_focus,onee-loli,vore,2girls,1girl,solo_focus,interracial,futa_with_female,couple,pokephilia,science_fiction,1other,yuri,femdom,3boys,incest,3girls,multiple_others,6+girls,personification,4boys,6+boys,dual_persona,military,4girls,no_humans,mother_and_daughter,siblings,5girls,crossdressing,virtual_youtuber,maid,sisters,solo
cheerleader	1girl,solo,multiple_girls,hetero,solo_focus,1boy,2girls,crossdressing,3girls,virtual_youtuber,6+girls,4girls,multiple_boys,5girls,sisters,siblings,male_focus,2boys,yuri
miko	1girl,solo,multiple_girls,new_year,2girls,6+girls,kitsune,nontraditional_miko,chinese_zodiac,3girls,1boy,hetero,4girls,yuri,solo_focus,5girls,virtual_youtuber,sisters,multiple_boys,siblings,maid,2boys,male_focus
office_lady	salaryman,1girl,solo,teacher,1boy,multiple_girls,solo_focus,2girls,hetero,virtual_youtuber,multiple_boys,yuri,3girls,2boys,3boys,6+girls,couple,4girls
witch	halloween,luna_nova_school_uniform,1girl,solo,multiple_girls,2girls,6+girls,3girls,1boy,4girls,virtual_youtuber,multiple_boys,lolita_fashion,solo_focus,magical_girl,yuri,5girls,1other,hetero,2boys,siblings,maid
gothic_lolita	lolita_fashion,goth_fashion,1girl,solo,multiple_girls,virtual_youtuber,2girls,crossdressing,6+girls,1boy,everyone,siblings,3girls,maid,sisters,dual_persona,halloween,5girls,4girls,twins,multiple_boys,solo_focus,hetero,yuri,male_focus,2boys
femdom	lolidom,sadism,dominatrix,yuri,hetero,1boy,reverse_ryona,futa_on_male,multiple_girls,mixed-sex_combat,2girls,onee-shota,age_difference,futasub,slave,humiliation,masochism,futa_with_female,solo_focus,incest,1girl,onee-loli,kodomo_doushi,fff_threesome,3girls,interspecies,size_difference,siblings,interracial,pervert,female_pervert,yandere,crossdressing,sisters,brother_and_sister,4girls,maid,borrowed_character,couple,twins,multiple_boys,6+girls,virtual_youtuber,military,5girls,2boys,magical_girl,solo
nurse	doctor,1girl,solo,virtual_youtuber,multiple_girls,1boy,hetero,halloween,2girls,solo_focus,crossdressing,6+girls,3girls,yuri,multiple_boys,maid,4girls,5girls,2boys,male_focus,siblings
chinese_zodiac	year_of_the_rabbit,year_of_the_tiger,year_of_the_ox,new_year,year_of_the_dragon,year_of_the_snake,year_of_the_rooster,year_of_the_goat,tiger_costume,1girl,solo,multiple_girls,2girls,miko,bara,male_focus,1boy,3girls,virtual_youtuber,multiple_boys,4girls,6+girls,2boys,solo_focus,siblings,no_humans,yuri,hetero
inkling	octoling,cousins,multiple_girls,2girls,alternate_species,1girl,solo,1boy,multiple_boys,yuri,3girls,incest,4girls,2boys,6+girls,halloween,hetero,male_focus,solo_focus
futa_with_female	newhalf_with_female,futasub,fff_threesome,multiple_girls,2girls,futa_without_pussy,onee-loli,incest,femdom,age_difference,3girls,selfcest,size_difference,interspecies,sisters,interracial,instant_loss,siblings,4girls,solo_focus,mother_and_daughter,borrowed_character,virtual_youtuber,dual_persona,5girls,6+girls,maid,1boy,hetero,1girl
incest	twincest,siblings,brother_and_sister,sisters,twins,yuri,mother_and_son,age_difference,onee-shota,cousins,mother_and_daughter,hetero,2girls,multiple_girls,kodomo_doushi,father_and_daughter,aunt_and_niece,1boy,onee-loli,futa_with_female,bisexual_female,fff_threesome,femdom,brothers,futa_with_futa,father_and_son,futa_on_male,1girl,couple,yaoi,2boys,multiple_boys,3girls,solo_focus,size_difference,inkling,bara,crossdressing,male_focus,3boys,4girls,maid,virtual_youtuber
ninja	1girl,solo,multiple_boys,1boy,6+boys,multiple_girls,male_focus,everyone,2boys,6+girls,2girls,hetero,3girls,3boys,solo_focus,4girls,siblings,yuri,virtual_youtuber
mother_and_daughter	father_and_daughter,family,mother_and_son,husband_and_wife,multiple_girls,2girls,father_and_son,incest,siblings,brother_and_sister,motherly,age_difference,3girls,sisters,aunt_and_niece,onee-loli,1boy,wife_and_wife,time_paradox,yuri,multiple_boys,4girls,alternate_universe,6+girls,twins,2boys,kitsune,hetero,futa_with_female,kyuubi,5girls,couple,6+boys,dual_persona,virtual_youtuber,3boys,size_difference,christmas,military,solo_focus,maid,1girl
interspecies	furry_with_non-furry,pokephilia,hetero,size_difference,1boy,yaoi,multiple_boys,furry_with_furry,solo_focus,2boys,captured,bara,1girl,yuri,couple,male_focus,shiny_pokemon,slime_girl,3boys,multiple_girls,2girls,futa_with_female,instant_loss,femdom,netorare,4boys,borrowed_character,age_difference,personification,5boys,6+boys,1other,onee-shota,interracial,3girls
multiple_others	2others,6+others,5others,people,solo_focus,multiple_boys,knight,horror_(theme),soldier,multiple_girls,1girl,1boy,death,everyone,science_fiction,no_humans,2boys,6+boys,dual_persona,6+girls,2girls,3boys,size_difference,male_focus,3girls,virtual_youtuber,military,4girls,siblings,4boys,5girls,maid,hetero,yuri
onee-shota	age_difference,hetero,1boy,incest,mother_and_son,shotadom,size_difference,aunt_and_nephew,femdom,futa_on_male,brother_and_sister,1girl,multiple_boys,penis_size_difference,siblings,2boys,3boys,multiple_girls,solo_focus,interracial,2girls,interspecies,4boys,3girls,nun,maid,virtual_youtuber,4girls,military
waitress	carhop,waiter,maid,1girl,solo,wa_maid,multiple_girls,enmaided,2girls,3girls,1boy,6+girls,crossdressing,5girls,4girls,solo_focus,multiple_boys,hetero,2boys,siblings,yuri,virtual_youtuber,male_focus
kitsune	kyuubi,aunt_and_niece,1girl,solo,multiple_girls,2girls,miko,mother_and_daughter,nekomata,3girls,1boy,6+girls,hetero,4girls,solo_focus,nontraditional_miko,sisters,1other,siblings,5girls,maid,military,virtual_youtuber,yuri,multiple_boys,male_focus
idol	k/da_(league_of_legends),1girl,solo,multiple_girls,virtual_youtuber,3girls,6+girls,2girls,5girls,4girls,twins,1boy,solo_focus,siblings,multiple_boys,hetero,male_focus,2boys,yuri
animal_focus	no_humans,clothed_animal,evolutionary_line,shiny_pokemon,clothed_pokemon,oversized_animal,solo,1other,solo_focus,1boy,1girl
everyone	absolutely_everyone,6+girls,6+boys,multiple_boys,multiple_girls,5girls,anniversary,5boys,in-franchise_crossover,siblings,4boys,sisters,3boys,4girls,dual_persona,twins,multiple_persona,karakasa_obake,brothers,maid,multiple_others,brother_and_sister,magical_girl,3girls,ninja,military,2boys,1other,lolita_fashion,nun,age_difference,gothic_lolita,crossdressing,1boy,virtual_youtuber,no_humans,yuri,2girls,male_focus,hetero,1girl
mecha_musume	personification,science_fiction,humanization,1girl,solo,military,multiple_girls,2girls,3girls,6+girls,solo_focus,virtual_youtuber,1boy
summer	1girl,solo,multiple_girls,2girls,winter,virtual_youtuber,no_humans,3girls,multiple_boys,4girls,1boy,6+girls,male_focus,2boys,bara,5girls,siblings,solo_focus,sisters,hetero,yuri
winter	1girl,solo,christmas,multiple_girls,2girls,new_year,summer,no_humans,1boy,couple,male_focus,multiple_boys,virtual_youtuber,military,4girls,3girls,5girls,siblings,1other,2boys,6+girls,yuri,solo_focus,hetero
animification	science_fiction,1girl,multiple_boys,male_focus,solo,1boy,personification,humanization,2boys,multiple_girls,2girls,6+boys,4boys,3boys,dual_persona,brother_and_sister,yaoi,yuri,siblings,couple,6+girls,1other,3girls,hetero,solo_focus
police	policewoman,policeman,1girl,bangboo_(zenless_zone_zero),multiple_girls,solo,multiple_boys,1boy,2girls,science_fiction,2boys,3girls,male_focus,6+boys,solo_focus,virtual_youtuber,bara,hetero,6+girls,3boys,4girls,military,yuri,siblings
anniversary	everyone,6+girls,multiple_girls,6+boys,multiple_boys,1girl,4girls,solo,5girls,3girls,2girls,multiple_persona,siblings,1boy,3boys,2boys,brother_and_sister,virtual_youtuber,twins,dual_persona,male_focus,4boys,1other,sisters,military,magical_girl,maid,yuri,solo_focus
race_queen	1girl,solo,multiple_girls,2girls,solo_focus,hetero,1boy,3girls,virtual_youtuber
5boys	multiple_boys,everyone,multiple_girls,hetero,male_focus,solo_focus,6+girls,5girls,brothers,4girls,3girls,yaoi,interracial,1girl,bara,multiple_persona,2girls,siblings,crossdressing,interspecies,brother_and_sister,age_difference,military,science_fiction,dual_persona,1other,virtual_youtuber,maid
multiple_persona	6+girls,clone,multiple_girls,3girls,time_paradox,6+boys,4girls,5girls,multiple_boys,harem,everyone,4boys,3boys,dark_persona,male_focus,anniversary,5boys,magical_girl,dual_persona,1boy,maid,yuri,2girls,1girl,2boys,military,virtual_youtuber,siblings,hetero,solo_focus,solo
nekomata	1girl,solo,multiple_girls,kitsune,3girls,2girls,6+girls,4girls,sisters,siblings,maid,yuri,solo_focus,1boy,hetero
dark_persona	corruption,possessed,alter_servant,dual_persona,dark_aura,1girl,solo,alternate_universe,multiple_girls,multiple_persona,magical_girl,2girls,male_focus,1boy,multiple_boys,virtual_youtuber,lolita_fashion,2boys,3girls,yuri,hetero,6+girls,solo_focus
unconventional_maid	maid,enmaided,1girl,solo,multiple_girls,2girls,virtual_youtuber,1boy,hetero,3girls,solo_focus,male_focus,multiple_boys
bride	groom,wedding,wife_and_wife,husband_and_wife,couple,1girl,solo,yuri,multiple_girls,1boy,hetero,2girls,crossdressing,solo_focus,multiple_boys,virtual_youtuber,3girls,siblings,2boys
jiangshi	halloween,multiple_girls,1girl,karakasa_obake,solo,6+girls,2girls,3girls,solo_focus,4girls,hetero,1boy,multiple_boys,5girls,yuri,2boys,virtual_youtuber
pervert	female_pervert,yuri,multiple_girls,clothes_theft,2girls,theft,implied_yuri,3girls,1boy,magical_girl,4girls,age_difference,femdom,1girl,5girls,hetero,6+girls,solo_focus,multiple_boys,siblings,military,sisters,2boys,maid,virtual_youtuber,solo
octoling	inkling,multiple_girls,2girls,1girl,solo,1boy,4girls,yuri,3girls,multiple_boys,6+girls,2boys,hetero,male_focus,solo_focus
knight	medieval,multiple_boys,male_focus,1other,multiple_others,1boy,6+boys,1girl,solo,2boys,multiple_girls,3boys,2girls,6+girls,3girls,4girls,solo_focus,hetero,virtual_youtuber
netorare	cheating_(relationship),hetero,interracial,1boy,multiple_boys,2boys,solo_focus,1girl,humiliation,3boys,age_difference,multiple_girls,interspecies,4boys,2girls,3girls,yuri,virtual_youtuber,solo
yandere	yandere_trance,1girl,horror_(theme),solo,multiple_girls,1boy,2girls,virtual_youtuber,femdom,yuri,3girls,hetero,solo_focus,military,4girls,maid,multiple_boys,male_focus
husband_and_wife	family,father_and_daughter,father_and_son,mother_and_daughter,mother_and_son,groom,couple,wedding,1boy,hetero,bride,multiple_boys,2boys,brother_and_sister,1girl,multiple_girls,siblings,2girls,6+boys,3boys,3girls,6+girls,sisters,solo_focus
policewoman	police,policeman,bangboo_(zenless_zone_zero),1girl,solo,multiple_girls,2girls,1boy,3girls,solo_focus,virtual_youtuber,hetero,6+girls,multiple_boys,yuri,2boys
oppai_loli	1girl,hetero,1boy,solo_focus,solo,borrowed_character,multiple_girls,2girls,3girls,virtual_youtuber,multiple_boys
female_pervert	pervert,yuri,multiple_girls,2girls,implied_yuri,3girls,magical_girl,4girls,femdom,1boy,age_difference,5girls,6+girls,1girl,hetero,solo_focus,siblings,sisters,military,multiple_boys,maid,virtual_youtuber,solo,2boys
humanization	decepticon,mecha_musume,personification,1girl,solo,animification,male_focus,1boy,multiple_girls,science_fiction,2girls,dual_persona,1other,multiple_boys,bara,2boys,yuri,3girls,hetero,solo_focus
karakasa_obake	multiple_girls,6+girls,jiangshi,everyone,1girl,solo,2girls,3girls,4girls,1boy
2others	multiple_others,solo_focus,dual_persona,multiple_boys,multiple_girls,1girl,1boy,science_fiction,no_humans,6+girls,3boys,2boys,2girls,male_focus,3girls,siblings,virtual_youtuber,military
father_and_daughter	family,mother_and_daughter,husband_and_wife,father_and_son,mother_and_son,incest,1boy,brother_and_sister,multiple_boys,siblings,multiple_girls,2boys,2girls,brothers,6+boys,age_difference,sisters,3boys,hetero,1girl,3girls,6+girls,couple,4girls,solo_focus
horror_(theme)	body_horror,eldritch_abomination,guro,surreal,death,no_humans,1other,multiple_others,yandere,1girl,solo,1boy,male_focus,multiple_girls,multiple_boys,2girls,virtual_youtuber,2boys,3girls,solo_focus
dancer	dancer_(fire_emblem:_three_houses),1girl,solo,multiple_girls,2girls,1boy,multiple_boys,solo_focus,hetero,3girls,virtual_youtuber
kyuubi	kitsune,1girl,solo,multiple_girls,mother_and_daughter,2girls,3girls,6+girls,4girls,1boy,solo_focus,hetero
family	father_and_daughter,mother_and_daughter,father_and_son,husband_and_wife,mother_and_son,brother_and_sister,siblings,multiple_boys,multiple_girls,2boys,brothers,2girls,sisters,1boy,alternate_universe,3girls,couple,3boys,6+boys,4girls,4boys,twins,age_difference,hetero,6+girls,yuri,1girl,male_focus,virtual_youtuber
clone	selfcest,multiple_persona,6+girls,multiple_girls,dual_persona,3girls,5girls,4girls,2girls,multiple_boys,6+boys,yuri,sisters,siblings,2boys,3boys,male_focus,yaoi,1boy,hetero,maid,virtual_youtuber,1girl,solo_focus
furry_with_non-furry	interspecies,pokephilia,hetero,yaoi,1boy,size_difference,solo_focus,multiple_boys,2boys,bara,1girl,male_focus,couple,personification,3boys,1other,multiple_girls,2girls,yuri
serval_print	multiple_girls,2girls,6+girls,1girl,4girls,solo,3girls,yuri,1boy
jirai_kei	virtual_youtuber,1girl,solo,multiple_girls,2girls,1boy,hetero,solo_focus,3girls
ancient_egyptian	1girl,solo,1boy,multiple_girls,male_focus,hetero,multiple_boys,2girls,solo_focus,2boys
goth_fashion	gothic_lolita,lolita_fashion,1girl,solo,virtual_youtuber,multiple_girls,2girls,1boy,male_focus,3girls,multiple_boys,yuri,solo_focus,hetero
mother_and_son	father_and_son,family,mother_and_daughter,husband_and_wife,father_and_daughter,incest,brother_and_sister,onee-shota,siblings,age_difference,brothers,multiple_boys,2boys,motherly,1boy,alternate_universe,multiple_girls,twins,hetero,2girls,3boys,1girl,6+boys,3girls,couple,sisters,6+girls
shiny_pokemon	mega_pokemon,clothed_pokemon,no_humans,animal_focus,evolutionary_line,pokephilia,personification,interspecies,1girl,solo,1boy,multiple_girls,1other,2girls,male_focus,multiple_boys,solo_focus,hetero,virtual_youtuber
instant_loss	hetero,1boy,interracial,1girl,solo_focus,interspecies,futa_with_female,multiple_boys,2boys,multiple_girls,2girls,virtual_youtuber,yuri,3girls,male_focus,solo
teacher	teacher_and_student,office_lady,1girl,solo,age_difference,hetero,multiple_girls,1boy,multiple_boys,solo_focus,6+girls,2girls,2boys,3girls,yuri,virtual_youtuber
yukkuri_shiteitte_ne	multiple_girls,6+girls,2girls,no_humans,3girls,1girl,4girls,solo,maid,1boy
brothers	siblings,multiple_boys,2boys,father_and_son,brother_and_sister,twins,male_focus,6+boys,mother_and_son,3boys,family,4boys,incest,5boys,yaoi,father_and_daughter,everyone,multiple_girls,sisters,6+girls,crossdressing,2girls,1girl,3girls,hetero
nontraditional_playboy_bunny	1girl,solo,multiple_girls,virtual_youtuber,2girls,3girls,1boy,solo_focus,hetero
pokephilia	interspecies,furry_with_non-furry,hetero,1boy,shiny_pokemon,solo_focus,1girl,size_difference,multiple_boys,2boys,yaoi,age_difference,multiple_girls,2girls,male_focus,yuri
tsundere	valentine,multiple_girls,1girl,2girls,yuri,1boy,solo,3girls,military,couple,hetero,6+girls,4girls,solo_focus,multiple_boys,virtual_youtuber
alternate_universe	role_reversal,multiple_boys,mother_and_son,father_and_son,family,2boys,1boy,male_focus,dark_persona,multiple_girls,mother_and_daughter,brother_and_sister,3boys,siblings,couple,2girls,1girl,science_fiction,3girls,4girls,yuri,hetero,solo
transformation	henshin,alternate_form,corruption,1boy,male_focus,magical_girl,1girl,multiple_girls,dual_persona,science_fiction,2girls,multiple_boys,solo,2boys,no_humans,3girls,yuri,virtual_youtuber,hetero
fusion	no_humans,science_fiction,solo,1girl,male_focus,multiple_girls,1boy,virtual_youtuber,2girls,multiple_boys
time_paradox	dual_persona,multiple_persona,multiple_girls,2girls,multiple_boys,age_difference,mother_and_daughter,2boys,3girls,6+boys,siblings,6+girls,male_focus,3boys,brother_and_sister,1boy,4girls,magical_girl,yuri,sisters,1girl,hetero
wa_maid	mixed_maids,maid,waitress,enmaided,1girl,solo,virtual_youtuber,multiple_girls,2girls,sisters,siblings,3girls,1boy
kodomo_doushi	lolidom,incest,yuri,twincest,hetero,2girls,multiple_girls,brother_and_sister,yaoi,1boy,siblings,femdom,multiple_boys,2boys,twins,sisters,1girl,male_focus,3girls
death	murder,guro,suicide,horror_(theme),multiple_boys,multiple_girls,1boy,multiple_others,2boys,2girls,male_focus,6+boys,1girl,1other,solo_focus,3boys,6+girls,military,3girls,4girls,solo,hetero
slave	humiliation,femdom,hetero,1girl,multiple_boys,solo_focus,multiple_girls,1boy,2girls,solo,yuri,2boys,3boys,3girls
corruption	dark_persona,possessed,transformation,1girl,magical_girl,solo,dual_persona,multiple_girls,1boy,2girls,hetero,male_focus,solo_focus,multiple_boys,3girls
onee-loli	age_difference,yuri,futa_with_female,2girls,multiple_girls,incest,fff_threesome,mother_and_daughter,size_difference,femdom,3girls,sisters,couple,siblings,4girls
slime_girl	1girl,interspecies,solo,multiple_girls,personification,hetero,1boy,2girls,yuri,solo_focus,6+girls,3girls,virtual_youtuber
wife_and_wife	wedding,bride,yuri,groom,2girls,couple,multiple_girls,mother_and_daughter,3girls,sisters,siblings,virtual_youtuber
people	solo_focus,multiple_others,multiple_boys,multiple_girls,6+boys,1girl,1boy,2girls,2boys,3girls,6+girls,3boys,4girls,male_focus,virtual_youtuber,hetero,solo
soldier	war,military,science_fiction,6+boys,multiple_boys,multiple_others,1girl,multiple_girls,3boys,solo,male_focus,2boys,1boy,6+girls,2girls,3girls,solo_focus
in-franchise_crossover	multiple_girls,magical_girl,6+girls,everyone,6+boys,2girls,multiple_boys,3girls,4girls,2boys,5girls,yuri,male_focus,1boy,1girl,solo
super_saiyan	super_saiyan_1,super_saiyan_4,super_saiyan_blue,saiyan,legendary_super_saiyan,male_focus,multiple_boys,father_and_son,1boy,2boys,6+boys,3boys,solo,dual_persona,1girl,multiple_girls,hetero,2girls
bangboo_(zenless_zone_zero)	policewoman,police,brother_and_sister,maid,1girl,1boy,multiple_girls,1other,siblings,3girls,solo,2girls,multiple_boys,2boys,solo_focus,male_focus
surreal	horror_(theme),no_humans,1girl,solo,1other,multiple_girls,male_focus,1boy,2girls,multiple_boys
alternate_form	transformation,male_focus,1boy,multiple_boys,no_humans,1girl,2boys,dual_persona,solo,couple,multiple_girls,2girls,hetero
sailor	6+girls,multiple_girls,1girl,military,solo,2girls,3girls,multiple_boys,1boy,yuri,male_focus
father_and_son	mother_and_son,family,father_and_daughter,husband_and_wife,multiple_boys,2boys,brothers,mother_and_daughter,brother_and_sister,siblings,3boys,male_focus,super_saiyan,6+boys,alternate_universe,incest,4boys,yaoi,bara,multiple_girls,couple,age_difference,2girls,6+girls,1girl,hetero,3girls
e.g.o_(project_moon)	male_focus,1boy,1other,solo,1girl,multiple_boys,2boys,multiple_girls,2girls
clothed_pokemon	shiny_pokemon,no_humans,animal_focus,1girl,solo,1boy,maid,multiple_boys,male_focus,multiple_girls,solo_focus,2girls
harem	hetero,6+girls,multiple_girls,4girls,3girls,5girls,1boy,yuri,multiple_persona,age_difference,siblings,sisters,multiple_boys
wedding	bride,groom,wife_and_wife,husband_and_wife,couple,yuri,1boy,hetero,multiple_girls,2girls,1girl,multiple_boys,2boys,solo,solo_focus,virtual_youtuber
humiliation	bullying,public_use,slave,penis_size_difference,femdom,netorare,hetero,multiple_boys,solo_focus,1girl,interracial,1boy,multiple_girls,2boys,3boys,2girls,3girls,yuri,solo,virtual_youtuber
guro	ero_guro,death,cannibalism,horror_(theme),1girl,1boy,male_focus,solo,multiple_girls,1other,multiple_boys,2girls,solo_focus,2boys,hetero
cheating_(relationship)	netorare,hetero,interracial,1boy,multiple_boys,solo_focus,2boys,1girl,age_difference,3boys,multiple_girls,2girls,yuri,3girls,solo
bisexual_female	sexual_coaching,2girls,multiple_girls,incest,1boy,hetero,interracial,multiple_boys,2boys,siblings,sisters,3girls,virtual_youtuber
year_of_the_rabbit	chinese_zodiac,new_year,solo,1girl,multiple_girls,2girls,virtual_youtuber,1boy
look-alike	multiple_girls,2girls,3girls,magical_girl,1girl,multiple_boys,2boys,solo,male_focus,1boy
prostitution	hetero,solo_focus,1boy,1girl,multiple_boys,interracial,age_difference,2boys,3boys,multiple_girls,solo,2girls
sangvis_ferri	1girl,multiple_girls,6+girls,solo,maid,2girls,solo_focus,hetero,1boy,3girls
evolutionary_line	no_humans,animal_focus,shiny_pokemon,male_focus,1boy,1girl,multiple_girls,2girls
year_of_the_tiger	chinese_zodiac,new_year,tiger_costume,1girl,solo,multiple_girls,2girls,male_focus,1boy,virtual_youtuber
furry_with_furry	interspecies,yaoi,hetero,couple,2boys,multiple_boys,bara,1boy,yuri,male_focus,age_difference,2girls,solo_focus,multiple_girls,1girl
mega_pokemon	shiny_pokemon,no_humans,personification,1girl,1other,solo,1boy,multiple_girls,multiple_boys,2girls,male_focus
pirate	virtual_youtuber,1girl,solo,multiple_boys,male_focus,multiple_girls,1boy,2girls,2boys,solo_focus,hetero
princess	1girl,solo,multiple_girls,2girls,1boy,virtual_youtuber,multiple_boys,hetero,yuri,solo_focus
creature_and_personification	personification,1girl,solo,multiple_girls,male_focus,2girls,1boy
hyur	bara,multiple_boys,male_focus,2boys,multiple_girls,yaoi,2girls,1girl,solo,1boy,yuri,hetero
fff_threesome	futa_with_female,3girls,yuri,futa_with_futa,multiple_girls,onee-loli,incest,sisters,femdom,siblings,age_difference
cousins	inkling,incest,multiple_girls,2girls,1boy,multiple_boys,yuri,siblings,hetero,2boys,6+girls,3girls,1girl
oversized_animal	animal_focus,1girl,no_humans,1other,solo,male_focus,1boy,multiple_girls,multiple_boys,2girls
selfcest	dual_persona,yuri,clone,2girls,multiple_girls,yaoi,futa_with_female,2boys,multiple_boys,male_focus,hetero,1boy,3girls,virtual_youtuber,1girl
twincest	incest,twins,siblings,sisters,brother_and_sister,yuri,kodomo_doushi,2girls,multiple_girls,hetero,couple,1boy,1girl
samurai	male_focus,solo,1boy,1girl,multiple_boys,2boys,multiple_girls,virtual_youtuber,2girls
year_of_the_ox	chinese_zodiac,new_year,solo,1girl,multiple_girls,2girls,male_focus,1boy
futa_with_futa	futa_without_pussy,penis_size_difference,futasub,fff_threesome,multiple_girls,2girls,incest,3girls,siblings
dominatrix	femdom,yuri,1girl,multiple_girls,hetero,solo,2girls,1boy,solo_focus
penis_size_difference	futa_on_male,onii-shota,yaoi,futa_with_futa,multiple_boys,2boys,humiliation,age_difference,size_difference,male_focus,interracial,onee-shota,bara,crossdressing,solo_focus,1boy,multiple_girls,2girls,1girl,hetero
clothed_animal	animal_focus,no_humans,1girl,solo,multiple_girls,multiple_boys,virtual_youtuber,1boy,2girls
festival	summer_festival,multiple_girls,6+girls,multiple_boys,4girls,1girl,3girls,2girls,solo,solo_focus,1boy
setsubun	mamemaki,multiple_girls,1girl,solo,2girls,3girls,1boy
ballerina	ballet,1girl,solo,multiple_girls,2girls,1boy
male_playboy_bunny	crossdressing,male_focus,yaoi,1boy,multiple_boys,bara,2boys,solo,solo_focus,1girl
implied_yuri	female_pervert,pervert,multiple_girls,2girls,1girl,solo,3girls
6+others	multiple_others,solo_focus,multiple_boys,multiple_girls,1girl,1boy,2girls,male_focus,virtual_youtuber
cat_day	1girl,solo,multiple_girls,2girls,virtual_youtuber,1boy
butler	female_butler,maid,crossdressing,enmaided,multiple_boys,multiple_girls,1boy,2boys,male_focus,2girls,1girl,3girls,solo
team_rocket	multiple_boys,1boy,1girl,2boys,male_focus,multiple_girls,solo,hetero,2girls
role_reversal	alternate_universe,multiple_girls,2girls,yuri,1boy,hetero,1girl,multiple_boys,3girls,solo
tanuki	multiple_girls,1girl,virtual_youtuber,2girls,solo,1boy
cowboy_western	cowboy,cowgirl_(western),1girl,solo,multiple_boys,multiple_girls,male_focus,1boy,2girls,virtual_youtuber
delinquent	sukeban,banchou,bousouzoku,multiple_girls,1girl,solo,2girls,3girls,multiple_boys,1boy,virtual_youtuber
weight_conscious	weight_gain,1girl,solo,multiple_girls,2girls,1boy
glutton	multiple_girls,6+girls,3girls,2girls,4girls,1girl,solo,1boy
ryona	abuse,hetero,2girls,1boy,multiple_girls,1girl,solo_focus,multiple_boys,2boys,yuri,solo
futa_without_pussy	newhalf_with_female,newhalf_with_male,male_on_futa,futa_with_futa,futa_with_female,2girls,multiple_girls,1girl,1boy,solo,solo_focus
year_of_the_dragon	chinese_zodiac,new_year,1girl,solo,male_focus,multiple_girls,1boy,2girls
ballet	ballerina,1girl,solo,multiple_girls,2girls,1boy
dark_aura	dark_persona,multiple_girls,1boy,1girl,solo,2girls,male_focus,3girls
exhausted	multiple_girls,1girl,1boy,2girls,3girls,solo,multiple_boys,hetero
mascot	virtual_youtuber,1girl,solo,multiple_girls,2girls,1boy
ho-kago_tea_time	5girls,multiple_girls,4girls,6+girls
bunny_day	1girl,solo,virtual_youtuber,multiple_girls,2girls,1boy
confession	yuri,1girl,multiple_girls,2girls,solo,1boy
futa_on_male	penis_size_difference,femdom,onee-shota,1boy,age_difference,incest,1girl,multiple_girls,2girls,solo_focus
friends	multiple_girls,2girls,multiple_boys,2boys,3girls,male_focus,1boy,1girl
angel_and_devil	2girls,multiple_girls,yuri,dual_persona,3girls,multiple_boys,1boy,1girl
bartender	multiple_girls,2girls,1girl,solo,multiple_boys,1boy
year_of_the_snake	chinese_zodiac,new_year,1girl,solo,multiple_girls
possessed	corruption,dark_persona,1boy,1girl,male_focus,multiple_girls,multiple_boys,solo,2girls
teacher_and_student	teacher,age_difference,yaoi,multiple_boys,yuri,2boys,bara,multiple_girls,1boy,male_focus,hetero,2girls,1girl
doctor	nurse,1boy,multiple_boys,multiple_girls,male_focus,2boys,1girl,2girls,hetero,solo
native_american	1girl,solo,multiple_girls,yuri,2girls,1boy,hetero
summer_festival	festival,multiple_girls,1girl,2girls,solo,virtual_youtuber,1boy
shinsengumi	solo,1girl,male_focus,multiple_boys,1boy,multiple_girls,2girls
chef	multiple_boys,multiple_girls,1girl,2boys,1boy,solo,male_focus,2girls
sheikah	1girl,solo,1boy,hetero,multiple_girls,2girls
k/da_(league_of_legends)	idol,1girl,solo,multiple_girls,hetero,2girls,1boy
evangelion_(mecha)	science_fiction,no_humans,1girl,solo,multiple_girls,1boy
male_maid	crossdressing,maid,enmaided,male_focus,1boy,2boys,multiple_boys,yaoi,solo,1girl
theft	clothes_theft,pervert,multiple_girls,2girls,3girls,1boy,1girl,solo
eldritch_abomination	horror_(theme),no_humans,1other,1girl,solo,1boy,multiple_girls,2girls
topless_female	1girl,solo,hetero,1boy,solo_focus,multiple_girls,virtual_youtuber,2girls
priest	nun,1boy,multiple_boys,male_focus,2boys,multiple_girls,1girl,solo,hetero,2girls
detective	virtual_youtuber,multiple_girls,1girl,solo,multiple_boys,2girls,1boy
motherly	mother_and_son,mother_and_daughter,multiple_girls,2girls,3girls,1boy,1girl
war	soldier,military,science_fiction,6+boys,no_humans,multiple_boys,multiple_girls,1girl,2girls,1boy,solo
sweet_lolita	lolita_fashion,1girl,solo,multiple_girls,2girls
abuse	ryona,hetero,interracial,solo_focus,1boy,multiple_boys,1girl,2boys,multiple_girls,solo
tengu	multiple_girls,1girl,solo,2girls,1boy
sick	multiple_girls,2girls,1girl,1boy,solo
masochism	femdom,multiple_girls,yuri,hetero,1boy,2girls,1girl,solo_focus,solo
public_use	humiliation,hetero,multiple_boys,solo_focus,1girl,solo,1boy,multiple_girls
asian	1girl,solo,male_focus,1boy,multiple_girls,2girls
astronaut	science_fiction,1other,1girl,solo,virtual_youtuber,multiple_girls,1boy
drugs	drugged,hetero,1girl,multiple_boys,solo_focus,1boy,solo,multiple_girls,2girls
chimera	no_humans,multiple_girls,2girls,yuri,1girl,solo,1boy
stripper	1girl,solo,solo_focus,multiple_girls,2girls
vore	size_difference,multiple_girls,1girl,2girls,solo,1boy
jester	1girl,1boy,solo,multiple_girls,2girls
henshin	transformation,magical_girl,1girl,solo,multiple_girls,1boy,2girls
objectification	no_humans,multiple_girls,virtual_youtuber,1girl,solo,2girls
holomyth	holocouncil,5girls,virtual_youtuber,multiple_girls,6+girls
self-harm	solo,1girl,male_focus,1boy
super_saiyan_1	super_saiyan,saiyan,male_focus,multiple_boys,2boys,1boy,solo,1girl
otaku	multiple_boys,1girl,1boy,multiple_girls,male_focus,solo,2girls
salaryman	office_lady,bara,male_focus,multiple_boys,yaoi,1boy,2boys,1girl,multiple_girls,2girls,solo
soccer	1girl,solo,multiple_girls,2girls
decepticon	science_fiction,humanization,no_humans,multiple_boys,solo,1boy,1girl,multiple_girls
playing	multiple_girls,2girls,multiple_boys,1girl,1boy,solo
futasub	futa_with_female,futa_with_futa,femdom,2girls,multiple_girls,solo_focus,1girl,solo
after_bathing	1girl,solo,1boy,multiple_girls
kono_lolicon_domome	solo,1girl
misunderstanding	multiple_girls,3girls,2girls,1boy,yuri,1girl
nudist	1girl,solo,multiple_girls,2girls
triplets	3girls,sisters,siblings,multiple_girls,4girls,1boy,hetero
gymnastics	rhythmic_gymnastics,1girl,solo,multiple_girls
gathers	solo,1girl,multiple_girls,2girls
lolidom	femdom,kodomo_doushi,age_difference,hetero,1boy,solo_focus,1girl,multiple_girls,2girls,yuri
personality_switch	body_switch,multiple_girls,2girls,1boy,1girl,solo
implied_yaoi	male_focus,bara,2boys,multiple_boys,yaoi,1boy,solo
united_states	military,1girl,solo,multiple_girls,2girls
sadism	femdom,hetero,1boy,solo_focus,1girl,multiple_girls,2girls
onmyouji	solo,1girl,male_focus,1boy,multiple_girls
super_saiyan_4	super_saiyan,saiyan,male_focus,multiple_boys,1boy,2boys,solo
medieval	knight,multiple_girls,1girl,solo,1boy,2girls
team_9_(touhou)	4girls,6+girls,5girls,multiple_girls
clown	male_focus,multiple_boys,1boy,1girl,solo,multiple_girls
chikan	hetero,solo_focus,multiple_boys,1boy,2boys,1girl
luna_nova_school_uniform	witch,multiple_girls,yuri,2girls,1girl,solo
sailor_senshi	inner_senshi,magical_girl,5girls,multiple_girls,6+girls,2girls,1girl
mmm_threesome	yaoi,3boys,bara,multiple_boys,male_focus,solo_focus
knight_(chess)	solo,1girl,multiple_girls
mummy	halloween,multiple_boys,multiple_girls,1girl,solo
standard_bearer	1girl,solo,multiple_girls
star_guardian_(league_of_legends)	magical_girl,1girl,solo,multiple_girls,1boy
bullying	humiliation,multiple_girls,3girls,2girls,1boy,1girl
mtu_virus	1girl
prank	multiple_girls,2girls,3girls,1boy,1girl
groom	bride,wedding,wife_and_wife,husband_and_wife,couple,hetero,1boy,yuri,multiple_girls,2girls,multiple_boys,1girl
implied_pregnancy	1girl,solo,1boy,hetero,multiple_girls
anal_only	hetero,solo_focus,1boy,1girl,solo
reverse_fellatio	hetero,multiple_boys,solo_focus,2boys,1boy,1girl,multiple_girls
drugged	drugs,hetero,1boy,multiple_boys,1girl,solo_focus,multiple_girls,solo
paizuri_invitation	1girl,solo
accident	1girl,multiple_girls,2girls,solo,1boy
aunt_and_niece	incest,sisters,kitsune,siblings,mother_and_daughter,multiple_girls,3girls,2girls,yuri
sexual_coaching	bisexual_female,hetero,2girls,multiple_girls,1boy,3girls
captured	interspecies,multiple_boys,hetero,solo_focus,1girl,1boy,multiple_girls,solo
pet	1girl,solo,multiple_girls,1boy
implied_after_sex	1boy,1girl,hetero,multiple_girls,2girls,solo
chuunibyou	1girl,multiple_girls,solo,2girls
warrior_(dq3)	1girl,multiple_girls,solo,hetero,1boy
josou_seme	yaoi,crossdressing,2boys,multiple_boys,male_focus,hetero,1boy,1girl
clothes_theft	theft,pervert,multiple_girls,2girls,1boy,1girl,solo
pilot	military,science_fiction,1boy,1girl,solo,multiple_girls
onii-shota	age_difference,yaoi,penis_size_difference,2boys,multiple_boys,male_focus,size_difference,bara
absolutely_everyone	everyone,6+boys,6+girls,multiple_boys,multiple_girls,siblings
game_development_department_(blue_archive)	twins,sisters,siblings,4girls,5girls,multiple_girls,maid
tentacles_on_male	bara,male_focus,yaoi,1boy,2boys,multiple_boys,solo,1girl
torture	1girl,solo_focus,hetero,multiple_girls,1boy,solo,2girls
suicide	death,male_focus,1girl,solo,1boy,multiple_girls
valkyrie	1girl,solo,multiple_girls
heart-shaped_boob_challenge	solo,1girl
crisis_management_form_(machimazo)	yuri,multiple_girls,2girls,1girl,solo
pegasus	1girl,multiple_girls,solo
themed_object	1girl,solo,multiple_girls
alternate_species	inkling,male_focus,1girl,1boy,solo,multiple_girls
toddlercon	age_difference,hetero,1boy,solo_focus,1girl,multiple_girls,solo
self_cosplay	magical_girl,1girl,solo,multiple_girls
easter	1girl,solo,multiple_girls,2girls
sheet_ghost	halloween,multiple_girls,1girl,solo,2girls,1boy
y2k_fashion	1girl,solo,multiple_girls,2girls
wizard	male_focus,multiple_boys,1boy,1girl,solo,multiple_girls
boy_sandwich	3boys,multiple_boys,yaoi,2boys,bara,male_focus,hetero,1girl
female_butler	butler,crossdressing,maid,multiple_girls,2girls,1girl,solo
step-siblings	step-sisters,step-brother_and_step-sister,siblings,brother_and_sister,sisters,yuri,multiple_girls,2girls,1boy,multiple_boys,1girl
body_horror	horror_(theme),solo,1girl,1boy
male_on_futa	newhalf_with_male,futa_without_pussy,1boy,solo_focus,1girl,multiple_boys
military_operator	military,1girl,solo,multiple_girls
saiyan	super_saiyan_4,super_saiyan,super_saiyan_1,male_focus,multiple_boys,1boy,solo,1girl
rabbit_costume	multiple_girls,2girls,1girl,solo
zenra	multiple_girls,multiple_boys,2girls,1girl,solo
masked	male_focus,multiple_boys,1boy,1girl,solo,multiple_girls
warrior	1girl,solo
travel_attendant	1girl,solo,multiple_girls
nazi	military,1girl,solo,multiple_girls
magician	1girl,solo,multiple_girls
strong	multiple_girls,1boy,1girl,2girls,solo
siren_(azur_lane)	1girl,solo,multiple_girls
martial_arts	kung_fu,1girl,solo,multiple_girls,1boy
policeman	police,policewoman,multiple_boys,bara,male_focus,2boys,1boy,multiple_girls,1girl
body_switch	personality_switch,multiple_girls,1boy,2girls,1girl
beach_volleyball	multiple_girls,2girls,1girl,solo
sukeban	delinquent,multiple_girls,1girl,solo,2girls
waiter	waitress,multiple_boys,male_focus,2boys,1boy,multiple_girls,1girl,solo
housewife	1girl,solo,1boy
murder	death,multiple_boys,multiple_girls,1boy,2girls,1girl
holocouncil	holomyth,5girls,6+girls,virtual_youtuber,multiple_girls
mechanic	solo,1girl,multiple_girls
victorian_maid	maid,enmaided,1girl,solo,multiple_girls
disguise	multiple_girls,2girls,1boy,1girl,solo
party	6+girls,multiple_girls,multiple_boys
team_magma	team_magma_uniform,multiple_boys,1girl,multiple_girls,solo
train_conductor	twins,sisters,siblings,2girls,multiple_girls,1girl,solo
japan_self-defense_force	japan_ground_self-defense_force,military,multiple_girls,1girl,solo
kyuudou	solo,1girl,multiple_girls
graduation	multiple_girls,1girl,solo
himejoshi	yuri,3girls,multiple_girls
yandere_trance	yandere,1girl,solo
teamwork	military,multiple_girls,multiple_boys,2girls
witch_(madoka_magica)	magical_girl,multiple_girls,1girl,solo
year_of_the_rooster	chinese_zodiac,new_year,1girl,solo
accidental_pervert	1boy,hetero,1girl,multiple_girls,2girls
cowboy	cowboy_western,male_focus,1boy,solo,1girl
fighting_game	multiple_girls,2girls,1girl,solo
tea_party_(blue_archive)	3girls,multiple_girls
tour_guide	1girl,solo
tennis	1girl,solo,multiple_girls
time_stop	multiple_girls,hetero,1boy,2girls,1girl
yuki_onna	1girl,solo
priestess	1girl,solo,multiple_girls
rhythmic_gymnastics	gymnastics,1girl,solo
paradeus	multiple_girls,1girl,solo
lifeguard	bara,male_focus,solo,1girl,1boy
inner_senshi	sailor_senshi,magical_girl,5girls,multiple_girls,2girls
kappa	multiple_girls,1girl,solo
magical_boy	magical_girl,male_focus,1boy,multiple_girls,solo,1girl
slice_of_life	multiple_girls,2girls,1girl,solo
too_many_cats	1girl,solo
funeral_dress	multiple_girls,1girl,solo,2girls
seraph	male_focus,solo,1girl,1boy
ainu	1girl,1boy,solo
familiar	1girl,solo
grass_root_youkai_network	3girls,multiple_girls
monk	multiple_boys,male_focus,1boy,1girl,solo
mamemaki	setsubun,multiple_girls,2girls,1girl,solo
ero_guro	guro,hetero,1girl,1boy,multiple_girls,solo
super_saiyan_blue	super_saiyan,male_focus,multiple_boys,2boys,1boy,solo
implied_incest	brother_and_sister,siblings,1boy,hetero,1girl,multiple_girls,solo
primarch	male_focus,multiple_boys,1boy,solo,1girl
quintuplets	5girls,sisters,siblings,multiple_girls
tiger_i	military,multiple_girls,1girl,solo
virgin	hetero,1girl,1boy,multiple_girls,solo
dinosaur_costume	virtual_youtuber,multiple_girls,1girl,solo
u.n._spacy	science_fiction,military,no_humans,1boy,1girl
uncle_and_niece	siblings,1boy,multiple_boys,multiple_girls,1girl
for_adoption	1girl,solo,multiple_girls
5others	multiple_others,1girl
tiger_costume	year_of_the_tiger,chinese_zodiac,new_year,multiple_girls,1girl,solo
firefighter	firefighter_jacket,1girl,solo
queen	1girl,solo
mascot_costume	multiple_girls,1girl,solo
hololive_fantasy	5girls,virtual_youtuber,multiple_girls
italy	multiple_girls,1girl,solo
cowgirl_(western)	cowboy_western,1girl,solo
dj	1girl,multiple_girls,solo
hannya	solo,1girl
weight_gain	weight_conscious,1girl,solo
aunt_and_nephew	onee-shota,age_difference,1boy,hetero,multiple_girls,1girl
banchou	delinquent,1girl,multiple_girls,solo
kidnapping	multiple_girls,1boy,1girl
bakeneko	1girl,solo
fujoshi	multiple_boys,multiple_girls,1girl,solo
kung_fu	martial_arts,1girl,solo
team_magma_uniform	team_magma,1girl,solo
prisoner	1girl,solo
cashier	multiple_girls,1girl
rivalry	multiple_girls,2girls
will-o'-the-wisp_(mythology)	1girl,solo
amazon_warrior	1girl,solo
imperial_japanese_navy	military,no_humans,1girl
buddhist_nun	nun,multiple_girls,1girl,solo
oiran	1girl,solo
genie	1girl,solo
phantom_thief	1girl,solo
mother_and_child	1other,multiple_girls,1girl
half-siblings	siblings,sisters,multiple_boys,multiple_girls,2girls
russian_clothes	1girl,solo
spartan_(halo)	science_fiction,male_focus,1boy,solo,1girl
n_corp._fanatic_(identity)_(project_moon)	1boy,1girl
muscular_uke	yaoi,bara,2boys,multiple_boys,male_focus,couple
other_with_female	1other,1girl
dancer_(fire_emblem:_three_houses)	dancer,1girl,solo
indian	solo,1girl
firefighter_jacket	firefighter,1girl,solo
implied_prostitution	1girl,solo
kidnapped	multiple_girls,1girl
neet	1girl,solo
moth_antennae	1girl,solo
cannibalism	guro,1girl
grandmother_and_granddaughter	multiple_girls,2girls
newhalf_with_female	futa_without_pussy,futa_with_female,2girls,multiple_girls
forced	multiple_girls,1girl
tea_party	multiple_girls
mixed-sex_combat	femdom,1boy,hetero,1girl
alter_servant	dark_persona,solo,1girl
holox	5girls,virtual_youtuber,multiple_girls
carhop	waitress,multiple_girls,1girl,solo
maid_cafe	maid,multiple_girls,1girl
scientist	science_fiction,1girl
destroyer	military,personification,1girl,solo
conductor	solo,1girl
lion_dance	solo,1girl
marching_band	1girl,solo
jedi	1girl,solo
panda_costume	multiple_girls,1girl
soapland	hetero,1boy,1girl
grandmother_and_grandson	1boy,1girl
newhalf_with_male	futa_without_pussy,male_on_futa,1boy,1girl
yakuza	1boy,1girl
magic_trick	1girl
husky	1girl
shadow_(shadows_house)	2girls,multiple_girls
punishment	multiple_girls,1girl
sleepover	multiple_girls
straw_hat_pirates	6+boys,multiple_boys,multiple_girls,2girls
school_nurse	1girl,solo
griffin	1girl
transgender_flag	1girl,solo
human_dog	1girl
titan_(titanfall)	science_fiction,1girl
demon_costume	multiple_girls,1girl
japan_ground_self-defense_force	japan_self-defense_force,military,1girl
sith	solo,1girl
imperium_of_man	1girl
master_and_servant	maid,yuri,multiple_girls,2girls
ethereal_(zenless_zone_zero)	1girl
prince	
necromancer	1girl
undersized_animal	no_humans
bee_costume	1girl
mixed_maids	wa_maid,maid,multiple_girls,2girls
barmaid	1girl,solo
coach	1girl
cub	1girl
blacksmith	1girl,solo
togruta	1girl,solo
science	1girl
argentina	
king	
yuujo	solo,1girl
nakai_(waitress)	1girl,solo
husband_and_husband	yaoi,couple,2boys,multiple_boys,male_focus
legendary_super_saiyan	super_saiyan,male_focus
step-sisters	step-siblings,sisters,siblings,yuri,2girls,multiple_girls
shotadom	onee-shota,age_difference,multiple_boys,1girl
sumo	
netorase	hetero,1girl
male_harem	multiple_boys,1girl
reverse_ryona	femdom,hetero,1boy,1girl
shadaloo_dolls	1girl,solo
bimbofication	1girl
pink_cat	1girl
toucan	1girl
year_of_the_goat	chinese_zodiac,new_year,1girl,solo
grandfather_and_grandson	multiple_boys
gladiator	1girl
ravenclaw	
aquarius_(constellation)	solo,1girl
barbarian	1girl
food_costume	1girl
stormtrooper	
qi_maid	maid,1girl
dinosaur_hood	1girl
farmer	
fox_costume	multiple_girls
shinto	
mailman	1girl
croupier	1girl,solo
step-brother_and_step-sister	step-siblings,brother_and_sister,siblings,1boy,1girl
forced_partners	2girls,multiple_girls
german_army	military
quincy_(bleach)	
gangster	
mexican_clothes	
anglerfish_costume	
united_states_marine_corps	
antelope_horns	
armored_trooper	
organization_xiii	
bousouzoku	delinquent
paladin	
cupid	
caveman	
politician	
security_guard	
heian	
geisha	
gold_saint	
ninjutsu_research_club_(blue_archive)	multiple_girls
thief	
guide	
harlequin	
photographer	
zookeeper	
british_army	
cavalry	
mandalorian	
uncle_and_nephew	multiple_boys
dragoon	
plague_doctor	
combat_medic	
jockey	
