1girl	solo,hetero,virtual_youtuber,solo_focus,1boy,maid,borrowed_character,office_lady,cheerleader,lolita_fashion,christmas,mecha_musume,personification,magical_girl,onee-shota,race_queen,valentine,interracial,enmaided,gothic_lolita,nurse,chinese_zodiac,brother_and_sister,witch,halloween,oppai_loli,nun,new_year,dancer,miko,unconventional_maid,ninja,jirai_kei,bride,netorare,nontraditional_playboy_bunny,kitsune,idol,waitress,instant_loss,pokephilia,military,goth_fashion,ancient_egyptian,interspecies,summer,kono_lolicon_domome,prostitution,policewoman,teacher,nekomata,mtu_virus,yandere,paizuri_invitation,winter,creature_and_personification,slime_girl,wa_maid,kyuubi,year_of_the_tiger,furry_with_non-furry,age_difference,year_of_the_ox,cheating_(relationship),nontraditional_miko,abuse,police,husband_and_wife,heart-shaped_boob_challenge,anal_only,corruption,topless_female,princess,year_of_the_snake,ballerina,bunny_day,k/da_(league_of_legends),dark_persona,ballet,slave,futa_on_male,animification,male_on_futa,sheikah,gymnastics,year_of_the_rabbit,yandere_trance,chikan,public_use,tour_guide,valkyrie,knight_(chess),implied_pregnancy,reverse_fellatio,after_bathing,stripper,housewife,weight_conscious,cat_day,toddlercon
solo	1girl,virtual_youtuber,male_focus,maid,lolita_fashion,enmaided,christmas,valentine,magical_girl,mecha_musume,cheerleader,gothic_lolita,chinese_zodiac,race_queen,borrowed_character,new_year,halloween,dancer,unconventional_maid,miko,witch,personification,office_lady,ninja,nontraditional_playboy_bunny,kono_lolicon_domome,nurse,jirai_kei,idol,nekomata,summer,waitress,nun,kitsune,goth_fashion,nontraditional_miko,ancient_egyptian,year_of_the_ox,year_of_the_tiger,winter,bara,wa_maid,heart-shaped_boob_challenge,paizuri_invitation,bunny_day,year_of_the_rabbit,bride,knight_(chess),kyuubi,self-harm,dark_persona,yandere_trance,stripper,cat_day,year_of_the_snake,ballerina,shinsengumi,gathers,year_of_the_dragon,k/da_(league_of_legends),gymnastics,ballet,pirate,fusion,karakasa_obake,rhythmic_gymnastics,sweet_lolita,nudist,science_fiction,after_bathing,e.g.o_(project_moon),humanization,self_cosplay,animification,corruption,oppai_loli,standard_bearer,policewoman,asian,valkyrie,samurai,dancer_(fire_emblem:_three_houses),soccer,onmyouji,cowboy_western,oiran,yuujo,slime_girl,year_of_the_rooster,teacher,jiangshi,weight_conscious,warrior,tour_guide,nazi,surreal,croupier,mechanic,easter,kyuudou
multiple_girls	2girls,yuri,3girls,4girls,6+girls,sisters,siblings,5girls,twins,futa_with_female,dual_persona,mother_and_daughter,multiple_boys,everyone,6+boys,military,incest,onee-loli,wife_and_wife,maid,multiple_persona,couple,harem,bisexual_female,clone,femdom,female_pervert,family,pervert,fff_threesome,3boys,magical_girl,age_difference,nontraditional_miko,in-franchise_crossover,futa_with_futa,4boys,time_paradox,ho-kago_tea_time,2boys,inkling,5boys,serval_print,father_and_daughter,selfcest,anniversary,twincest,kodomo_doushi,cousins,yukkuri_shiteitte_ne,angel_and_devil,size_difference,triplets,team_9_(touhou),holomyth,aunt_and_niece,halloween,christmas,game_development_department_(blue_archive),glutton,friends,sexual_coaching,look-alike,octoling,brother_and_sister,motherly,karakasa_obake,absolutely_everyone,nun,jiangshi,sailor_senshi,miko,mother_and_son,new_year,holocouncil,misunderstanding,tea_party_(blue_archive),quintuplets,grass_root_youkai_network,himejoshi,prank,role_reversal,inner_senshi,theft,futasub,waitress,festival,hololive_fantasy,nekomata,tsundere,bullying,sailor,enmaided,husband_and_wife,newhalf_with_female,idol,grandmother_and_granddaughter,party,clothes_theft,lolita_fashion
1boy	hetero,male_focus,solo_focus,couple,1girl,brother_and_sister,bara,age_difference,crossdressing,interracial,onee-shota,femdom,siblings,husband_and_wife,interspecies,size_difference,incest,father_and_daughter,netorare,furry_with_non-furry,instant_loss,mother_and_son,military,bisexual_female,futa_on_male,harem,pokephilia,cheating_(relationship),male_playboy_bunny,super_saiyan,family,twins,furry_with_furry,male_maid,kodomo_doushi,mother_and_daughter,lolidom,tentacles_on_male,prostitution,sexual_coaching,alternate_universe,male_on_futa,salaryman,alternate_form,sadism,oppai_loli,magical_boy,wedding,knight,aunt_and_nephew,super_saiyan_4,transformation,groom,priest,mixed-sex_combat,e.g.o_(project_moon),implied_yaoi,super_saiyan_1,butler,chikan,newhalf_with_male,death,abuse,team_rocket,cousins,nun,reverse_fellatio,uncle_and_niece,twincest,accidental_pervert,toddlercon,animification,policeman,role_reversal,borrowed_character,yandere,humiliation,teacher_and_student,tsundere,pervert,penis_size_difference,1other,implied_after_sex,implied_incest,grandmother_and_grandson,drugged,bangboo_(zenless_zone_zero),ryona,step-siblings,step-brother_and_step-sister,waiter,slave,anal_only,reverse_ryona,police,samurai,doctor,ninja,super_saiyan_blue,primarch
2girls	multiple_girls,yuri,sisters,siblings,twins,dual_persona,futa_with_female,mother_and_daughter,incest,couple,wife_and_wife,onee-loli,femdom,bisexual_female,age_difference,futa_with_futa,female_pervert,pervert,family,maid,selfcest,inkling,twincest,magical_girl,military,time_paradox,kodomo_doushi,multiple_boys,angel_and_devil,cousins,father_and_daughter,serval_print,size_difference,in-franchise_crossover,sexual_coaching,nontraditional_miko,octoling,2boys,look-alike,friends,mother_and_son,christmas,futasub,yukkuri_shiteitte_ne,role_reversal,clone,halloween,newhalf_with_female,brother_and_sister,motherly,husband_and_wife,jiangshi,new_year,step-sisters,miko,aunt_and_niece,interracial,wedding,shadow_(shadows_house),tsundere,3boys,rivalry,glutton,virtual_youtuber,futa_without_pussy,implied_yuri,furry_with_furry,enmaided,dark_persona,master_and_servant,karakasa_obake,prank,misunderstanding,theft,4boys,interspecies,ryona,teacher_and_student,valentine,luna_nova_school_uniform,step-siblings,personality_switch,death,alternate_universe,clothes_theft,lolita_fashion,grandmother_and_granddaughter,police,sailor_senshi,straw_hat_pirates,hyur,forced_partners,policewoman,anniversary,waitress,kitsune,winter,masochism,crisis_management_form_(machimazo),nekomata
hetero	1boy,solo_focus,1girl,couple,interracial,multiple_boys,age_difference,onee-shota,interspecies,3boys,femdom,netorare,2boys,incest,furry_with_non-furry,instant_loss,size_difference,pokephilia,4boys,cheating_(relationship),husband_and_wife,harem,brother_and_sister,kodomo_doushi,prostitution,bisexual_female,5boys,furry_with_furry,reverse_fellatio,chikan,lolidom,sexual_coaching,oppai_loli,abuse,6+boys,humiliation,borrowed_character,slave,siblings,mother_and_son,sadism,twincest,toddlercon,wedding,drugged,public_use,anal_only,groom,captured,ryona,father_and_daughter,josou_seme,nun,netorase,mixed-sex_combat,teacher_and_student,virtual_youtuber,nurse,boy_sandwich,bride,aunt_and_nephew,teacher,drugs,soapland,reverse_ryona,accidental_pervert,dominatrix,masochism,slime_girl,ero_guro,twins,mother_and_daughter,cousins,time_stop,implied_incest,implied_after_sex,cheerleader,pervert,family,sheikah,virgin,topless_female,role_reversal,implied_pregnancy,selfcest,torture,office_lady,tsundere,corruption,female_pervert,warrior_(dq3),doctor,sangvis_ferri,exhausted,clone,ancient_egyptian,triplets,princess,k/da_(league_of_legends),native_american
virtual_youtuber	1girl,solo,holomyth,jirai_kei,holocouncil,solo_focus,hololive_fantasy,pirate,holox,twins,nurse,idol,5girls,mascot,detective,wa_maid,lolita_fashion,gothic_lolita,multiple_girls,nun,maid,2girls,enmaided,hetero,goth_fashion,interracial,yandere,dinosaur_costume,unconventional_maid,summer,tanuki,yuri,anniversary,valentine,objectification,halloween,princess,nontraditional_miko,christmas,bunny_day,sisters,police,nontraditional_playboy_bunny,office_lady,multiple_others,astronaut,dark_persona,summer_festival,delinquent,policewoman,topless_female,instant_loss,dual_persona,cheerleader,cat_day,cowboy_western,selfcest,6+others,clothed_animal,wife_and_wife,horror_(theme),winter,1other,2others,fusion,mother_and_daughter,futa_with_female,samurai,bisexual_female,multiple_persona,witch,clone,year_of_the_rabbit,year_of_the_tiger,female_pervert
solo_focus	hetero,1boy,1girl,multiple_boys,interracial,2boys,1other,3boys,yaoi,interspecies,4boys,people,furry_with_non-furry,femdom,netorare,multiple_others,age_difference,pokephilia,virtual_youtuber,5boys,size_difference,6+boys,humiliation,prostitution,chikan,instant_loss,cheating_(relationship),oppai_loli,abuse,reverse_fellatio,bara,borrowed_character,2others,male_on_futa,slave,6+others,penis_size_difference,public_use,furry_with_furry,lolidom,anal_only,ryona,captured,onee-shota,mmm_threesome,toddlercon,sadism,cheerleader,nurse,drugged,office_lady,nun,futa_with_female,male_focus,death,incest,drugs,crossdressing,torture,masochism,teacher,police,pervert,slime_girl,futasub,futa_on_male,sangvis_ferri,jiangshi,topless_female,guro,stripper,female_pervert,futa_without_pussy,policewoman,festival,soldier,yandere,dominatrix,bride,male_playboy_bunny,ancient_egyptian,corruption,wedding,princess,bangboo_(zenless_zone_zero),waitress,3girls,tsundere,pirate,maid,ninja,kitsune,knight,idol,clothed_pokemon,brother_and_sister,race_queen,miko
male_focus	1boy,multiple_boys,2boys,yaoi,bara,crossdressing,3boys,solo,super_saiyan,brothers,4boys,male_playboy_bunny,male_maid,couple,mmm_threesome,6+boys,onii-shota,implied_yaoi,super_saiyan_4,super_saiyan_1,father_and_son,tentacles_on_male,5boys,size_difference,penis_size_difference,super_saiyan_blue,josou_seme,muscular_uke,animification,knight,saiyan,dual_persona,alternate_form,alternate_universe,salaryman,interspecies,e.g.o_(project_moon),boy_sandwich,interracial,husband_and_husband,samurai,primarch,furry_with_non-furry,furry_with_furry,hyur,magical_boy,transformation,humanization,priest,multiple_persona,policeman,ninja,science_fiction,masked,legendary_super_saiyan,death,teacher_and_student,waiter,spartan_(halo),time_paradox,enmaided,cowboy,selfcest,wizard,lifeguard,guro,dark_persona,clown,butler,horror_(theme),doctor,pirate,age_difference,monk,seraph,solo_focus,shinsengumi,alternate_species,personification,kodomo_doushi,soldier,onmyouji,fusion,possessed,surreal,dark_aura,oversized_animal,suicide,police,clone,self-harm,team_rocket,multiple_others,ancient_egyptian,otaku,cowboy_western,chef,year_of_the_dragon,asian,anniversary
multiple_boys	2boys,male_focus,3boys,yaoi,4boys,6+boys,hetero,5boys,bara,solo_focus,multiple_girls,brothers,everyone,crossdressing,6+girls,father_and_son,interracial,siblings,3girls,couple,4girls,brother_and_sister,interspecies,age_difference,size_difference,family,dual_persona,mother_and_son,mmm_threesome,netorare,onii-shota,father_and_daughter,boy_sandwich,penis_size_difference,super_saiyan,5girls,alternate_universe,2girls,multiple_persona,furry_with_non-furry,husband_and_wife,josou_seme,time_paradox,anniversary,onee-shota,absolutely_everyone,muscular_uke,animification,furry_with_furry,soldier,super_saiyan_1,implied_yaoi,male_playboy_bunny,bisexual_female,knight,humiliation,twins,multiple_others,in-franchise_crossover,straw_hat_pirates,cheating_(relationship),kodomo_doushi,super_saiyan_4,death,chikan,husband_and_husband,male_maid,male_harem,science_fiction,ninja,reverse_fellatio,mother_and_daughter,teacher_and_student,people,policeman,salaryman,hyur,clone,saiyan,grandfather_and_grandson,1other,super_saiyan_blue,friends,military,police,butler,waiter,slave,alternate_form,captured,prostitution,priest,uncle_and_nephew,team_rocket,war,pokephilia,selfcest,party,cousins,shotadom
yuri	multiple_girls,2girls,couple,incest,wife_and_wife,femdom,onee-loli,3girls,sisters,fff_threesome,age_difference,selfcest,twincest,female_pervert,siblings,pervert,kodomo_doushi,4girls,himejoshi,wedding,twins,harem,interspecies,mother_and_daughter,furry_with_furry,dual_persona,angel_and_devil,interracial,step-sisters,bride,teacher_and_student,valentine,confession,tsundere,6+girls,step-siblings,5girls,groom,magical_girl,dominatrix,size_difference,role_reversal,cousins,luna_nova_school_uniform,clone,master_and_servant,crisis_management_form_(machimazo),aunt_and_niece,serval_print,masochism,slave,yandere,chimera,lolidom,misunderstanding,time_paradox,military,inkling,borrowed_character,virtual_youtuber,native_american,cheating_(relationship),in-franchise_crossover,slime_girl,nontraditional_miko,humiliation,hyur,maid,family,ryona,furry_with_non-furry,octoling,alternate_universe,multiple_persona,princess,netorare,transformation,sailor,animification,miko,nurse,dark_persona,humanization,teacher,policewoman,christmas,office_lady,instant_loss,pokephilia,police,nekomata,winter,goth_fashion,jiangshi,everyone
3girls	multiple_girls,fff_threesome,yuri,sisters,siblings,multiple_boys,3boys,multiple_persona,mother_and_daughter,harem,triplets,military,futa_with_female,grass_root_youkai_network,tea_party_(blue_archive),2boys,family,maid,twins,4boys,clone,dual_persona,6+boys,pervert,female_pervert,5boys,in-franchise_crossover,aunt_and_niece,nontraditional_miko,time_paradox,himejoshi,age_difference,anniversary,halloween,femdom,yukkuri_shiteitte_ne,idol,glutton,nekomata,christmas,onee-loli,motherly,misunderstanding,father_and_daughter,nun,brother_and_sister,new_year,bisexual_female,magical_girl,friends,everyone,karakasa_obake,futa_with_futa,1other,waitress,kitsune,bangboo_(zenless_zone_zero),serval_print,prank,incest,bullying,miko,look-alike,people,witch,1boy,theft,enmaided,festival,jiangshi,police,mother_and_son,setsubun,sexual_coaching,wife_and_wife,kyuubi,tsundere,multiple_others,netorare,implied_yuri,angel_and_devil,policewoman,humiliation,butler,size_difference,yandere,kodomo_doushi,slave,delinquent,alternate_universe,inkling,dark_aura,summer,exhausted,cousins,cheerleader,role_reversal,sailor,valentine,death
2boys	multiple_boys,male_focus,yaoi,bara,hetero,solo_focus,crossdressing,brothers,couple,father_and_son,interracial,siblings,size_difference,multiple_girls,interspecies,age_difference,brother_and_sister,dual_persona,family,onii-shota,mother_and_son,penis_size_difference,netorare,father_and_daughter,josou_seme,furry_with_non-furry,muscular_uke,3girls,super_saiyan,alternate_universe,boy_sandwich,furry_with_furry,2girls,husband_and_wife,implied_yaoi,4girls,male_playboy_bunny,bisexual_female,time_paradox,male_maid,husband_and_husband,kodomo_doushi,onee-shota,twins,animification,cheating_(relationship),salaryman,reverse_fellatio,super_saiyan_1,teacher_and_student,mother_and_daughter,friends,selfcest,incest,hyur,pokephilia,death,humiliation,policeman,6+girls,knight,super_saiyan_4,butler,multiple_others,alternate_form,super_saiyan_blue,anniversary,police,in-franchise_crossover,everyone,chikan,priest,tentacles_on_male,science_fiction,instant_loss,waiter,abuse,ninja,people,prostitution,slave,clone,1other,cousins,doctor,soldier,transformation,e.g.o_(project_moon),ryona,5girls,team_rocket,humanization,look-alike,chef,2others,wedding,bangboo_(zenless_zone_zero),dark_persona,military,samurai
maid	enmaided,unconventional_maid,wa_maid,1girl,multiple_girls,solo,crossdressing,male_maid,2girls,victorian_maid,6+girls,waitress,twins,butler,sisters,siblings,3girls,maid_cafe,mixed_maids,master_and_servant,qi_maid,bangboo_(zenless_zone_zero),4girls,female_butler,5girls,virtual_youtuber,everyone,valentine,sangvis_ferri,game_development_department_(blue_archive),lolita_fashion,clothed_pokemon,multiple_persona,yuri,gothic_lolita,femdom,pervert,female_pervert,borrowed_character,yukkuri_shiteitte_ne,clone,dual_persona,nurse,yandere,nekomata,6+boys,futa_with_female,solo_focus,kitsune,anniversary,1boy,age_difference,miko,onee-shota,5boys
siblings	sisters,twins,brother_and_sister,multiple_girls,2girls,incest,brothers,twincest,1boy,multiple_boys,3girls,2boys,yuri,mother_and_daughter,family,6+girls,step-siblings,mother_and_son,4girls,game_development_department_(blue_archive),quintuplets,age_difference,father_and_son,father_and_daughter,5girls,everyone,6+boys,maid,3boys,half-siblings,triplets,step-sisters,hetero,aunt_and_niece,onee-shota,kodomo_doushi,implied_incest,step-brother_and_step-sister,husband_and_wife,4boys,bisexual_female,train_conductor,fff_threesome,uncle_and_niece,alternate_universe,crossdressing,time_paradox,femdom,futa_with_female,absolutely_everyone,anniversary,5boys,harem,lolita_fashion,bangboo_(zenless_zone_zero),onee-loli,clone,cousins,christmas,futa_with_futa,couple,halloween,dual_persona,pervert,female_pervert,wife_and_wife,gothic_lolita,multiple_others,wa_maid,animification,new_year,enmaided,2others,winter,multiple_persona,size_difference,idol,kitsune,summer,nekomata,miko,bride,ninja,police,military,waitress,nun,valentine,yaoi,witch,chinese_zodiac
4girls	multiple_girls,multiple_boys,sisters,siblings,4boys,game_development_department_(blue_archive),harem,multiple_persona,yuri,3boys,team_9_(touhou),6+boys,military,ho-kago_tea_time,twins,5boys,2boys,everyone,nontraditional_miko,clone,maid,mother_and_daughter,anniversary,nun,in-franchise_crossover,family,pervert,female_pervert,futa_with_female,dual_persona,serval_print,halloween,triplets,magical_girl,brother_and_sister,yukkuri_shiteitte_ne,time_paradox,new_year,festival,glutton,octoling,christmas,nekomata,waitress,enmaided,femdom,jiangshi,idol,1other,summer,inkling,people,miko,multiple_others,alternate_universe,witch,age_difference,karakasa_obake,father_and_daughter,size_difference,tsundere,onee-loli,death,kitsune,winter,yandere,ninja,valentine,kyuubi,police,knight,lolita_fashion,personification,gothic_lolita,chinese_zodiac,nurse,cheerleader,crossdressing,onee-shota,incest
military	multiple_girls,soldier,1boy,science_fiction,japan_self-defense_force,6+girls,war,2girls,3girls,pilot,tiger_i,nazi,mecha_musume,japan_ground_self-defense_force,imperial_japanese_navy,4girls,no_humans,destroyer,5girls,nontraditional_miko,military_operator,personification,u.n._spacy,1girl,multiple_boys,6+boys,united_states,german_army,teamwork,sailor,everyone,multiple_others,tsundere,5boys,yuri,3boys,death,size_difference,couple,pervert,yandere,winter,valentine,female_pervert,2boys,multiple_persona,4boys,2others,police,anniversary,solo,dual_persona,sisters,mother_and_daughter,femdom,siblings,kitsune,onee-shota,age_difference
no_humans	animal_focus,science_fiction,evolutionary_line,shiny_pokemon,fusion,clothed_pokemon,clothed_animal,decepticon,military,evangelion_(mecha),horror_(theme),objectification,mega_pokemon,undersized_animal,u.n._spacy,imperial_japanese_navy,yukkuri_shiteitte_ne,eldritch_abomination,surreal,multiple_others,war,alternate_form,chimera,oversized_animal,winter,summer,2others,transformation,size_difference,everyone,chinese_zodiac
6+girls	multiple_girls,everyone,6+boys,multiple_boys,multiple_persona,siblings,absolutely_everyone,sisters,clone,military,maid,harem,nontraditional_miko,anniversary,4boys,in-franchise_crossover,nun,5boys,twins,dual_persona,karakasa_obake,holocouncil,3boys,team_9_(touhou),magical_girl,yukkuri_shiteitte_ne,party,sailor,glutton,jiangshi,mother_and_daughter,holomyth,miko,ho-kago_tea_time,festival,sailor_senshi,yuri,lolita_fashion,2boys,idol,personification,serval_print,sangvis_ferri,time_paradox,brother_and_sister,witch,gothic_lolita,multiple_others,christmas,father_and_daughter,1other,halloween,ninja,pervert,female_pervert,nekomata,brothers,family,waitress,people,new_year,age_difference,cousins,size_difference,teacher,nurse,2others,father_and_son,soldier,kitsune,death,mother_and_son,slime_girl,police,tsundere,summer,knight,inkling,cheerleader,kyuubi,husband_and_wife,policewoman,octoling,winter,valentine,animification,crossdressing,futa_with_female,femdom,enmaided,dark_persona,mecha_musume,chinese_zodiac,science_fiction,office_lady,borrowed_character
sisters	siblings,multiple_girls,2girls,twins,incest,3girls,twincest,yuri,6+girls,4girls,game_development_department_(blue_archive),quintuplets,5girls,mother_and_daughter,maid,family,step-sisters,triplets,brother_and_sister,aunt_and_niece,everyone,step-siblings,age_difference,train_conductor,father_and_daughter,fff_threesome,futa_with_female,bisexual_female,half-siblings,kodomo_doushi,onee-loli,lolita_fashion,clone,harem,brothers,femdom,6+boys,wife_and_wife,time_paradox,mother_and_son,christmas,wa_maid,female_pervert,halloween,pervert,husband_and_wife,virtual_youtuber,gothic_lolita,enmaided,kitsune,anniversary,nekomata,new_year,miko,4boys,military,summer,multiple_boys,couple,valentine,nun,3boys,dual_persona,cheerleader,size_difference
1other	solo_focus,other_with_female,knight,horror_(theme),multiple_boys,astronaut,size_difference,e.g.o_(project_moon),mother_and_child,science_fiction,eldritch_abomination,6+boys,1boy,bangboo_(zenless_zone_zero),3girls,surreal,death,humanization,everyone,6+girls,interspecies,2boys,personification,guro,mega_pokemon,oversized_animal,furry_with_non-furry,3boys,4boys,animal_focus,shiny_pokemon,4girls,dual_persona,anniversary,multiple_girls,winter,5boys,kitsune,animification,male_focus,5girls,nun,witch,brother_and_sister,halloween,virtual_youtuber,enmaided,crossdressing
magical_girl	multiple_girls,sailor_senshi,inner_senshi,1girl,2girls,solo,5girls,star_guardian_(league_of_legends),in-franchise_crossover,witch_(madoka_magica),magical_boy,dual_persona,henshin,6+girls,dark_persona,self_cosplay,female_pervert,corruption,pervert,yuri,transformation,everyone,3girls,4girls,multiple_persona,look-alike,time_paradox,anniversary,witch,crossdressing,lolita_fashion,personification,femdom,6+boys
couple	hetero,1boy,yuri,yaoi,2girls,2boys,bara,multiple_girls,multiple_boys,husband_and_wife,male_focus,wedding,wife_and_wife,bride,groom,size_difference,furry_with_furry,family,interspecies,interracial,incest,husband_and_husband,age_difference,muscular_uke,alternate_universe,furry_with_non-furry,twincest,father_and_son,onee-loli,father_and_daughter,mother_and_daughter,mother_and_son,brother_and_sister,valentine,winter,alternate_form,tsundere,siblings,crossdressing,military,animification,femdom,twins,1girl,6+boys,christmas,3boys,sisters,office_lady,4boys,borrowed_character,dual_persona,science_fiction
3boys	multiple_boys,hetero,male_focus,solo_focus,multiple_girls,yaoi,mmm_threesome,3girls,interracial,brothers,bara,father_and_son,4girls,boy_sandwich,siblings,crossdressing,age_difference,6+girls,everyone,family,brother_and_sister,5girls,netorare,interspecies,multiple_persona,mother_and_son,father_and_daughter,onee-shota,dual_persona,super_saiyan,2girls,alternate_universe,size_difference,humiliation,anniversary,time_paradox,soldier,multiple_others,cheating_(relationship),animification,husband_and_wife,knight,clone,prostitution,slave,death,furry_with_non-furry,science_fiction,1other,people,twins,2others,ninja,mother_and_daughter,military,police,nun,incest,christmas,couple,office_lady,halloween,sisters,borrowed_character,personification,enmaided
5girls	multiple_girls,ho-kago_tea_time,holomyth,quintuplets,multiple_boys,magical_girl,sisters,everyone,siblings,harem,multiple_persona,6+boys,military,hololive_fantasy,holox,holocouncil,5boys,inner_senshi,virtual_youtuber,twins,3boys,clone,team_9_(touhou),4boys,maid,game_development_department_(blue_archive),sailor_senshi,anniversary,nun,yuri,nontraditional_miko,female_pervert,pervert,mother_and_daughter,in-franchise_crossover,waitress,christmas,halloween,2boys,idol,new_year,miko,jiangshi,dual_persona,winter,lolita_fashion,futa_with_female,brother_and_sister,gothic_lolita,summer,multiple_others,size_difference,witch,age_difference,personification,kitsune,enmaided,nurse,valentine,femdom,cheerleader,1other,crossdressing
yaoi	multiple_boys,2boys,male_focus,bara,couple,crossdressing,mmm_threesome,3boys,solo_focus,onii-shota,size_difference,interracial,penis_size_difference,interspecies,josou_seme,age_difference,4boys,furry_with_non-furry,muscular_uke,furry_with_furry,husband_and_husband,boy_sandwich,selfcest,male_playboy_bunny,kodomo_doushi,teacher_and_student,brothers,6+boys,incest,5boys,tentacles_on_male,father_and_son,salaryman,implied_yaoi,male_maid,hyur,dual_persona,pokephilia,clone,animification,borrowed_character,christmas,enmaided,siblings
christmas	1girl,solo,multiple_girls,winter,2girls,3girls,6+girls,bara,5girls,4girls,siblings,sisters,multiple_boys,virtual_youtuber,twins,mother_and_daughter,2boys,couple,3boys,brother_and_sister,4boys,yuri,yaoi,new_year,crossdressing,1boy
bara	male_focus,yaoi,multiple_boys,2boys,1boy,couple,size_difference,interspecies,3boys,interracial,mmm_threesome,muscular_uke,salaryman,tentacles_on_male,furry_with_non-furry,implied_yaoi,4boys,furry_with_furry,solo_focus,male_playboy_bunny,lifeguard,hyur,boy_sandwich,onii-shota,6+boys,solo,policeman,age_difference,5boys,penis_size_difference,teacher_and_student,father_and_son,crossdressing,chinese_zodiac,christmas,humanization,police,incest,summer,borrowed_character,halloween,new_year,valentine,personification
science_fiction	no_humans,evangelion_(mecha),mecha_musume,military,decepticon,u.n._spacy,fusion,titan_(titanfall),animification,soldier,pilot,multiple_boys,spartan_(halo),war,scientist,astronaut,size_difference,multiple_others,male_focus,1other,6+boys,police,humanization,transformation,2boys,2others,alternate_universe,3boys,personification,solo,1boy,5boys,4boys,dual_persona,6+girls,couple
age_difference	onee-shota,hetero,1boy,onee-loli,size_difference,incest,multiple_girls,onii-shota,yuri,multiple_boys,2girls,2boys,femdom,mother_and_son,siblings,mother_and_daughter,yaoi,solo_focus,brother_and_sister,futa_with_female,interracial,teacher_and_student,penis_size_difference,shotadom,3boys,lolidom,time_paradox,sisters,aunt_and_nephew,futa_on_male,toddlercon,father_and_daughter,3girls,couple,netorare,4boys,harem,teacher,1girl,bara,cheating_(relationship),furry_with_furry,fff_threesome,pervert,prostitution,female_pervert,interspecies,5boys,family,father_and_son,male_focus,everyone,6+girls,pokephilia,dual_persona,6+boys,nun,crossdressing,4girls,borrowed_character,5girls,twins,military,maid
dual_persona	multiple_girls,2girls,selfcest,time_paradox,multiple_boys,2boys,dark_persona,clone,magical_girl,6+girls,male_focus,3girls,yuri,6+boys,everyone,3boys,2others,angel_and_devil,multiple_others,4girls,super_saiyan,multiple_persona,transformation,yaoi,humanization,4boys,alternate_form,corruption,anniversary,mother_and_daughter,personification,age_difference,size_difference,animification,1boy,crossdressing,brother_and_sister,siblings,1other,futa_with_female,5boys,5girls,lolita_fashion,gothic_lolita,military,twins,virtual_youtuber,enmaided,nun,maid,science_fiction,couple,sisters
halloween	witch,mummy,sheet_ghost,multiple_girls,1girl,solo,jiangshi,2girls,3girls,nurse,4girls,6+girls,nun,5girls,siblings,inkling,multiple_boys,sisters,virtual_youtuber,lolita_fashion,gothic_lolita,2boys,twins,crossdressing,bara,3boys,1other
personification	creature_and_personification,mecha_musume,1girl,military,solo,humanization,shiny_pokemon,animification,destroyer,6+girls,multiple_girls,mega_pokemon,interspecies,slime_girl,furry_with_non-furry,borrowed_character,1other,size_difference,dual_persona,male_focus,1boy,science_fiction,3girls,lolita_fashion,2girls,4girls,5girls,magical_girl,bara,multiple_boys,3boys,2boys
enmaided	maid,crossdressing,unconventional_maid,solo,male_maid,1girl,multiple_girls,wa_maid,waitress,butler,victorian_maid,2girls,virtual_youtuber,male_focus,3girls,4girls,valentine,sisters,siblings,6+girls,5girls,2boys,dual_persona,twins,multiple_boys,yaoi,1other,3boys
crossdressing	male_focus,1boy,multiple_boys,2boys,male_maid,yaoi,maid,male_playboy_bunny,enmaided,josou_seme,3boys,butler,female_butler,brother_and_sister,4boys,lolita_fashion,siblings,6+boys,penis_size_difference,gothic_lolita,femdom,twins,bara,5boys,cheerleader,bride,brothers,nun,nurse,waitress,dual_persona,solo_focus,age_difference,everyone,couple,incest,interracial,size_difference,6+girls,halloween,magical_girl,4girls,christmas,5girls,1other
lolita_fashion	gothic_lolita,sweet_lolita,goth_fashion,1girl,solo,multiple_girls,virtual_youtuber,crossdressing,6+girls,twins,2girls,sisters,siblings,everyone,maid,dark_persona,halloween,dual_persona,5girls,witch,3girls,personification,4girls,magical_girl
twins	siblings,sisters,multiple_girls,2girls,brother_and_sister,twincest,incest,game_development_department_(blue_archive),brothers,maid,1boy,yuri,3girls,6+girls,virtual_youtuber,4girls,multiple_boys,5girls,everyone,2boys,train_conductor,mother_and_son,mother_and_daughter,kodomo_doushi,lolita_fashion,crossdressing,family,6+boys,hetero,anniversary,3boys,idol,femdom,gothic_lolita,couple,christmas,halloween,dual_persona,age_difference,enmaided
nun	buddhist_nun,1girl,multiple_girls,priest,6+girls,solo,virtual_youtuber,1boy,5girls,4girls,hetero,3girls,borrowed_character,multiple_boys,solo_focus,crossdressing,halloween,everyone,age_difference,onee-shota,6+boys,2girls,4boys,2boys,3boys,dual_persona,1other,sisters,male_focus,siblings
nontraditional_miko	multiple_girls,6+girls,2girls,military,4girls,3girls,solo,miko,1girl,5girls,yuri,kitsune,virtual_youtuber,new_year,valentine
borrowed_character	1girl,solo,hetero,solo_focus,1boy,interracial,nun,interspecies,personification,oppai_loli,futa_with_female,2girls,femdom,yuri,multiple_girls,age_difference,multiple_boys,yaoi,maid,bara,2boys,couple,3boys,6+girls
interracial	hetero,1boy,solo_focus,multiple_boys,2boys,yaoi,netorare,1girl,3boys,bara,age_difference,size_difference,cheating_(relationship),yuri,couple,male_focus,4boys,bisexual_female,instant_loss,penis_size_difference,abuse,2girls,futa_with_female,5boys,borrowed_character,femdom,humiliation,6+boys,onee-shota,prostitution,virtual_youtuber,multiple_girls,interspecies,crossdressing
brother_and_sister	siblings,1boy,incest,twins,multiple_boys,mother_and_son,hetero,2boys,twincest,brothers,mother_and_daughter,family,age_difference,1girl,father_and_son,onee-shota,father_and_daughter,step-siblings,multiple_girls,sisters,step-brother_and_step-sister,implied_incest,3boys,crossdressing,husband_and_wife,kodomo_doushi,6+boys,2girls,4boys,bangboo_(zenless_zone_zero),alternate_universe,everyone,3girls,6+girls,anniversary,time_paradox,4girls,5boys,femdom,couple,dual_persona,animification,5girls,christmas,1other,solo_focus
new_year	chinese_zodiac,year_of_the_tiger,year_of_the_ox,year_of_the_rabbit,year_of_the_rooster,year_of_the_dragon,year_of_the_snake,solo,1girl,multiple_girls,miko,year_of_the_goat,tiger_costume,2girls,winter,3girls,4girls,6+girls,5girls,nontraditional_miko,siblings,sisters,bara,christmas,multiple_boys
valentine	1girl,solo,tsundere,multiple_girls,yuri,2girls,maid,couple,virtual_youtuber,enmaided,3girls,military,4girls,6+girls,nontraditional_miko,5girls,bara,sisters,siblings
4boys	multiple_boys,hetero,male_focus,multiple_girls,solo_focus,4girls,yaoi,6+girls,3girls,everyone,brothers,bara,interracial,crossdressing,5girls,siblings,brother_and_sister,multiple_persona,father_and_son,age_difference,2girls,interspecies,family,netorare,animification,dual_persona,size_difference,onee-shota,1other,anniversary,multiple_others,science_fiction,military,nun,sisters,christmas,couple
6+boys	multiple_boys,6+girls,everyone,multiple_girls,male_focus,absolutely_everyone,brothers,hetero,siblings,4girls,5girls,solo_focus,multiple_persona,anniversary,3girls,father_and_son,straw_hat_pirates,dual_persona,soldier,brother_and_sister,in-franchise_crossover,yaoi,military,father_and_daughter,ninja,knight,bara,war,super_saiyan,crossdressing,1other,science_fiction,family,clone,time_paradox,multiple_others,interracial,mother_and_son,people,animification,husband_and_wife,death,twins,interspecies,police,mother_and_daughter,sisters,size_difference,age_difference,nun,2girls,couple,maid,magical_girl
size_difference	1boy,age_difference,hetero,multiple_boys,yaoi,2boys,interspecies,onee-shota,bara,multiple_girls,male_focus,2girls,solo_focus,furry_with_non-furry,interracial,couple,penis_size_difference,onee-loli,futa_with_female,onii-shota,vore,1other,science_fiction,pokephilia,femdom,yuri,3boys,incest,multiple_others,personification,4boys,6+girls,6+boys,dual_persona,3girls,mother_and_daughter,military,4girls,no_humans,crossdressing,5girls,siblings,sisters
cheerleader	1girl,solo,crossdressing,solo_focus,hetero,multiple_girls,3girls,6+girls,4girls,5girls,virtual_youtuber,2girls,sisters,1boy
miko	1girl,multiple_girls,new_year,solo,2girls,6+girls,nontraditional_miko,kitsune,chinese_zodiac,3girls,5girls,4girls,sisters,yuri,siblings,maid,solo_focus
office_lady	1girl,salaryman,solo,teacher,solo_focus,1boy,hetero,virtual_youtuber,multiple_girls,multiple_boys,2girls,3boys,3girls,couple,yuri,6+girls,2boys
witch	halloween,1girl,luna_nova_school_uniform,solo,multiple_girls,6+girls,3girls,2girls,4girls,lolita_fashion,magical_girl,5girls,1other,multiple_boys,siblings,virtual_youtuber
gothic_lolita	lolita_fashion,goth_fashion,1girl,solo,virtual_youtuber,multiple_girls,crossdressing,6+girls,everyone,2girls,siblings,dual_persona,halloween,sisters,twins,5girls,maid,3girls,4girls
femdom	hetero,yuri,1boy,lolidom,multiple_girls,2girls,dominatrix,sadism,age_difference,solo_focus,onee-shota,futa_with_female,futa_on_male,incest,slave,humiliation,futasub,reverse_ryona,masochism,mixed-sex_combat,onee-loli,kodomo_doushi,3girls,size_difference,interspecies,fff_threesome,siblings,interracial,crossdressing,pervert,yandere,female_pervert,sisters,brother_and_sister,4girls,borrowed_character,twins,couple,maid,6+girls,5girls,military,magical_girl,multiple_boys
nurse	1girl,doctor,virtual_youtuber,solo,halloween,hetero,multiple_girls,solo_focus,crossdressing,1boy,6+girls,2girls,3girls,5girls,yuri,4girls,maid,multiple_boys
chinese_zodiac	new_year,year_of_the_rabbit,year_of_the_tiger,year_of_the_ox,year_of_the_dragon,year_of_the_snake,year_of_the_rooster,solo,1girl,year_of_the_goat,tiger_costume,miko,bara,multiple_girls,2girls,male_focus,4girls,3girls,6+girls,no_humans,siblings
inkling	octoling,cousins,multiple_girls,2girls,alternate_species,incest,multiple_boys,1girl,3girls,yuri,4girls,halloween,6+girls,1boy,2boys,solo
futa_with_female	multiple_girls,2girls,fff_threesome,futasub,onee-loli,newhalf_with_female,futa_without_pussy,incest,3girls,femdom,age_difference,size_difference,selfcest,sisters,interspecies,interracial,siblings,4girls,instant_loss,mother_and_daughter,solo_focus,borrowed_character,dual_persona,5girls,6+girls,maid,virtual_youtuber
incest	siblings,sisters,brother_and_sister,twincest,yuri,2girls,hetero,multiple_girls,twins,age_difference,1boy,onee-shota,mother_and_daughter,mother_and_son,cousins,father_and_daughter,futa_with_female,kodomo_doushi,onee-loli,femdom,bisexual_female,aunt_and_niece,fff_threesome,brothers,couple,yaoi,father_and_son,futa_with_futa,2boys,futa_on_male,multiple_boys,3girls,size_difference,inkling,solo_focus,bara,crossdressing,3boys,4girls,male_focus
ninja	1girl,solo,multiple_boys,6+boys,male_focus,everyone,1boy,6+girls,2boys,multiple_girls,3boys,4girls,3girls,siblings,hetero,solo_focus,2girls
mother_and_daughter	multiple_girls,2girls,father_and_daughter,family,mother_and_son,husband_and_wife,siblings,incest,3girls,brother_and_sister,father_and_son,sisters,age_difference,1boy,yuri,onee-loli,motherly,multiple_boys,4girls,6+girls,aunt_and_niece,wife_and_wife,time_paradox,2boys,twins,alternate_universe,kitsune,futa_with_female,kyuubi,5girls,couple,hetero,6+boys,dual_persona,size_difference,3boys,christmas,military,virtual_youtuber
interspecies	furry_with_non-furry,hetero,pokephilia,1boy,multiple_boys,solo_focus,2boys,yaoi,size_difference,bara,furry_with_furry,yuri,male_focus,couple,1girl,3boys,captured,futa_with_female,shiny_pokemon,femdom,slime_girl,2girls,instant_loss,4boys,multiple_girls,borrowed_character,age_difference,netorare,personification,6+boys,1other,5boys,onee-shota,interracial,3girls
multiple_others	2others,6+others,5others,solo_focus,multiple_boys,people,knight,horror_(theme),science_fiction,no_humans,soldier,everyone,dual_persona,2boys,multiple_girls,death,6+boys,6+girls,3boys,size_difference,1boy,military,3girls,4boys,4girls,male_focus,siblings,5girls,virtual_youtuber,2girls
onee-shota	age_difference,hetero,1boy,incest,size_difference,1girl,mother_and_son,femdom,brother_and_sister,multiple_boys,siblings,futa_on_male,shotadom,2boys,aunt_and_nephew,3boys,penis_size_difference,interracial,solo_focus,interspecies,4boys,nun,multiple_girls,3girls,2girls,military,4girls,maid
waitress	maid,carhop,waiter,1girl,multiple_girls,enmaided,solo,wa_maid,3girls,2girls,6+girls,crossdressing,5girls,4girls,multiple_boys,solo_focus,siblings,2boys
kitsune	kyuubi,1girl,multiple_girls,aunt_and_niece,solo,miko,mother_and_daughter,nekomata,3girls,2girls,6+girls,nontraditional_miko,4girls,sisters,1other,5girls,siblings,military,solo_focus,maid
idol	k/da_(league_of_legends),virtual_youtuber,1girl,multiple_girls,solo,3girls,6+girls,5girls,4girls,twins,2girls,siblings,solo_focus
animal_focus	no_humans,clothed_animal,evolutionary_line,shiny_pokemon,clothed_pokemon,oversized_animal,1other
everyone	6+girls,multiple_girls,6+boys,multiple_boys,absolutely_everyone,5girls,siblings,anniversary,5boys,4boys,sisters,4girls,3boys,dual_persona,in-franchise_crossover,twins,multiple_persona,maid,karakasa_obake,brothers,multiple_others,brother_and_sister,magical_girl,military,3girls,ninja,2boys,1other,lolita_fashion,age_difference,nun,gothic_lolita,crossdressing,no_humans,yuri
mecha_musume	personification,science_fiction,1girl,solo,humanization,military,6+girls,3girls
summer	solo,1girl,multiple_girls,winter,no_humans,2girls,virtual_youtuber,4girls,3girls,6+girls,bara,multiple_boys,5girls,siblings,2boys,sisters,male_focus
winter	christmas,multiple_girls,1girl,solo,new_year,no_humans,2girls,summer,couple,military,4girls,5girls,1other,multiple_boys,6+girls,siblings,male_focus,3girls,2boys,virtual_youtuber,yuri,1boy
animification	multiple_boys,science_fiction,male_focus,2boys,personification,1boy,humanization,6+boys,4boys,1girl,3boys,multiple_girls,2girls,dual_persona,brother_and_sister,yaoi,solo,couple,siblings,6+girls,1other,yuri,3girls
police	policewoman,policeman,multiple_girls,multiple_boys,bangboo_(zenless_zone_zero),1girl,science_fiction,1boy,2girls,2boys,6+boys,3girls,bara,male_focus,6+girls,solo_focus,3boys,virtual_youtuber,4girls,military,siblings,hetero,solo,yuri
anniversary	multiple_girls,6+girls,multiple_boys,6+boys,everyone,4girls,5girls,3girls,multiple_persona,siblings,3boys,2boys,brother_and_sister,2girls,twins,dual_persona,4boys,1other,virtual_youtuber,male_focus,sisters,magical_girl,1boy,military,maid
race_queen	1girl,solo,2girls,3girls,multiple_girls,solo_focus
5boys	multiple_boys,multiple_girls,hetero,male_focus,solo_focus,6+girls,everyone,4girls,5girls,3girls,yaoi,brothers,interracial,bara,siblings,multiple_persona,crossdressing,brother_and_sister,age_difference,interspecies,2girls,military,science_fiction,dual_persona,1other,maid
multiple_persona	multiple_girls,6+girls,3girls,multiple_boys,clone,4girls,5girls,6+boys,time_paradox,3boys,4boys,everyone,male_focus,dark_persona,harem,anniversary,magical_girl,5boys,dual_persona,maid,military,yuri,siblings,2boys,virtual_youtuber
nekomata	multiple_girls,solo,1girl,3girls,kitsune,6+girls,2girls,4girls,sisters,siblings,maid,yuri
dark_persona	corruption,possessed,dual_persona,alter_servant,dark_aura,magical_girl,multiple_girls,multiple_persona,2girls,alternate_universe,1girl,male_focus,solo,multiple_boys,lolita_fashion,2boys,1boy,virtual_youtuber,6+girls,3girls,yuri
unconventional_maid	maid,enmaided,1girl,solo,virtual_youtuber,2girls,multiple_girls,3girls
bride	wedding,groom,wife_and_wife,husband_and_wife,couple,1girl,yuri,hetero,solo,1boy,crossdressing,multiple_girls,2girls,solo_focus,siblings,3girls,multiple_boys,2boys
jiangshi	multiple_girls,halloween,6+girls,2girls,karakasa_obake,3girls,4girls,1girl,5girls,solo_focus,solo,multiple_boys,hetero,2boys,yuri
pervert	female_pervert,multiple_girls,yuri,2girls,3girls,clothes_theft,theft,implied_yuri,magical_girl,4girls,1boy,age_difference,5girls,femdom,6+girls,hetero,siblings,multiple_boys,military,sisters,solo_focus,2boys,maid
octoling	inkling,multiple_girls,2girls,4girls,1boy,yuri,3girls,6+girls,1girl,multiple_boys,2boys,solo
knight	medieval,multiple_boys,male_focus,1other,1boy,multiple_others,6+boys,2boys,3boys,6+girls,multiple_girls,4girls,3girls,solo_focus
netorare	hetero,cheating_(relationship),1boy,multiple_boys,interracial,2boys,solo_focus,1girl,3boys,age_difference,humiliation,4boys,interspecies,multiple_girls,3girls,2girls,yuri
yandere	yandere_trance,1girl,multiple_girls,1boy,horror_(theme),virtual_youtuber,femdom,yuri,2girls,3girls,military,4girls,solo,solo_focus,maid,hetero
husband_and_wife	1boy,family,father_and_daughter,couple,mother_and_daughter,hetero,father_and_son,mother_and_son,wedding,multiple_boys,groom,bride,2boys,multiple_girls,brother_and_sister,siblings,2girls,1girl,6+boys,3boys,sisters,6+girls,3girls
policewoman	police,policeman,1girl,bangboo_(zenless_zone_zero),multiple_girls,2girls,3girls,solo,6+girls,solo_focus,1boy,virtual_youtuber,multiple_boys,yuri,hetero,2boys
oppai_loli	1girl,hetero,solo_focus,1boy,borrowed_character,solo,2girls,multiple_girls,3girls
female_pervert	pervert,multiple_girls,yuri,2girls,3girls,magical_girl,implied_yuri,4girls,5girls,age_difference,femdom,6+girls,1boy,siblings,sisters,military,solo_focus,hetero,maid,multiple_boys,2boys,virtual_youtuber
humanization	mecha_musume,personification,decepticon,male_focus,animification,science_fiction,1other,1boy,dual_persona,multiple_boys,bara,1girl,multiple_girls,2boys,2girls,solo,yuri,3girls
karakasa_obake	multiple_girls,6+girls,everyone,jiangshi,2girls,3girls,solo,4girls,1girl
2others	multiple_others,solo_focus,dual_persona,multiple_boys,science_fiction,no_humans,6+girls,3boys,2boys,multiple_girls,1boy,siblings,military,3girls,male_focus,virtual_youtuber,2girls
father_and_daughter	mother_and_daughter,family,husband_and_wife,1boy,father_and_son,multiple_boys,multiple_girls,mother_and_son,incest,siblings,2girls,2boys,brother_and_sister,sisters,age_difference,6+boys,3boys,hetero,brothers,3girls,6+girls,couple,4girls
horror_(theme)	body_horror,eldritch_abomination,guro,no_humans,1other,surreal,death,multiple_others,yandere,male_focus,1boy,multiple_boys,multiple_girls,2boys,virtual_youtuber,1girl,solo,3girls,2girls
dancer	dancer_(fire_emblem:_three_houses),1girl,solo,multiple_boys,3girls,multiple_girls
kyuubi	kitsune,multiple_girls,1girl,solo,mother_and_daughter,3girls,2girls,6+girls,4girls
family	mother_and_daughter,father_and_daughter,husband_and_wife,multiple_girls,mother_and_son,father_and_son,multiple_boys,siblings,2girls,2boys,brother_and_sister,1boy,sisters,3girls,couple,brothers,3boys,alternate_universe,4girls,6+boys,4boys,twins,age_difference,6+girls,hetero,yuri
clone	multiple_girls,6+girls,multiple_persona,dual_persona,selfcest,3girls,4girls,multiple_boys,2girls,5girls,6+boys,yuri,sisters,siblings,2boys,3boys,yaoi,male_focus,hetero,maid,1boy,virtual_youtuber
furry_with_non-furry	interspecies,hetero,pokephilia,1boy,solo_focus,yaoi,multiple_boys,2boys,bara,size_difference,male_focus,1girl,couple,personification,3boys,1other,yuri,2girls,multiple_girls
serval_print	multiple_girls,2girls,6+girls,4girls,3girls,yuri
jirai_kei	virtual_youtuber,1girl,solo,3girls,2girls,multiple_girls
ancient_egyptian	1girl,solo,1boy,male_focus,multiple_boys,hetero,solo_focus,2boys,multiple_girls
goth_fashion	gothic_lolita,lolita_fashion,1girl,solo,virtual_youtuber,multiple_girls,2girls,male_focus,3girls,yuri,multiple_boys
mother_and_son	father_and_son,family,mother_and_daughter,1boy,multiple_boys,brother_and_sister,incest,siblings,husband_and_wife,2boys,father_and_daughter,onee-shota,age_difference,multiple_girls,brothers,hetero,2girls,twins,alternate_universe,3boys,motherly,6+boys,couple,3girls,sisters,6+girls,1girl
shiny_pokemon	mega_pokemon,no_humans,animal_focus,clothed_pokemon,personification,pokephilia,evolutionary_line,interspecies,1other,male_focus,multiple_boys,1boy,2girls,multiple_girls
instant_loss	hetero,1boy,solo_focus,1girl,interracial,multiple_boys,interspecies,futa_with_female,2boys,virtual_youtuber,2girls,multiple_girls,3girls,yuri
teacher	teacher_and_student,office_lady,1girl,age_difference,hetero,multiple_boys,multiple_girls,1boy,6+girls,solo_focus,solo,2boys,3girls,2girls,yuri
yukkuri_shiteitte_ne	multiple_girls,2girls,6+girls,no_humans,3girls,4girls,maid
brothers	siblings,multiple_boys,2boys,male_focus,brother_and_sister,twins,3boys,6+boys,father_and_son,mother_and_son,4boys,family,incest,yaoi,5boys,father_and_daughter,everyone,sisters,6+girls,crossdressing,multiple_girls,3girls,2girls
nontraditional_playboy_bunny	1girl,solo,virtual_youtuber,3girls,multiple_girls,2girls
pokephilia	interspecies,hetero,furry_with_non-furry,1boy,solo_focus,1girl,shiny_pokemon,multiple_boys,size_difference,2boys,yaoi,age_difference,male_focus,2girls,yuri
tsundere	valentine,multiple_girls,yuri,2girls,1boy,military,couple,3girls,6+girls,4girls,1girl,hetero,multiple_boys,solo_focus
alternate_universe	multiple_boys,2boys,1boy,male_focus,multiple_girls,mother_and_son,role_reversal,family,siblings,father_and_son,3boys,couple,mother_and_daughter,brother_and_sister,dark_persona,2girls,science_fiction,3girls,4girls,yuri,hetero
transformation	alternate_form,henshin,1boy,corruption,male_focus,magical_girl,multiple_girls,dual_persona,science_fiction,multiple_boys,2girls,2boys,no_humans,3girls,yuri
fusion	no_humans,science_fiction,solo,male_focus,multiple_boys,virtual_youtuber,1boy
time_paradox	dual_persona,multiple_girls,2girls,multiple_boys,multiple_persona,2boys,age_difference,3girls,mother_and_daughter,siblings,male_focus,6+boys,6+girls,3boys,brother_and_sister,4girls,magical_girl,sisters,yuri,1boy
wa_maid	maid,mixed_maids,virtual_youtuber,enmaided,waitress,1girl,solo,multiple_girls,sisters,siblings,3girls,2girls
kodomo_doushi	yuri,hetero,multiple_girls,2girls,incest,1boy,multiple_boys,siblings,yaoi,2boys,twincest,lolidom,brother_and_sister,femdom,twins,sisters,male_focus,3girls
death	guro,murder,multiple_boys,suicide,multiple_girls,1boy,horror_(theme),2boys,male_focus,2girls,multiple_others,1other,6+boys,3boys,solo_focus,6+girls,military,3girls,4girls
slave	hetero,femdom,humiliation,multiple_boys,solo_focus,multiple_girls,1boy,1girl,yuri,2boys,2girls,3boys,3girls
corruption	dark_persona,possessed,transformation,magical_girl,1girl,dual_persona,1boy,multiple_girls,solo,hetero,2girls,male_focus,3girls,multiple_boys,solo_focus
onee-loli	age_difference,yuri,multiple_girls,2girls,futa_with_female,incest,size_difference,mother_and_daughter,femdom,fff_threesome,3girls,sisters,siblings,couple,4girls
slime_girl	1girl,interspecies,hetero,personification,multiple_girls,1boy,6+girls,yuri,solo_focus,2girls,solo,3girls
wife_and_wife	yuri,multiple_girls,2girls,wedding,bride,couple,groom,mother_and_daughter,3girls,sisters,siblings,virtual_youtuber
people	solo_focus,multiple_boys,multiple_others,multiple_girls,6+boys,2boys,3girls,6+girls,1boy,3boys,2girls,4girls,male_focus
soldier	military,war,multiple_boys,science_fiction,6+boys,multiple_others,3boys,multiple_girls,2boys,male_focus,6+girls,3girls,1boy,solo_focus,2girls
in-franchise_crossover	multiple_girls,2girls,magical_girl,6+girls,multiple_boys,3girls,everyone,6+boys,4girls,2boys,5girls,yuri,male_focus
super_saiyan	super_saiyan_1,super_saiyan_4,male_focus,super_saiyan_blue,saiyan,multiple_boys,1boy,legendary_super_saiyan,2boys,father_and_son,3boys,6+boys,dual_persona,solo
bangboo_(zenless_zone_zero)	maid,police,brother_and_sister,policewoman,1boy,1other,multiple_girls,siblings,3girls,1girl,multiple_boys,2boys,2girls,male_focus,solo_focus
surreal	horror_(theme),no_humans,1other,male_focus,solo,multiple_boys,multiple_girls,1girl,1boy,2girls
alternate_form	transformation,male_focus,1boy,multiple_boys,no_humans,2boys,dual_persona,couple,multiple_girls,2girls
sailor	multiple_girls,6+girls,military,2girls,3girls,multiple_boys,yuri,male_focus,1girl,solo
father_and_son	multiple_boys,mother_and_son,2boys,family,father_and_daughter,husband_and_wife,male_focus,mother_and_daughter,siblings,brother_and_sister,3boys,brothers,6+boys,incest,super_saiyan,4boys,yaoi,alternate_universe,multiple_girls,bara,couple,age_difference,2girls,6+girls,3girls,hetero
e.g.o_(project_moon)	male_focus,1boy,1other,multiple_boys,2boys,solo,1girl,multiple_girls,2girls
clothed_pokemon	no_humans,shiny_pokemon,animal_focus,maid,multiple_boys,male_focus,1boy,solo_focus
harem	multiple_girls,hetero,1boy,3girls,6+girls,4girls,5girls,yuri,age_difference,multiple_persona,siblings,sisters,multiple_boys
wedding	bride,wife_and_wife,groom,couple,husband_and_wife,yuri,1boy,hetero,multiple_girls,2girls,multiple_boys,2boys,1girl,solo_focus
humiliation	hetero,multiple_boys,solo_focus,bullying,femdom,slave,public_use,penis_size_difference,netorare,1boy,2boys,multiple_girls,interracial,3boys,1girl,3girls,2girls,yuri
guro	ero_guro,death,horror_(theme),cannibalism,male_focus,1boy,multiple_boys,1other,multiple_girls,solo_focus,2boys,2girls,1girl,hetero
cheating_(relationship)	netorare,hetero,1boy,multiple_boys,interracial,solo_focus,2boys,1girl,age_difference,3boys,multiple_girls,yuri,2girls,3girls
bisexual_female	multiple_girls,2girls,1boy,hetero,multiple_boys,incest,2boys,interracial,sexual_coaching,siblings,sisters,3girls,virtual_youtuber
year_of_the_rabbit	chinese_zodiac,new_year,solo,1girl,multiple_girls,2girls,virtual_youtuber
look-alike	multiple_girls,2girls,3girls,magical_girl,2boys,multiple_boys,male_focus
prostitution	hetero,1boy,solo_focus,1girl,multiple_boys,interracial,age_difference,2boys,3boys,multiple_girls,2girls
sangvis_ferri	multiple_girls,6+girls,maid,1girl,solo_focus,3girls,2girls,hetero,solo,1boy
evolutionary_line	no_humans,animal_focus,shiny_pokemon,male_focus
year_of_the_tiger	chinese_zodiac,new_year,tiger_costume,solo,1girl,male_focus,2girls,multiple_girls,virtual_youtuber
furry_with_furry	hetero,yaoi,1boy,interspecies,multiple_boys,2boys,couple,yuri,bara,male_focus,2girls,solo_focus,age_difference,multiple_girls
mega_pokemon	shiny_pokemon,no_humans,personification,1other,multiple_boys,male_focus,1boy
pirate	virtual_youtuber,multiple_boys,male_focus,1girl,solo,multiple_girls,2boys,1boy,2girls,solo_focus
princess	1girl,multiple_girls,multiple_boys,virtual_youtuber,2girls,1boy,yuri,hetero,solo,solo_focus
creature_and_personification	personification,1girl,male_focus
hyur	multiple_boys,male_focus,bara,2boys,multiple_girls,yaoi,2girls,1boy,yuri
fff_threesome	3girls,multiple_girls,yuri,futa_with_female,incest,futa_with_futa,sisters,onee-loli,siblings,femdom,age_difference
cousins	inkling,incest,multiple_girls,2girls,1boy,multiple_boys,yuri,siblings,hetero,2boys,6+girls,3girls
oversized_animal	animal_focus,no_humans,1other,male_focus,1boy,multiple_boys,1girl,multiple_girls
selfcest	dual_persona,yuri,multiple_girls,2girls,clone,yaoi,futa_with_female,2boys,multiple_boys,male_focus,hetero,3girls,virtual_youtuber,1boy
twincest	incest,twins,siblings,sisters,yuri,brother_and_sister,2girls,multiple_girls,hetero,kodomo_doushi,1boy,couple
samurai	male_focus,1boy,multiple_boys,solo,2boys,1girl,virtual_youtuber,multiple_girls
year_of_the_ox	chinese_zodiac,new_year,solo,1girl,male_focus,multiple_girls,2girls
futa_with_futa	multiple_girls,2girls,futa_without_pussy,penis_size_difference,futasub,fff_threesome,incest,3girls,siblings
dominatrix	femdom,yuri,multiple_girls,hetero,2girls,1girl,1boy,solo_focus,solo
penis_size_difference	yaoi,multiple_boys,futa_on_male,2boys,male_focus,futa_with_futa,age_difference,onii-shota,size_difference,interracial,humiliation,onee-shota,solo_focus,1boy,bara,crossdressing,multiple_girls,2girls,hetero
clothed_animal	no_humans,animal_focus,multiple_boys,virtual_youtuber,multiple_girls
festival	summer_festival,multiple_girls,6+girls,multiple_boys,4girls,3girls,2girls,solo_focus,1boy
setsubun	mamemaki,multiple_girls,3girls,2girls,1girl,solo,1boy
ballerina	ballet,1girl,solo,multiple_girls,2girls
male_playboy_bunny	crossdressing,male_focus,1boy,multiple_boys,2boys,yaoi,bara,solo_focus,solo
implied_yuri	multiple_girls,female_pervert,pervert,2girls,3girls,1girl,solo
6+others	multiple_others,solo_focus,multiple_boys,multiple_girls,1boy,male_focus,virtual_youtuber,2girls
cat_day	solo,1girl,multiple_girls,2girls,virtual_youtuber
butler	female_butler,maid,crossdressing,enmaided,multiple_boys,multiple_girls,1boy,2boys,male_focus,2girls,3girls
team_rocket	1boy,multiple_boys,2boys,1girl,male_focus,multiple_girls,hetero,2girls
role_reversal	multiple_girls,2girls,alternate_universe,1boy,yuri,hetero,multiple_boys,3girls
tanuki	multiple_girls,virtual_youtuber,2girls,1girl,1boy
cowboy_western	cowboy,cowgirl_(western),multiple_boys,1girl,male_focus,solo,multiple_girls,1boy,virtual_youtuber,2girls
delinquent	sukeban,banchou,bousouzoku,multiple_girls,3girls,multiple_boys,2girls,virtual_youtuber,1boy,1girl
weight_conscious	weight_gain,1girl,multiple_girls,2girls,solo
glutton	multiple_girls,6+girls,2girls,3girls,4girls
ryona	abuse,hetero,2girls,1boy,solo_focus,multiple_girls,multiple_boys,2boys,yuri,1girl
futa_without_pussy	newhalf_with_female,newhalf_with_male,futa_with_female,futa_with_futa,male_on_futa,2girls,multiple_girls,1boy,solo_focus,1girl
year_of_the_dragon	chinese_zodiac,new_year,solo,1girl,male_focus,1boy,multiple_girls,2girls
ballet	ballerina,1girl,solo,multiple_girls,2girls
dark_aura	dark_persona,multiple_girls,1boy,male_focus,3girls,2girls
exhausted	multiple_girls,1boy,3girls,2girls,multiple_boys,hetero,1girl
mascot	virtual_youtuber,1girl,multiple_girls,solo,2girls
ho-kago_tea_time	5girls,multiple_girls,4girls,6+girls
bunny_day	solo,1girl,virtual_youtuber,2girls,multiple_girls
confession	yuri,multiple_girls,2girls,1girl,1boy,solo
futa_on_male	1boy,penis_size_difference,femdom,onee-shota,age_difference,incest,1girl,solo_focus,multiple_girls,2girls
friends	multiple_girls,2girls,multiple_boys,2boys,3girls,male_focus,1boy
angel_and_devil	multiple_girls,2girls,yuri,dual_persona,3girls,multiple_boys
bartender	multiple_girls,2girls,multiple_boys,1boy
year_of_the_snake	chinese_zodiac,new_year,1girl,solo
possessed	corruption,dark_persona,1boy,male_focus,multiple_boys,multiple_girls,2girls,1girl
teacher_and_student	teacher,age_difference,multiple_boys,yaoi,yuri,multiple_girls,2boys,1boy,hetero,male_focus,2girls,bara
doctor	nurse,1boy,multiple_boys,male_focus,2boys,multiple_girls,2girls,hetero
native_american	multiple_girls,yuri,1girl,2girls,solo,hetero,1boy
summer_festival	festival,multiple_girls,2girls,virtual_youtuber,1boy,1girl
shinsengumi	solo,male_focus,multiple_boys,1girl,1boy,multiple_girls,2girls
chef	multiple_boys,multiple_girls,2boys,male_focus,1boy,2girls,1girl
sheikah	1girl,1boy,hetero,solo,multiple_girls,2girls
k/da_(league_of_legends)	idol,1girl,solo,hetero,multiple_girls,2girls
evangelion_(mecha)	science_fiction,no_humans,multiple_girls,1boy
male_maid	crossdressing,maid,male_focus,enmaided,1boy,multiple_boys,2boys,yaoi,solo
theft	clothes_theft,multiple_girls,pervert,2girls,3girls,1boy
eldritch_abomination	horror_(theme),no_humans,1other,1boy,2girls,multiple_girls
topless_female	1girl,hetero,1boy,solo_focus,virtual_youtuber,solo,2girls,multiple_girls
priest	nun,1boy,male_focus,multiple_boys,2boys,multiple_girls,hetero,2girls
detective	virtual_youtuber,multiple_girls,multiple_boys,2girls,1boy,1girl
motherly	multiple_girls,mother_and_daughter,2girls,mother_and_son,3girls,1boy
war	soldier,military,science_fiction,6+boys,multiple_boys,no_humans,multiple_girls,2girls,1boy
sweet_lolita	lolita_fashion,solo,1girl,multiple_girls,2girls
abuse	hetero,ryona,solo_focus,1boy,interracial,multiple_boys,1girl,2boys
tengu	multiple_girls,2girls,1girl,solo,1boy
sick	multiple_girls,2girls,1boy
masochism	femdom,multiple_girls,hetero,yuri,2girls,1boy,solo_focus
public_use	humiliation,hetero,multiple_boys,solo_focus,1girl,1boy,multiple_girls,solo
asian	1girl,solo,male_focus,1boy,multiple_girls,2girls
astronaut	science_fiction,1other,virtual_youtuber,multiple_girls,1boy,1girl
drugs	drugged,hetero,multiple_boys,solo_focus,1girl,1boy,multiple_girls,2girls
chimera	no_humans,2girls,yuri,multiple_girls,1boy
stripper	solo,1girl,solo_focus,multiple_girls,2girls
vore	size_difference,multiple_girls,2girls,1boy,1girl
jester	1boy,1girl,multiple_girls,2girls,solo
henshin	transformation,magical_girl,1girl,solo,multiple_girls,1boy,2girls
objectification	no_humans,virtual_youtuber,multiple_girls,2girls
holomyth	virtual_youtuber,5girls,multiple_girls,holocouncil,6+girls
self-harm	solo,1girl,male_focus,1boy
super_saiyan_1	super_saiyan,male_focus,multiple_boys,saiyan,1boy,2boys
otaku	multiple_boys,1boy,male_focus,multiple_girls,1girl,2girls
salaryman	office_lady,bara,1boy,male_focus,multiple_boys,2boys,yaoi,2girls,multiple_girls
soccer	multiple_girls,solo,1girl,2girls
decepticon	science_fiction,no_humans,humanization,multiple_boys,1boy
playing	multiple_girls,2girls,multiple_boys,1boy
futasub	futa_with_female,multiple_girls,2girls,femdom,futa_with_futa,solo_focus
after_bathing	1girl,solo,1boy,multiple_girls
kono_lolicon_domome	solo,1girl
misunderstanding	multiple_girls,3girls,2girls,1boy,yuri
nudist	solo,1girl,multiple_girls,2girls
triplets	3girls,multiple_girls,siblings,sisters,4girls,1boy,hetero
gymnastics	rhythmic_gymnastics,1girl,solo,multiple_girls
gathers	solo,1girl,multiple_girls,2girls
lolidom	femdom,hetero,1boy,age_difference,kodomo_doushi,solo_focus,multiple_girls,2girls,yuri,1girl
personality_switch	body_switch,multiple_girls,2girls,1boy
implied_yaoi	male_focus,multiple_boys,2boys,bara,1boy,yaoi
united_states	military,multiple_girls,2girls,solo,1girl
sadism	femdom,hetero,1boy,solo_focus,multiple_girls,2girls,1girl
onmyouji	male_focus,solo,1boy,multiple_girls,1girl
super_saiyan_4	super_saiyan,male_focus,saiyan,multiple_boys,1boy,2boys,solo
medieval	knight,multiple_girls,1boy,2girls
team_9_(touhou)	multiple_girls,4girls,6+girls,5girls
clown	male_focus,multiple_boys,1boy,multiple_girls,1girl
chikan	hetero,solo_focus,multiple_boys,1boy,2boys,1girl
luna_nova_school_uniform	witch,multiple_girls,yuri,2girls
sailor_senshi	magical_girl,inner_senshi,multiple_girls,5girls,6+girls,2girls
mmm_threesome	yaoi,3boys,multiple_boys,male_focus,bara,solo_focus
knight_(chess)	solo,1girl,multiple_girls
mummy	halloween,multiple_boys,multiple_girls,1girl
standard_bearer	1girl,solo,multiple_girls
star_guardian_(league_of_legends)	magical_girl,1girl,solo,multiple_girls,1boy
bullying	humiliation,multiple_girls,3girls,2girls,1boy
mtu_virus	1girl
prank	multiple_girls,2girls,3girls,1boy
groom	bride,wedding,husband_and_wife,wife_and_wife,couple,1boy,hetero,yuri,multiple_girls,2girls,multiple_boys,1girl
implied_pregnancy	1girl,hetero,1boy,solo,multiple_girls
anal_only	hetero,solo_focus,1girl,1boy
reverse_fellatio	hetero,solo_focus,multiple_boys,2boys,1boy,1girl,multiple_girls
drugged	drugs,hetero,1boy,multiple_boys,solo_focus,1girl,multiple_girls
paizuri_invitation	1girl,solo
accident	multiple_girls,2girls,1girl,1boy,solo
aunt_and_niece	multiple_girls,siblings,sisters,incest,3girls,kitsune,mother_and_daughter,2girls,yuri
sexual_coaching	multiple_girls,hetero,2girls,1boy,bisexual_female,3girls
captured	interspecies,hetero,multiple_boys,solo_focus,1boy,1girl,multiple_girls
pet	multiple_girls,1girl,1boy
implied_after_sex	1boy,hetero,multiple_girls,2girls,1girl
chuunibyou	multiple_girls,1girl,2girls,solo
warrior_(dq3)	multiple_girls,1girl,hetero,1boy,solo
josou_seme	yaoi,multiple_boys,2boys,crossdressing,male_focus,hetero,1boy
clothes_theft	theft,multiple_girls,pervert,2girls,1boy
pilot	military,science_fiction,1boy,multiple_girls
onii-shota	age_difference,yaoi,multiple_boys,male_focus,2boys,penis_size_difference,size_difference,bara
absolutely_everyone	everyone,6+girls,6+boys,multiple_girls,multiple_boys,siblings
game_development_department_(blue_archive)	twins,sisters,siblings,4girls,multiple_girls,5girls,maid
tentacles_on_male	male_focus,1boy,bara,yaoi,multiple_boys,2boys,solo
torture	solo_focus,hetero,1boy,multiple_girls,1girl,2girls
suicide	death,male_focus,1boy,multiple_girls,solo,1girl
valkyrie	1girl,solo,multiple_girls
heart-shaped_boob_challenge	solo,1girl
crisis_management_form_(machimazo)	yuri,multiple_girls,2girls,solo,1girl
pegasus	multiple_girls,1girl
themed_object	1girl,multiple_girls
alternate_species	inkling,male_focus,1boy,multiple_girls,1girl,solo
toddlercon	hetero,age_difference,1boy,solo_focus,1girl,multiple_girls
self_cosplay	magical_girl,1girl,solo,multiple_girls
easter	1girl,solo,multiple_girls,2girls
sheet_ghost	halloween,multiple_girls,2girls,1boy,1girl
y2k_fashion	multiple_girls,1girl,2girls,solo
wizard	male_focus,multiple_boys,1boy,multiple_girls
boy_sandwich	multiple_boys,3boys,2boys,yaoi,male_focus,bara,hetero
female_butler	butler,crossdressing,maid,multiple_girls,2girls
step-siblings	siblings,step-sisters,step-brother_and_step-sister,brother_and_sister,sisters,yuri,multiple_girls,2girls,1boy,multiple_boys
body_horror	horror_(theme),1boy,solo,1girl
male_on_futa	1boy,newhalf_with_male,futa_without_pussy,solo_focus,1girl,multiple_boys
military_operator	military,1girl,solo,multiple_girls
saiyan	super_saiyan,super_saiyan_4,male_focus,super_saiyan_1,multiple_boys,1boy
rabbit_costume	multiple_girls,2girls
zenra	multiple_girls,multiple_boys,2girls
masked	male_focus,multiple_boys,1boy,multiple_girls
warrior	1girl,solo
travel_attendant	1girl,multiple_girls,solo
nazi	military,solo,1girl,multiple_girls
magician	1girl,solo,multiple_girls
strong	multiple_girls,1boy,2girls,1girl
siren_(azur_lane)	multiple_girls,1girl,solo
martial_arts	kung_fu,1girl,1boy,multiple_girls,solo
policeman	police,policewoman,multiple_boys,male_focus,1boy,bara,2boys,multiple_girls
body_switch	personality_switch,multiple_girls,1boy,2girls
beach_volleyball	multiple_girls,2girls
sukeban	delinquent,multiple_girls,2girls,1girl
waiter	waitress,multiple_boys,male_focus,1boy,2boys,multiple_girls
housewife	1girl,1boy,solo
murder	death,multiple_boys,1boy,multiple_girls,2girls
holocouncil	virtual_youtuber,multiple_girls,5girls,6+girls,holomyth
mechanic	solo,1girl,multiple_girls
victorian_maid	maid,enmaided,multiple_girls,1girl,solo
disguise	multiple_girls,2girls,1boy
party	multiple_girls,6+girls,multiple_boys
team_magma	team_magma_uniform,multiple_boys,multiple_girls,1girl
train_conductor	twins,sisters,siblings,2girls,multiple_girls,1girl
japan_self-defense_force	military,japan_ground_self-defense_force,multiple_girls
kyuudou	multiple_girls,solo,1girl
graduation	multiple_girls,1girl
himejoshi	yuri,multiple_girls,3girls
yandere_trance	yandere,1girl,solo
teamwork	multiple_girls,military,multiple_boys,2girls
witch_(madoka_magica)	magical_girl,multiple_girls
year_of_the_rooster	chinese_zodiac,new_year,1girl,solo
accidental_pervert	1boy,hetero,multiple_girls,2girls,1girl
cowboy	cowboy_western,male_focus,1boy,solo
fighting_game	multiple_girls,2girls
tea_party_(blue_archive)	3girls,multiple_girls
tour_guide	1girl,solo
tennis	1girl,solo,multiple_girls
time_stop	multiple_girls,hetero,1boy,2girls
yuki_onna	1girl,solo
priestess	1girl,multiple_girls,solo
rhythmic_gymnastics	gymnastics,1girl,solo
paradeus	multiple_girls,1girl,solo
lifeguard	bara,male_focus,1boy,solo,1girl
inner_senshi	sailor_senshi,magical_girl,multiple_girls,5girls,2girls
kappa	multiple_girls
magical_boy	magical_girl,1boy,male_focus,multiple_girls
slice_of_life	multiple_girls,2girls
too_many_cats	1girl,solo
funeral_dress	multiple_girls,2girls,1girl,solo
seraph	male_focus,1boy,solo,1girl
ainu	1girl,1boy,solo
familiar	1girl,solo
grass_root_youkai_network	3girls,multiple_girls
monk	multiple_boys,male_focus,1boy
mamemaki	setsubun,multiple_girls,2girls
ero_guro	guro,hetero,1boy,1girl,multiple_girls
super_saiyan_blue	super_saiyan,male_focus,multiple_boys,2boys,1boy
implied_incest	brother_and_sister,siblings,1boy,hetero,multiple_girls,1girl
primarch	male_focus,multiple_boys,1boy
quintuplets	sisters,5girls,siblings,multiple_girls
tiger_i	military,multiple_girls
virgin	hetero,1boy,1girl,multiple_girls
dinosaur_costume	virtual_youtuber,multiple_girls,1girl
u.n._spacy	science_fiction,military,no_humans,1boy
uncle_and_niece	1boy,siblings,multiple_boys,multiple_girls,1girl
for_adoption	multiple_girls,solo,1girl
5others	multiple_others
tiger_costume	year_of_the_tiger,chinese_zodiac,new_year,multiple_girls,solo,1girl
firefighter	firefighter_jacket,solo,1girl
queen	1girl,solo
mascot_costume	multiple_girls,1girl
hololive_fantasy	virtual_youtuber,5girls,multiple_girls
italy	multiple_girls,solo,1girl
cowgirl_(western)	cowboy_western,1girl,solo
dj	multiple_girls,1girl,solo
hannya	solo,1girl
weight_gain	weight_conscious,1girl
aunt_and_nephew	1boy,age_difference,onee-shota,hetero,multiple_girls,1girl
banchou	delinquent,multiple_girls,1girl,solo
kidnapping	multiple_girls,1boy
bakeneko	1girl,solo
fujoshi	multiple_boys,multiple_girls,1girl
kung_fu	martial_arts,1girl,solo
team_magma_uniform	team_magma,1girl,solo
prisoner	1girl
cashier	multiple_girls
rivalry	multiple_girls,2girls
will-o'-the-wisp_(mythology)	1girl,solo
amazon_warrior	1girl
imperial_japanese_navy	military,no_humans
buddhist_nun	nun,multiple_girls,1girl
oiran	solo,1girl
genie	1girl,solo
phantom_thief	1girl,solo
mother_and_child	1other,multiple_girls,1girl
half-siblings	siblings,sisters,multiple_boys,multiple_girls,2girls
russian_clothes	1girl,solo
spartan_(halo)	science_fiction,male_focus,1boy,solo
n_corp._fanatic_(identity)_(project_moon)	1boy
muscular_uke	yaoi,bara,2boys,multiple_boys,male_focus,couple
other_with_female	1other,1girl
dancer_(fire_emblem:_three_houses)	dancer,solo,1girl
indian	solo,1girl
firefighter_jacket	firefighter,solo,1girl
implied_prostitution	1girl
kidnapped	multiple_girls,1girl
neet	1girl,solo
moth_antennae	1girl,solo
cannibalism	guro
grandmother_and_granddaughter	multiple_girls,2girls
newhalf_with_female	futa_without_pussy,futa_with_female,multiple_girls,2girls
forced	multiple_girls
tea_party	multiple_girls
mixed-sex_combat	femdom,1boy,hetero,1girl
alter_servant	dark_persona,solo,1girl
holox	5girls,virtual_youtuber,multiple_girls
carhop	waitress,multiple_girls,solo,1girl
maid_cafe	maid,multiple_girls
scientist	science_fiction,1girl
destroyer	military,personification
conductor	solo
lion_dance	solo
marching_band	1girl,solo
jedi	1girl
panda_costume	multiple_girls
soapland	hetero,1boy,1girl
grandmother_and_grandson	1boy,1girl
newhalf_with_male	futa_without_pussy,male_on_futa,1boy,1girl
yakuza	1boy
magic_trick	1girl
husky	1girl
shadow_(shadows_house)	2girls,multiple_girls
punishment	multiple_girls
sleepover	multiple_girls
straw_hat_pirates	multiple_boys,6+boys,multiple_girls,2girls
school_nurse	1girl,solo
griffin	
transgender_flag	solo
human_dog	1girl
titan_(titanfall)	science_fiction
demon_costume	multiple_girls
japan_ground_self-defense_force	japan_self-defense_force,military
sith	solo
imperium_of_man	
master_and_servant	maid,multiple_girls,2girls,yuri
ethereal_(zenless_zone_zero)	1girl
prince	
necromancer	1girl
undersized_animal	no_humans
bee_costume	1girl
mixed_maids	wa_maid,maid,multiple_girls,2girls
barmaid	1girl,solo
coach	
cub	1girl
blacksmith	solo,1girl
togruta	1girl,solo
science	
argentina	
king	
yuujo	solo,1girl
nakai_(waitress)	1girl,solo
husband_and_husband	yaoi,multiple_boys,2boys,male_focus,couple
legendary_super_saiyan	super_saiyan,male_focus
step-sisters	step-siblings,sisters,siblings,yuri,multiple_girls,2girls
shotadom	age_difference,onee-shota,multiple_boys,1girl
sumo	
netorase	hetero,1girl
male_harem	multiple_boys,1girl
reverse_ryona	femdom,1boy,hetero,1girl
shadaloo_dolls	1girl,solo
bimbofication	1girl
pink_cat	1girl
toucan	1girl
year_of_the_goat	chinese_zodiac,new_year,solo,1girl
grandfather_and_grandson	multiple_boys
gladiator	1girl
ravenclaw	
aquarius_(constellation)	solo,1girl
barbarian	1girl
food_costume	1girl
stormtrooper	
qi_maid	maid,1girl
dinosaur_hood	1girl
farmer	
fox_costume	multiple_girls
shinto	
mailman	1girl
croupier	1girl,solo
step-brother_and_step-sister	step-siblings,brother_and_sister,siblings,1boy,1girl
forced_partners	multiple_girls,2girls
german_army	military
quincy_(bleach)	
gangster	
mexican_clothes	
anglerfish_costume	
united_states_marine_corps	
antelope_horns	
armored_trooper	
organization_xiii	
bousouzoku	delinquent
paladin	
cupid	
caveman	
politician	
security_guard	
heian	
geisha	
gold_saint	
ninjutsu_research_club_(blue_archive)	multiple_girls
thief	
guide	
harlequin	
photographer	
zookeeper	
british_army	
cavalry	
mandalorian	
uncle_and_nephew	multiple_boys
dragoon	
plague_doctor	
combat_medic	
jockey	
