1girl	solo,1boy,hetero,virtual_youtuber,solo_focus,maid,multiple_boys,military,2boys,magical_girl,1other,christmas,couple,personification,3boys,age_difference,halloween,lolita_fashion,enmaided,borrowed_character,interracial,siblings,nun,brother_and_sister,valentine,cheerleader,science_fiction,nontraditional_miko,new_year,office_lady,miko,gothic_lolita,witch,nurse,chinese_zodiac,ninja,onee-shota,size_difference,mecha_musume,interspecies,inkling,waitress,kitsune,race_queen,idol,femdom,4boys,summer,winter,police,animification,unconventional_maid,nekomata,bride,incest,dark_persona,oppai_loli,dual_persona,netorare,anniversary,crossdressing,multiple_others,dancer,yandere,policewoman,husband_and_wife,jiangshi,6+boys,jirai_kei,octoling,ancient_egyptian,goth_fashion,humanization,kyuubi,instant_loss,nontraditional_playboy_bunny,furry_with_non-furry,twins,pokephilia,karakasa_obake,male_focus,knight,teacher,5boys,horror_(theme),wa_maid,slime_girl,mother_and_son,corruption,tsundere,slave,father_and_daughter,transformation,bangboo_(zenless_zone_zero),prostitution,cheating_(relationship),fusion,pervert,serval_print,year_of_the_tiger
solo	1girl,virtual_youtuber,male_focus,1boy,maid,military,magical_girl,christmas,no_humans,bara,enmaided,lolita_fashion,halloween,science_fiction,personification,borrowed_character,valentine,nun,new_year,nontraditional_miko,cheerleader,crossdressing,gothic_lolita,miko,1other,chinese_zodiac,office_lady,witch,nurse,ninja,mecha_musume,waitress,race_queen,idol,kitsune,inkling,summer,winter,nekomata,unconventional_maid,animification,police,dark_persona,bride,dancer,animal_focus,anniversary,jiangshi,jirai_kei,policewoman,oppai_loli,goth_fashion,nontraditional_playboy_bunny,ancient_egyptian,yandere,karakasa_obake,humanization,kyuubi,octoling,knight,wa_maid,horror_(theme),fusion,teacher,corruption,slime_girl,year_of_the_tiger,year_of_the_rabbit,super_saiyan,surreal,serval_print,e.g.o_(project_moon),year_of_the_ox,pirate,tsundere,transformation,sailor,slave,sangvis_ferri,bangboo_(zenless_zone_zero),shiny_pokemon,princess,ballerina,samurai,guro,clothed_pokemon,soldier,alternate_form,cat_day,bunny_day,hyur,year_of_the_dragon,ballet,cowboy_western,dominatrix,setsubun,weight_conscious,kono_lolicon_domome,year_of_the_snake,shinsengumi
multiple_girls	2girls,yuri,3girls,4girls,siblings,6+girls,1boy,multiple_boys,sisters,5girls,virtual_youtuber,maid,hetero,solo_focus,2boys,military,dual_persona,twins,couple,magical_girl,futa_with_female,3boys,mother_and_daughter,6+boys,age_difference,everyone,christmas,nontraditional_miko,incest,1other,4boys,femdom,halloween,multiple_persona,nun,size_difference,brother_and_sister,enmaided,inkling,lolita_fashion,new_year,personification,pervert,female_pervert,miko,family,clone,valentine,5boys,anniversary,onee-loli,wife_and_wife,interracial,witch,borrowed_character,science_fiction,time_paradox,harem,father_and_daughter,gothic_lolita,waitress,in-franchise_crossover,bisexual_female,cheerleader,serval_print,idol,nurse,kitsune,fff_threesome,octoling,jiangshi,police,crossdressing,nekomata,interspecies,multiple_others,chinese_zodiac,yukkuri_shiteitte_ne,karakasa_obake,office_lady,kodomo_doushi,summer,ninja,winter,futa_with_futa,dark_persona,mother_and_son,husband_and_wife,selfcest,animification,onee-shota,cousins,twincest,policewoman,ho-kago_tea_time,yandere,look-alike,tsundere,bride,alternate_universe
1boy	hetero,male_focus,solo_focus,1girl,multiple_girls,2girls,solo,couple,virtual_youtuber,bara,siblings,age_difference,crossdressing,3girls,brother_and_sister,interracial,military,maid,onee-shota,size_difference,femdom,4girls,1other,interspecies,incest,6+girls,twins,husband_and_wife,sisters,science_fiction,netorare,5girls,father_and_daughter,nun,christmas,dual_persona,borrowed_character,personification,mother_and_daughter,furry_with_non-furry,instant_loss,mother_and_son,enmaided,halloween,pokephilia,family,bisexual_female,harem,office_lady,ninja,nurse,magical_girl,nontraditional_miko,animification,super_saiyan,cheating_(relationship),inkling,lolita_fashion,cheerleader,multiple_others,knight,oppai_loli,police,valentine,kodomo_doushi,alternate_universe,futa_on_male,miko,yuri,pervert,furry_with_furry,male_playboy_bunny,yandere,prostitution,transformation,bride,new_year,anniversary,gothic_lolita,alternate_form,dark_persona,octoling,humanization,death,wedding,waitress,witch,kitsune,winter,chinese_zodiac,tsundere,e.g.o_(project_moon),male_maid,female_pervert,horror_(theme),slave,bangboo_(zenless_zone_zero),policewoman,multiple_persona,2others
2girls	multiple_girls,yuri,siblings,sisters,1boy,virtual_youtuber,multiple_boys,hetero,solo_focus,maid,dual_persona,2boys,twins,couple,futa_with_female,military,mother_and_daughter,magical_girl,age_difference,incest,femdom,christmas,3boys,nontraditional_miko,halloween,inkling,size_difference,1other,enmaided,wife_and_wife,onee-loli,brother_and_sister,lolita_fashion,interracial,pervert,new_year,female_pervert,personification,valentine,4boys,miko,borrowed_character,family,bisexual_female,nun,time_paradox,father_and_daughter,science_fiction,6+boys,octoling,kodomo_doushi,interspecies,witch,serval_print,futa_with_futa,gothic_lolita,nurse,selfcest,waitress,cheerleader,kitsune,twincest,office_lady,chinese_zodiac,police,in-franchise_crossover,winter,dark_persona,jiangshi,anniversary,husband_and_wife,mother_and_son,cousins,summer,clone,animification,crossdressing,nekomata,idol,yukkuri_shiteitte_ne,5boys,onee-shota,ninja,multiple_others,karakasa_obake,look-alike,angel_and_devil,policewoman,bride,yandere,tsundere,unconventional_maid,netorare,alternate_universe,humanization,race_queen,death,kyuubi,wedding,friends
hetero	1boy,solo_focus,1girl,multiple_boys,couple,2boys,age_difference,interracial,3boys,virtual_youtuber,multiple_girls,2girls,onee-shota,interspecies,femdom,siblings,incest,size_difference,4boys,netorare,maid,3girls,brother_and_sister,furry_with_non-furry,military,instant_loss,husband_and_wife,pokephilia,borrowed_character,6+boys,sisters,5boys,cheating_(relationship),nun,harem,twins,4girls,kodomo_doushi,oppai_loli,bisexual_female,prostitution,nurse,christmas,furry_with_furry,cheerleader,6+girls,magical_girl,crossdressing,mother_and_daughter,mother_and_son,office_lady,slave,humiliation,personification,bride,5girls,father_and_daughter,dual_persona,miko,ninja,wedding,chikan,reverse_fellatio,twincest,abuse,1other,lolidom,pervert,sexual_coaching,teacher,enmaided,lolita_fashion,halloween,police,nontraditional_miko,kitsune,family,sadism,slime_girl,waitress,female_pervert,inkling,jiangshi,ryona,public_use,toddlercon,valentine,gothic_lolita,yandere,drugged,clone,witch,policewoman,tsundere,ancient_egyptian,race_queen,anal_only,groom,dominatrix,cousins
virtual_youtuber	1girl,solo,multiple_girls,2girls,solo_focus,hetero,1boy,yuri,maid,3girls,multiple_boys,male_focus,5girls,4girls,siblings,sisters,twins,6+girls,1other,lolita_fashion,2boys,nun,enmaided,jirai_kei,nurse,christmas,idol,interracial,gothic_lolita,halloween,dual_persona,nontraditional_miko,holomyth,valentine,3boys,couple,office_lady,cheerleader,pirate,wa_maid,new_year,crossdressing,summer,multiple_others,holocouncil,yandere,anniversary,witch,futa_with_female,unconventional_maid,police,age_difference,goth_fashion,mother_and_daughter,4boys,mascot,science_fiction,no_humans,miko,dark_persona,chinese_zodiac,detective,winter,hololive_fantasy,everyone,policewoman,femdom,multiple_persona,size_difference,yaoi,6+boys,military,holox,nontraditional_playboy_bunny,magical_girl,horror_(theme),instant_loss,onee-shota,2others,race_queen,bride,kitsune,pervert,waitress,princess,female_pervert,borrowed_character,5boys,tanuki,clone,bara,fusion,wife_and_wife,personification,netorare,jiangshi,ninja,bunny_day,oppai_loli,dancer
solo_focus	hetero,1boy,multiple_boys,1girl,2boys,1other,virtual_youtuber,3boys,multiple_girls,interracial,2girls,male_focus,yaoi,3girls,4boys,maid,interspecies,age_difference,bara,femdom,size_difference,multiple_others,6+boys,military,yuri,4girls,borrowed_character,5boys,netorare,furry_with_non-furry,people,siblings,nun,crossdressing,pokephilia,christmas,cheerleader,6+girls,magical_girl,office_lady,oppai_loli,nurse,5girls,futa_with_female,instant_loss,onee-shota,incest,2others,humiliation,prostitution,personification,brother_and_sister,sisters,cheating_(relationship),science_fiction,couple,enmaided,slave,miko,police,halloween,lolita_fashion,ninja,waitress,chikan,abuse,nontraditional_miko,valentine,pervert,kitsune,jiangshi,furry_with_furry,idol,6+others,witch,reverse_fellatio,penis_size_difference,female_pervert,no_humans,policewoman,dual_persona,death,bride,gothic_lolita,teacher,yandere,new_year,race_queen,twins,inkling,ryona,male_on_futa,summer,mother_and_daughter,public_use,slime_girl,animification,winter,chinese_zodiac,knight
male_focus	1boy,multiple_boys,2boys,yaoi,bara,crossdressing,solo,3boys,solo_focus,couple,4boys,6+boys,maid,super_saiyan,virtual_youtuber,size_difference,brothers,dual_persona,siblings,military,science_fiction,1other,5boys,interracial,male_playboy_bunny,age_difference,enmaided,interspecies,animification,personification,father_and_son,male_maid,knight,ninja,christmas,penis_size_difference,mmm_threesome,implied_yaoi,alternate_universe,super_saiyan_1,super_saiyan_4,multiple_persona,onii-shota,alternate_form,halloween,nun,furry_with_non-furry,humanization,tentacles_on_male,e.g.o_(project_moon),dark_persona,chinese_zodiac,transformation,multiple_others,police,borrowed_character,josou_seme,twins,furry_with_furry,samurai,hyur,anniversary,death,lolita_fashion,new_year,time_paradox,horror_(theme),winter,salaryman,super_saiyan_blue,incest,valentine,saiyan,summer,guro,clone,muscular_uke,boy_sandwich,kodomo_doushi,fusion,priest,no_humans,selfcest,ancient_egyptian,soldier,inkling,surreal,pirate,teacher_and_student,primarch,cheerleader,2others,magical_boy,butler,multiple_girls,policeman,nurse,shiny_pokemon,in-franchise_crossover,people
multiple_boys	2boys,male_focus,3boys,yaoi,4boys,6+boys,hetero,solo_focus,bara,multiple_girls,5boys,6+girls,3girls,siblings,2girls,crossdressing,4girls,couple,interracial,everyone,brothers,age_difference,dual_persona,1girl,brother_and_sister,5girls,size_difference,father_and_son,interspecies,military,1other,maid,family,virtual_youtuber,science_fiction,netorare,mother_and_son,twins,father_and_daughter,onee-shota,multiple_persona,sisters,anniversary,animification,super_saiyan,husband_and_wife,multiple_others,alternate_universe,ninja,christmas,furry_with_non-furry,mother_and_daughter,penis_size_difference,time_paradox,knight,nun,halloween,mmm_threesome,incest,police,onii-shota,soldier,boy_sandwich,enmaided,furry_with_furry,borrowed_character,personification,kodomo_doushi,in-franchise_crossover,bisexual_female,humiliation,clone,death,inkling,cheating_(relationship),people,male_playboy_bunny,magical_girl,josou_seme,new_year,slave,hyur,yuri,absolutely_everyone,office_lady,2others,super_saiyan_1,lolita_fashion,pokephilia,dark_persona,alternate_form,implied_yaoi,witch,prostitution,instant_loss,male_maid,teacher_and_student,summer,humanization,butler
yuri	2girls,multiple_girls,couple,3girls,incest,sisters,femdom,siblings,age_difference,wife_and_wife,virtual_youtuber,4girls,onee-loli,maid,pervert,female_pervert,6+girls,fff_threesome,twins,kodomo_doushi,magical_girl,military,dual_persona,selfcest,5girls,twincest,interracial,solo_focus,interspecies,mother_and_daughter,valentine,size_difference,christmas,borrowed_character,nontraditional_miko,bride,wedding,harem,furry_with_furry,inkling,halloween,tsundere,miko,multiple_boys,angel_and_devil,himejoshi,nun,clone,nurse,personification,office_lady,yandere,lolita_fashion,serval_print,enmaided,teacher_and_student,confession,dominatrix,cousins,1boy,multiple_persona,animification,witch,slave,2boys,role_reversal,octoling,dark_persona,family,time_paradox,new_year,science_fiction,netorare,furry_with_non-furry,winter,groom,police,gothic_lolita,step-siblings,slime_girl,everyone,in-franchise_crossover,crossdressing,luna_nova_school_uniform,step-sisters,1other,waitress,alternate_universe,nekomata,humanization,cheating_(relationship),humiliation,policewoman,crisis_management_form_(machimazo),masochism,aunt_and_niece,transformation,kitsune,hyur,3boys
3girls	multiple_girls,yuri,multiple_boys,siblings,sisters,3boys,1boy,2boys,military,maid,fff_threesome,virtual_youtuber,solo_focus,mother_and_daughter,multiple_persona,hetero,twins,dual_persona,futa_with_female,1other,4boys,magical_girl,age_difference,6+boys,christmas,halloween,nontraditional_miko,harem,nun,5boys,family,brother_and_sister,enmaided,femdom,new_year,pervert,clone,female_pervert,triplets,personification,idol,miko,anniversary,lolita_fashion,incest,witch,size_difference,nekomata,valentine,waitress,cheerleader,kitsune,everyone,in-franchise_crossover,time_paradox,inkling,couple,science_fiction,multiple_others,father_and_daughter,police,yukkuri_shiteitte_ne,grass_root_youkai_network,tea_party_(blue_archive),karakasa_obake,gothic_lolita,ninja,nurse,summer,onee-loli,borrowed_character,jiangshi,crossdressing,onee-shota,chinese_zodiac,office_lady,serval_print,interracial,netorare,aunt_and_niece,policewoman,yandere,winter,bisexual_female,kyuubi,bangboo_(zenless_zone_zero),mother_and_son,glutton,people,tsundere,octoling,husband_and_wife,futa_with_futa,dark_persona,look-alike,wife_and_wife,interspecies,himejoshi,alternate_universe,motherly
2boys	multiple_boys,yaoi,male_focus,bara,solo_focus,hetero,crossdressing,couple,siblings,multiple_girls,interracial,2girls,3girls,brothers,age_difference,size_difference,dual_persona,brother_and_sister,4girls,interspecies,father_and_son,6+girls,family,1girl,mother_and_son,netorare,1other,military,twins,maid,father_and_daughter,furry_with_non-furry,5girls,science_fiction,penis_size_difference,virtual_youtuber,husband_and_wife,onee-shota,onii-shota,alternate_universe,mother_and_daughter,super_saiyan,animification,incest,christmas,furry_with_furry,time_paradox,multiple_others,halloween,sisters,kodomo_doushi,bisexual_female,josou_seme,ninja,enmaided,nun,male_playboy_bunny,everyone,police,anniversary,knight,implied_yaoi,boy_sandwich,cheating_(relationship),personification,borrowed_character,pokephilia,male_maid,inkling,death,muscular_uke,selfcest,humiliation,hyur,instant_loss,clone,new_year,alternate_form,dark_persona,friends,office_lady,teacher_and_student,in-franchise_crossover,salaryman,humanization,super_saiyan_1,people,slave,lolita_fashion,reverse_fellatio,summer,transformation,winter,multiple_persona,2others,butler,magical_girl,prostitution,yuri,soldier
maid	enmaided,unconventional_maid,wa_maid,multiple_girls,crossdressing,2girls,6+girls,solo,1girl,3girls,siblings,sisters,virtual_youtuber,twins,1boy,4girls,waitress,male_maid,yuri,solo_focus,hetero,5girls,multiple_boys,male_focus,2boys,butler,victorian_maid,valentine,lolita_fashion,everyone,1other,bangboo_(zenless_zone_zero),3boys,dual_persona,borrowed_character,age_difference,yaoi,gothic_lolita,femdom,6+boys,military,maid_cafe,halloween,nurse,multiple_persona,mixed_maids,female_butler,sangvis_ferri,master_and_servant,futa_with_female,4boys,couple,miko,nun,nontraditional_miko,brother_and_sister,qi_maid,size_difference,personification,interracial,witch,pervert,kitsune,christmas,nekomata,onee-shota,female_pervert,incest,clothed_pokemon,multiple_others,anniversary,game_development_department_(blue_archive),yandere,clone,5boys,mother_and_daughter,yukkuri_shiteitte_ne,science_fiction,new_year,magical_girl
siblings	sisters,twins,brother_and_sister,incest,2girls,multiple_girls,brothers,3girls,multiple_boys,twincest,2boys,yuri,6+girls,1boy,4girls,mother_and_daughter,age_difference,5girls,family,maid,mother_and_son,hetero,3boys,6+boys,everyone,father_and_daughter,father_and_son,step-siblings,onee-shota,4boys,game_development_department_(blue_archive),male_focus,crossdressing,virtual_youtuber,quintuplets,couple,lolita_fashion,kodomo_doushi,christmas,husband_and_wife,femdom,futa_with_female,military,dual_persona,halloween,solo_focus,triplets,anniversary,aunt_and_niece,5boys,enmaided,bisexual_female,alternate_universe,1girl,half-siblings,yaoi,1other,time_paradox,new_year,fff_threesome,gothic_lolita,size_difference,clone,implied_incest,multiple_others,step-sisters,nun,onee-loli,bangboo_(zenless_zone_zero),miko,harem,pervert,animification,valentine,train_conductor,personification,winter,female_pervert,idol,kitsune,cousins,ninja,magical_girl,multiple_persona,summer,step-brother_and_step-sister,uncle_and_niece,interracial,absolutely_everyone,witch,cheerleader,nekomata,2others,wa_maid,wife_and_wife,waitress,police,chinese_zodiac,futa_with_futa,nurse
4girls	multiple_girls,multiple_boys,siblings,sisters,yuri,4boys,military,3boys,2boys,maid,6+boys,twins,multiple_persona,nontraditional_miko,harem,1boy,5boys,everyone,magical_girl,mother_and_daughter,nun,virtual_youtuber,game_development_department_(blue_archive),dual_persona,1other,halloween,anniversary,clone,christmas,solo_focus,team_9_(touhou),futa_with_female,ho-kago_tea_time,brother_and_sister,enmaided,new_year,age_difference,pervert,female_pervert,family,hetero,in-franchise_crossover,femdom,personification,miko,size_difference,lolita_fashion,witch,waitress,inkling,valentine,serval_print,idol,nekomata,multiple_others,summer,octoling,ninja,crossdressing,yukkuri_shiteitte_ne,kitsune,cheerleader,jiangshi,time_paradox,gothic_lolita,winter,couple,chinese_zodiac,nurse,police,science_fiction,karakasa_obake,father_and_daughter,yandere,festival,alternate_universe,triplets,tsundere,people,knight,incest,glutton,kyuubi,onee-loli,death,onee-shota,borrowed_character,office_lady
military	soldier,science_fiction,6+girls,multiple_girls,3girls,1boy,4girls,2girls,no_humans,5girls,multiple_boys,nontraditional_miko,mecha_musume,personification,war,1girl,solo,yuri,japan_self-defense_force,6+boys,2boys,pilot,hetero,male_focus,solo_focus,tiger_i,nazi,couple,3boys,siblings,sisters,everyone,imperial_japanese_navy,military_operator,size_difference,multiple_others,destroyer,1other,japan_ground_self-defense_force,dual_persona,valentine,4boys,u.n._spacy,united_states,5boys,age_difference,sailor,winter,maid,pervert,tsundere,yandere,multiple_persona,mother_and_daughter,police,femdom,anniversary,female_pervert,death,german_army,teamwork,christmas,crossdressing,2others,new_year,kitsune,onee-shota,borrowed_character,bara,lolita_fashion,magical_girl,yaoi,virtual_youtuber
no_humans	animal_focus,science_fiction,evolutionary_line,shiny_pokemon,military,fusion,clothed_pokemon,clothed_animal,decepticon,horror_(theme),multiple_others,mega_pokemon,evangelion_(mecha),solo,yukkuri_shiteitte_ne,winter,objectification,surreal,summer,size_difference,alternate_form,eldritch_abomination,2others,u.n._spacy,oversized_animal,war,undersized_animal,imperial_japanese_navy,transformation,everyone,chimera,halloween,christmas,chinese_zodiac,virtual_youtuber,multiple_boys,solo_focus,male_focus,1other,2boys,1boy,multiple_girls,2girls,1girl
6+girls	everyone,6+boys,multiple_girls,multiple_boys,siblings,sisters,multiple_persona,military,maid,nontraditional_miko,clone,anniversary,4boys,nun,dual_persona,twins,3boys,absolutely_everyone,harem,magical_girl,5boys,yuri,2boys,in-franchise_crossover,karakasa_obake,lolita_fashion,1other,mother_and_daughter,miko,personification,christmas,1boy,yukkuri_shiteitte_ne,brother_and_sister,jiangshi,virtual_youtuber,halloween,age_difference,witch,idol,gothic_lolita,sailor,multiple_others,new_year,ninja,size_difference,holocouncil,team_9_(touhou),glutton,waitress,serval_print,nurse,nekomata,crossdressing,festival,time_paradox,cheerleader,enmaided,pervert,father_and_daughter,ho-kago_tea_time,female_pervert,kitsune,solo_focus,inkling,holomyth,party,valentine,science_fiction,sangvis_ferri,police,family,brothers,couple,summer,sailor_senshi,hetero,futa_with_female,femdom,2others,people,knight,teacher,winter,mother_and_son,animification,borrowed_character,death,husband_and_wife,chinese_zodiac,soldier,cousins,slime_girl,office_lady,father_and_son,octoling,tsundere,kyuubi,dark_persona,policewoman
sisters	siblings,twins,incest,2girls,multiple_girls,3girls,twincest,yuri,6+girls,4girls,5girls,mother_and_daughter,maid,brother_and_sister,game_development_department_(blue_archive),age_difference,family,everyone,quintuplets,futa_with_female,virtual_youtuber,lolita_fashion,multiple_boys,father_and_daughter,triplets,hetero,1boy,aunt_and_niece,christmas,military,6+boys,step-siblings,fff_threesome,femdom,halloween,bisexual_female,step-sisters,enmaided,2boys,couple,kodomo_doushi,clone,3boys,onee-loli,brothers,new_year,train_conductor,gothic_lolita,miko,harem,4boys,kitsune,dual_persona,nun,female_pervert,pervert,anniversary,valentine,mother_and_son,solo_focus,time_paradox,wife_and_wife,half-siblings,nekomata,wa_maid,husband_and_wife,1other,personification,cheerleader,summer,magical_girl,size_difference,interracial,1girl
1other	solo_focus,multiple_boys,3girls,1boy,science_fiction,knight,size_difference,2boys,6+girls,horror_(theme),multiple_girls,6+boys,other_with_female,male_focus,4girls,3boys,virtual_youtuber,1girl,personification,2girls,dual_persona,4boys,everyone,interspecies,e.g.o_(project_moon),maid,5girls,humanization,military,astronaut,siblings,bangboo_(zenless_zone_zero),animal_focus,death,surreal,eldritch_abomination,anniversary,nun,halloween,furry_with_non-furry,solo,christmas,brother_and_sister,winter,kitsune,guro,shiny_pokemon,enmaided,5boys,mega_pokemon,mother_and_child,crossdressing,witch,animification,sisters,oversized_animal,bara,borrowed_character,lolita_fashion,couple,valentine,hetero,magical_girl,yuri,no_humans
magical_girl	5girls,sailor_senshi,dual_persona,multiple_girls,6+girls,2girls,inner_senshi,in-franchise_crossover,star_guardian_(league_of_legends),yuri,3girls,4girls,solo,1girl,dark_persona,witch_(madoka_magica),henshin,female_pervert,pervert,magical_boy,everyone,corruption,transformation,multiple_persona,self_cosplay,solo_focus,crossdressing,lolita_fashion,personification,witch,multiple_boys,hetero,time_paradox,look-alike,couple,1boy,anniversary,6+boys,femdom,siblings,3boys,sisters,2boys,1other,military,virtual_youtuber,maid,male_focus
couple	yaoi,yuri,hetero,bara,husband_and_wife,2boys,1boy,multiple_boys,2girls,male_focus,wife_and_wife,wedding,multiple_girls,bride,size_difference,interracial,interspecies,incest,age_difference,family,furry_with_furry,groom,siblings,military,1girl,brother_and_sister,furry_with_non-furry,mother_and_daughter,alternate_universe,valentine,crossdressing,sisters,christmas,father_and_daughter,winter,twincest,twins,3boys,onee-loli,femdom,father_and_son,mother_and_son,6+boys,3girls,6+girls,animification,science_fiction,tsundere,husband_and_husband,muscular_uke,dual_persona,alternate_form,virtual_youtuber,4girls,magical_girl,borrowed_character,solo_focus,4boys,office_lady,halloween,maid,1other,5girls
3boys	multiple_boys,yaoi,male_focus,hetero,solo_focus,3girls,mmm_threesome,interracial,bara,brothers,4girls,crossdressing,siblings,age_difference,father_and_son,6+girls,multiple_girls,brother_and_sister,5girls,everyone,interspecies,dual_persona,family,netorare,multiple_persona,boy_sandwich,onee-shota,2girls,size_difference,father_and_daughter,mother_and_son,1other,military,science_fiction,super_saiyan,anniversary,alternate_universe,multiple_others,twins,animification,1girl,time_paradox,humiliation,ninja,knight,husband_and_wife,mother_and_daughter,soldier,maid,couple,sisters,clone,christmas,furry_with_non-furry,nun,cheating_(relationship),virtual_youtuber,police,halloween,death,slave,2others,prostitution,people,incest,office_lady,borrowed_character,personification,enmaided,magical_girl,yuri
5girls	multiple_girls,ho-kago_tea_time,magical_girl,sisters,holomyth,everyone,siblings,multiple_boys,6+boys,multiple_persona,military,quintuplets,harem,twins,3boys,5boys,4boys,maid,virtual_youtuber,nun,yuri,clone,anniversary,nontraditional_miko,holocouncil,2boys,hololive_fantasy,christmas,holox,halloween,mother_and_daughter,inner_senshi,team_9_(touhou),new_year,dual_persona,pervert,1boy,female_pervert,waitress,game_development_department_(blue_archive),sailor_senshi,lolita_fashion,miko,idol,1other,age_difference,brother_and_sister,personification,enmaided,futa_with_female,in-franchise_crossover,size_difference,gothic_lolita,solo_focus,winter,jiangshi,witch,valentine,multiple_others,summer,cheerleader,nurse,kitsune,femdom,crossdressing,science_fiction,hetero,couple
yaoi	2boys,bara,multiple_boys,male_focus,couple,crossdressing,3boys,size_difference,interracial,interspecies,mmm_threesome,penis_size_difference,onii-shota,age_difference,4boys,solo_focus,furry_with_non-furry,furry_with_furry,josou_seme,6+boys,muscular_uke,incest,kodomo_doushi,selfcest,5boys,brothers,male_playboy_bunny,boy_sandwich,dual_persona,teacher_and_student,husband_and_husband,father_and_son,salaryman,tentacles_on_male,hyur,male_maid,pokephilia,siblings,implied_yaoi,animification,clone,borrowed_character,christmas,maid,enmaided,military,virtual_youtuber,yuri,1boy,multiple_girls,hetero,2girls,1girl,solo
christmas	winter,multiple_girls,3girls,2girls,6+girls,4girls,solo,siblings,5girls,1girl,bara,sisters,multiple_boys,virtual_youtuber,2boys,yuri,1boy,couple,male_focus,solo_focus,twins,3boys,hetero,yaoi,mother_and_daughter,1other,brother_and_sister,4boys,new_year,crossdressing,age_difference,no_humans,military,maid
bara	yaoi,male_focus,2boys,multiple_boys,couple,size_difference,1boy,interspecies,interracial,3boys,furry_with_non-furry,4boys,mmm_threesome,salaryman,muscular_uke,tentacles_on_male,6+boys,solo_focus,furry_with_furry,age_difference,implied_yaoi,male_playboy_bunny,crossdressing,5boys,hyur,christmas,chinese_zodiac,solo,father_and_son,boy_sandwich,penis_size_difference,lifeguard,onii-shota,police,teacher_and_student,incest,humanization,policeman,halloween,borrowed_character,summer,personification,new_year,valentine,1other,military,siblings,virtual_youtuber,1girl,multiple_girls
science_fiction	no_humans,evangelion_(mecha),mecha_musume,military,decepticon,fusion,animification,u.n._spacy,soldier,size_difference,multiple_boys,pilot,1other,multiple_others,6+boys,titan_(titanfall),male_focus,2boys,police,war,3boys,spartan_(halo),astronaut,personification,humanization,1boy,transformation,solo,scientist,2others,4boys,alternate_universe,5boys,6+girls,1girl,multiple_girls,dual_persona,3girls,couple,2girls,solo_focus,4girls,5girls,virtual_youtuber,siblings,yuri,maid,hetero
age_difference	onee-shota,onee-loli,size_difference,incest,hetero,onii-shota,femdom,1boy,mother_and_daughter,mother_and_son,yuri,yaoi,brother_and_sister,multiple_boys,2boys,siblings,futa_with_female,interracial,3boys,teacher_and_student,penis_size_difference,2girls,sisters,solo_focus,multiple_girls,time_paradox,couple,4boys,father_and_daughter,bara,3girls,netorare,futa_on_male,lolidom,shotadom,teacher,6+girls,interspecies,harem,pervert,dual_persona,male_focus,toddlercon,aunt_and_nephew,female_pervert,4girls,nun,6+boys,5boys,cheating_(relationship),crossdressing,everyone,furry_with_furry,fff_threesome,1girl,family,prostitution,5girls,father_and_son,borrowed_character,pokephilia,maid,military,twins,christmas,virtual_youtuber
dual_persona	time_paradox,selfcest,dark_persona,2girls,multiple_girls,multiple_boys,2boys,clone,magical_girl,6+girls,6+boys,everyone,3girls,3boys,yuri,male_focus,multiple_others,4girls,2others,yaoi,4boys,multiple_persona,age_difference,personification,siblings,anniversary,angel_and_devil,humanization,crossdressing,transformation,mother_and_daughter,super_saiyan,size_difference,1other,brother_and_sister,5girls,corruption,1boy,animification,alternate_form,lolita_fashion,futa_with_female,virtual_youtuber,maid,military,gothic_lolita,5boys,twins,enmaided,science_fiction,nun,sisters,couple,hetero,solo_focus,1girl,solo
halloween	witch,mummy,jiangshi,sheet_ghost,nurse,3girls,4girls,multiple_girls,6+girls,nun,2girls,5girls,siblings,sisters,multiple_boys,solo,1girl,virtual_youtuber,lolita_fashion,2boys,inkling,gothic_lolita,twins,crossdressing,bara,3boys,1boy,male_focus,1other,yuri,maid,no_humans,couple,solo_focus,hetero
personification	creature_and_personification,mecha_musume,humanization,shiny_pokemon,military,animification,6+girls,interspecies,borrowed_character,1other,dual_persona,size_difference,science_fiction,destroyer,male_focus,mega_pokemon,furry_with_non-furry,1girl,slime_girl,multiple_girls,3girls,solo,1boy,4girls,2girls,lolita_fashion,5girls,multiple_boys,2boys,magical_girl,bara,solo_focus,siblings,3boys,yuri,hetero,sisters,maid,virtual_youtuber
enmaided	maid,crossdressing,unconventional_maid,male_maid,waitress,wa_maid,butler,victorian_maid,male_focus,virtual_youtuber,4girls,3girls,multiple_girls,2girls,solo,1girl,sisters,valentine,siblings,2boys,6+girls,5girls,multiple_boys,dual_persona,1boy,twins,yaoi,1other,3boys,solo_focus,yuri,hetero
crossdressing	male_focus,male_maid,yaoi,male_playboy_bunny,enmaided,2boys,multiple_boys,maid,1boy,3boys,josou_seme,brother_and_sister,4boys,butler,lolita_fashion,6+boys,female_butler,siblings,gothic_lolita,twins,femdom,bara,cheerleader,nun,5boys,nurse,penis_size_difference,bride,waitress,dual_persona,age_difference,couple,solo_focus,brothers,everyone,incest,6+girls,interracial,magical_girl,halloween,size_difference,solo,4girls,hetero,multiple_girls,3girls,1other,christmas,5girls,virtual_youtuber,2girls,military,yuri,1girl
lolita_fashion	gothic_lolita,sweet_lolita,goth_fashion,crossdressing,6+girls,twins,sisters,virtual_youtuber,siblings,everyone,multiple_girls,maid,solo,2girls,1girl,halloween,5girls,dual_persona,dark_persona,3girls,4girls,personification,witch,magical_girl,multiple_boys,1boy,yuri,1other,male_focus,2boys,solo_focus,hetero,military
twins	siblings,sisters,brother_and_sister,twincest,incest,brothers,game_development_department_(blue_archive),2girls,multiple_girls,maid,6+girls,4girls,5girls,everyone,mother_and_son,3girls,yuri,mother_and_daughter,multiple_boys,2boys,kodomo_doushi,lolita_fashion,virtual_youtuber,train_conductor,crossdressing,1boy,6+boys,family,anniversary,3boys,hetero,idol,couple,femdom,christmas,gothic_lolita,halloween,dual_persona,age_difference,enmaided,male_focus,solo_focus,1girl
nun	buddhist_nun,priest,6+girls,5girls,4girls,borrowed_character,3girls,crossdressing,halloween,virtual_youtuber,multiple_girls,everyone,age_difference,hetero,multiple_boys,1boy,solo_focus,6+boys,onee-shota,1girl,2boys,solo,4boys,2girls,3boys,1other,male_focus,dual_persona,siblings,sisters,yuri,maid
nontraditional_miko	6+girls,military,4girls,miko,multiple_girls,5girls,3girls,2girls,yuri,new_year,kitsune,virtual_youtuber,solo,1girl,valentine,1boy,maid,solo_focus,hetero,multiple_boys
borrowed_character	interracial,nun,hetero,interspecies,solo_focus,personification,futa_with_female,oppai_loli,femdom,1boy,1girl,yuri,solo,age_difference,2girls,multiple_boys,maid,yaoi,multiple_girls,bara,2boys,couple,3girls,3boys,6+girls,male_focus,1other,4girls,military,siblings,virtual_youtuber
interracial	hetero,netorare,yaoi,solo_focus,multiple_boys,2boys,3boys,bara,1boy,age_difference,size_difference,cheating_(relationship),4boys,couple,instant_loss,bisexual_female,penis_size_difference,futa_with_female,borrowed_character,5boys,femdom,yuri,6+boys,onee-shota,abuse,male_focus,humiliation,prostitution,virtual_youtuber,2girls,interspecies,1girl,crossdressing,multiple_girls,3girls,siblings,sisters,maid
brother_and_sister	siblings,incest,twins,mother_and_son,brothers,twincest,mother_and_daughter,family,onee-shota,father_and_daughter,father_and_son,age_difference,1boy,multiple_boys,step-siblings,2boys,sisters,husband_and_wife,crossdressing,6+boys,3boys,kodomo_doushi,4boys,hetero,implied_incest,bangboo_(zenless_zone_zero),everyone,step-brother_and_step-sister,alternate_universe,6+girls,anniversary,5boys,time_paradox,4girls,femdom,3girls,couple,multiple_girls,dual_persona,2girls,animification,5girls,1girl,christmas,1other,solo_focus,maid,male_focus
new_year	chinese_zodiac,year_of_the_tiger,year_of_the_ox,year_of_the_rabbit,year_of_the_dragon,year_of_the_snake,year_of_the_rooster,miko,winter,year_of_the_goat,tiger_costume,4girls,3girls,6+girls,5girls,multiple_girls,2girls,nontraditional_miko,siblings,sisters,solo,1girl,multiple_boys,bara,christmas,virtual_youtuber,2boys,male_focus,military,1boy,yuri,solo_focus,maid,hetero
valentine	tsundere,yuri,maid,couple,enmaided,multiple_girls,military,2girls,solo,3girls,4girls,6+girls,1girl,virtual_youtuber,nontraditional_miko,5girls,sisters,bara,siblings,1boy,1other,male_focus,solo_focus,multiple_boys,2boys,hetero
4boys	multiple_boys,yaoi,everyone,4girls,brothers,male_focus,6+girls,interracial,hetero,solo_focus,bara,crossdressing,multiple_persona,brother_and_sister,5girls,father_and_son,3girls,siblings,age_difference,interspecies,multiple_girls,animification,netorare,family,dual_persona,size_difference,onee-shota,1other,anniversary,multiple_others,science_fiction,2girls,military,nun,sisters,christmas,couple,maid,virtual_youtuber,1girl
6+boys	everyone,multiple_boys,6+girls,brothers,absolutely_everyone,multiple_persona,anniversary,5girls,father_and_son,4girls,siblings,soldier,dual_persona,brother_and_sister,in-franchise_crossover,male_focus,father_and_daughter,multiple_girls,yaoi,ninja,knight,straw_hat_pirates,bara,super_saiyan,crossdressing,military,3girls,multiple_others,science_fiction,family,war,clone,interracial,time_paradox,1other,solo_focus,mother_and_son,animification,hetero,people,twins,interspecies,husband_and_wife,death,mother_and_daughter,police,size_difference,age_difference,sisters,nun,couple,2girls,maid,magical_girl,virtual_youtuber,1girl
size_difference	age_difference,interspecies,onee-shota,yaoi,bara,2boys,furry_with_non-furry,interracial,multiple_boys,onee-loli,futa_with_female,penis_size_difference,hetero,couple,1boy,femdom,science_fiction,male_focus,onii-shota,pokephilia,vore,1other,solo_focus,3boys,incest,multiple_others,2girls,4boys,personification,6+boys,multiple_girls,yuri,dual_persona,6+girls,mother_and_daughter,military,4girls,3girls,no_humans,5girls,crossdressing,siblings,1girl,sisters,maid,virtual_youtuber,solo
cheerleader	crossdressing,6+girls,solo_focus,3girls,solo,1girl,hetero,multiple_girls,4girls,5girls,virtual_youtuber,2girls,1boy,sisters,multiple_boys,siblings,2boys,male_focus,yuri
miko	new_year,kitsune,nontraditional_miko,chinese_zodiac,6+girls,3girls,multiple_girls,5girls,4girls,2girls,sisters,solo,1girl,siblings,yuri,solo_focus,maid,hetero,multiple_boys,1boy,virtual_youtuber,2boys,male_focus
office_lady	salaryman,teacher,solo_focus,1girl,solo,1boy,virtual_youtuber,hetero,multiple_boys,3boys,3girls,multiple_girls,2girls,couple,yuri,6+girls,2boys,4girls
witch	halloween,luna_nova_school_uniform,6+girls,3girls,4girls,lolita_fashion,multiple_girls,magical_girl,5girls,2girls,1girl,solo,1other,multiple_boys,virtual_youtuber,siblings,yuri,maid,2boys,solo_focus,1boy,hetero
gothic_lolita	lolita_fashion,goth_fashion,crossdressing,6+girls,everyone,virtual_youtuber,halloween,dual_persona,twins,siblings,sisters,5girls,multiple_girls,maid,solo,4girls,1girl,2girls,3girls,multiple_boys,1boy,yuri,solo_focus,2boys,hetero,male_focus
femdom	lolidom,dominatrix,sadism,onee-shota,yuri,age_difference,futa_with_female,futa_on_male,incest,slave,hetero,humiliation,futasub,masochism,onee-loli,kodomo_doushi,1boy,interspecies,size_difference,reverse_ryona,mixed-sex_combat,fff_threesome,solo_focus,2girls,interracial,multiple_girls,pervert,crossdressing,yandere,female_pervert,siblings,brother_and_sister,3girls,sisters,borrowed_character,4girls,twins,couple,6+girls,maid,5girls,military,magical_girl,multiple_boys,1girl,2boys,virtual_youtuber,solo
nurse	doctor,halloween,crossdressing,virtual_youtuber,6+girls,hetero,solo_focus,multiple_girls,5girls,1girl,1boy,2girls,3girls,4girls,solo,maid,yuri,multiple_boys,2boys,siblings,male_focus
chinese_zodiac	new_year,year_of_the_rabbit,year_of_the_tiger,year_of_the_ox,year_of_the_dragon,year_of_the_snake,year_of_the_rooster,year_of_the_goat,tiger_costume,miko,bara,solo,1girl,4girls,male_focus,multiple_girls,3girls,2girls,6+girls,no_humans,multiple_boys,siblings,virtual_youtuber,2boys,1boy,solo_focus,yuri,hetero
inkling	octoling,cousins,alternate_species,2girls,incest,multiple_girls,halloween,4girls,6+girls,3girls,multiple_boys,yuri,2boys,1boy,1girl,solo,male_focus,hetero,solo_focus
futa_with_female	fff_threesome,futasub,onee-loli,futa_without_pussy,incest,newhalf_with_female,femdom,age_difference,2girls,size_difference,multiple_girls,selfcest,interspecies,3girls,interracial,instant_loss,mother_and_daughter,sisters,siblings,4girls,borrowed_character,dual_persona,5girls,solo_focus,6+girls,maid,virtual_youtuber,1boy,hetero,1girl
incest	twincest,brother_and_sister,siblings,sisters,twins,age_difference,onee-shota,mother_and_son,mother_and_daughter,cousins,yuri,father_and_daughter,kodomo_doushi,futa_with_female,onee-loli,bisexual_female,femdom,brothers,fff_threesome,aunt_and_niece,hetero,father_and_son,futa_with_futa,2girls,couple,yaoi,futa_on_male,multiple_girls,1boy,size_difference,2boys,inkling,multiple_boys,crossdressing,3girls,bara,solo_focus,3boys,4girls,male_focus,maid,1girl,virtual_youtuber
ninja	6+boys,everyone,multiple_boys,6+girls,3boys,male_focus,2boys,4girls,1boy,3girls,solo,1girl,multiple_girls,siblings,hetero,solo_focus,2girls,yuri,virtual_youtuber
mother_and_daughter	father_and_daughter,family,mother_and_son,husband_and_wife,incest,father_and_son,brother_and_sister,siblings,age_difference,sisters,onee-loli,motherly,2girls,multiple_girls,3girls,wife_and_wife,time_paradox,aunt_and_niece,alternate_universe,twins,kitsune,4girls,6+girls,futa_with_female,kyuubi,yuri,6+boys,5girls,multiple_boys,2boys,couple,dual_persona,size_difference,1boy,3boys,christmas,hetero,military,virtual_youtuber,maid,solo_focus,1girl
interspecies	furry_with_non-furry,pokephilia,size_difference,yaoi,furry_with_furry,bara,hetero,2boys,multiple_boys,captured,shiny_pokemon,solo_focus,couple,futa_with_female,slime_girl,femdom,3boys,instant_loss,1boy,4boys,netorare,borrowed_character,5boys,yuri,6+boys,personification,age_difference,onee-shota,male_focus,1other,interracial,2girls,multiple_girls,1girl,3girls
multiple_others	2others,6+others,5others,people,knight,horror_(theme),soldier,everyone,death,science_fiction,6+boys,dual_persona,solo_focus,size_difference,no_humans,multiple_boys,3boys,6+girls,4boys,2boys,military,4girls,siblings,3girls,5girls,male_focus,multiple_girls,1boy,virtual_youtuber,2girls,maid,1girl,yuri,hetero
onee-shota	age_difference,incest,mother_and_son,size_difference,femdom,hetero,brother_and_sister,futa_on_male,1boy,aunt_and_nephew,shotadom,penis_size_difference,siblings,3boys,interracial,multiple_boys,interspecies,2boys,4boys,nun,solo_focus,3girls,1girl,multiple_girls,2girls,military,4girls,maid,virtual_youtuber
waitress	carhop,waiter,wa_maid,maid,enmaided,crossdressing,5girls,6+girls,4girls,3girls,multiple_girls,2girls,multiple_boys,solo,1girl,siblings,solo_focus,2boys,1boy,hetero,yuri,virtual_youtuber,male_focus
kitsune	kyuubi,aunt_and_niece,miko,mother_and_daughter,nekomata,nontraditional_miko,6+girls,3girls,sisters,4girls,multiple_girls,1other,5girls,2girls,siblings,1girl,solo,military,solo_focus,maid,hetero,1boy,yuri,virtual_youtuber,multiple_boys,male_focus
idol	k/da_(league_of_legends),6+girls,virtual_youtuber,3girls,5girls,twins,4girls,multiple_girls,siblings,solo,1girl,2girls,solo_focus,multiple_boys,2boys,1boy,hetero,male_focus,yuri
animal_focus	no_humans,clothed_animal,evolutionary_line,shiny_pokemon,clothed_pokemon,oversized_animal,1other,solo,solo_focus,1boy,1girl
everyone	6+boys,6+girls,absolutely_everyone,multiple_boys,anniversary,5boys,5girls,4boys,in-franchise_crossover,multiple_persona,twins,dual_persona,siblings,karakasa_obake,3boys,sisters,brothers,multiple_others,multiple_girls,4girls,brother_and_sister,ninja,magical_girl,lolita_fashion,nun,gothic_lolita,maid,age_difference,1other,military,crossdressing,2boys,3girls,no_humans,yuri,virtual_youtuber,male_focus,1boy,2girls,hetero,1girl
mecha_musume	personification,humanization,science_fiction,military,solo,1girl,6+girls,3girls,multiple_girls,2girls,solo_focus,virtual_youtuber,1boy
summer	winter,no_humans,4girls,6+girls,bara,5girls,3girls,multiple_girls,virtual_youtuber,sisters,siblings,multiple_boys,2girls,2boys,solo,1girl,male_focus,solo_focus,1boy,yuri,hetero
winter	christmas,new_year,summer,no_humans,couple,5girls,military,1other,4girls,6+girls,siblings,multiple_girls,2girls,multiple_boys,3girls,male_focus,2boys,solo,1girl,virtual_youtuber,yuri,1boy,solo_focus,hetero
animification	science_fiction,humanization,personification,6+boys,4boys,multiple_boys,2boys,male_focus,3boys,brother_and_sister,dual_persona,yaoi,couple,siblings,6+girls,1other,1boy,2girls,multiple_girls,yuri,1girl,3girls,solo,solo_focus,hetero
police	policewoman,policeman,bangboo_(zenless_zone_zero),science_fiction,6+boys,bara,multiple_boys,2boys,6+girls,3boys,3girls,multiple_girls,4girls,military,male_focus,2girls,1boy,solo_focus,virtual_youtuber,siblings,1girl,hetero,yuri,solo
anniversary	everyone,6+boys,6+girls,multiple_persona,5girls,4girls,brother_and_sister,multiple_boys,3boys,twins,dual_persona,4boys,siblings,3girls,multiple_girls,2boys,1other,sisters,magical_girl,military,2girls,virtual_youtuber,male_focus,1boy,maid,1girl,solo,yuri,solo_focus
race_queen	solo,1girl,2girls,3girls,multiple_girls,solo_focus,hetero,virtual_youtuber,1boy
5boys	multiple_boys,everyone,brothers,5girls,6+girls,4girls,interracial,yaoi,multiple_persona,male_focus,bara,interspecies,brother_and_sister,crossdressing,hetero,3girls,solo_focus,age_difference,siblings,multiple_girls,dual_persona,science_fiction,military,1other,2girls,maid,1girl,virtual_youtuber
multiple_persona	clone,time_paradox,6+girls,6+boys,5girls,3girls,everyone,4girls,harem,4boys,dark_persona,anniversary,3boys,5boys,multiple_boys,dual_persona,multiple_girls,magical_girl,male_focus,military,maid,siblings,2boys,yuri,virtual_youtuber,1boy,2girls,hetero,solo_focus,1girl,solo
nekomata	kitsune,6+girls,3girls,4girls,multiple_girls,sisters,2girls,siblings,solo,maid,1girl,yuri,solo_focus,hetero,1boy
dark_persona	corruption,possessed,alter_servant,dual_persona,dark_aura,alternate_universe,multiple_persona,magical_girl,lolita_fashion,male_focus,multiple_boys,2boys,2girls,6+girls,multiple_girls,3girls,virtual_youtuber,yuri,1boy,solo,1girl,hetero,solo_focus
unconventional_maid	maid,enmaided,virtual_youtuber,solo,1girl,2girls,multiple_girls,3girls,hetero,solo_focus,1boy,male_focus,multiple_boys
bride	wedding,groom,wife_and_wife,husband_and_wife,couple,crossdressing,yuri,hetero,1boy,2girls,siblings,multiple_girls,1girl,solo_focus,solo,3girls,multiple_boys,2boys,virtual_youtuber
jiangshi	halloween,karakasa_obake,6+girls,5girls,4girls,multiple_girls,3girls,2girls,solo_focus,multiple_boys,hetero,2boys,1girl,solo,yuri,1boy,virtual_youtuber
pervert	female_pervert,clothes_theft,theft,implied_yuri,yuri,femdom,magical_girl,age_difference,3girls,5girls,4girls,multiple_girls,2girls,6+girls,sisters,siblings,military,multiple_boys,1boy,2boys,hetero,solo_focus,maid,virtual_youtuber,1girl,solo
octoling	inkling,4girls,2girls,multiple_girls,6+girls,3girls,yuri,1boy,multiple_boys,2boys,1girl,solo,male_focus,hetero,solo_focus
knight	medieval,multiple_others,6+boys,1other,multiple_boys,male_focus,3boys,2boys,6+girls,1boy,4girls,3girls,multiple_girls,solo_focus,solo,2girls,1girl,hetero,virtual_youtuber
netorare	cheating_(relationship),interracial,humiliation,hetero,2boys,multiple_boys,3boys,age_difference,interspecies,4boys,solo_focus,1boy,3girls,yuri,multiple_girls,2girls,1girl,virtual_youtuber,solo
yandere	yandere_trance,horror_(theme),femdom,military,yuri,4girls,3girls,virtual_youtuber,1boy,multiple_girls,2girls,maid,solo_focus,1girl,hetero,solo,multiple_boys,male_focus
husband_and_wife	family,father_and_daughter,father_and_son,mother_and_daughter,mother_and_son,wedding,groom,couple,bride,brother_and_sister,hetero,1boy,6+boys,2boys,siblings,multiple_boys,3boys,sisters,6+girls,2girls,multiple_girls,3girls,1girl,solo_focus
policewoman	police,policeman,bangboo_(zenless_zone_zero),6+girls,3girls,multiple_girls,2girls,solo_focus,virtual_youtuber,multiple_boys,1girl,yuri,1boy,hetero,solo,2boys
oppai_loli	borrowed_character,hetero,solo_focus,1boy,1girl,solo,2girls,3girls,multiple_girls,multiple_boys,virtual_youtuber
female_pervert	pervert,implied_yuri,yuri,femdom,magical_girl,age_difference,3girls,5girls,4girls,multiple_girls,2girls,6+girls,sisters,siblings,military,maid,solo_focus,1boy,hetero,multiple_boys,2boys,virtual_youtuber,1girl,solo
humanization	mecha_musume,decepticon,personification,animification,science_fiction,dual_persona,1other,bara,male_focus,2boys,multiple_boys,1boy,2girls,multiple_girls,yuri,3girls,1girl,solo,solo_focus,hetero
karakasa_obake	jiangshi,everyone,6+girls,3girls,multiple_girls,4girls,2girls,solo,1girl,1boy
2others	multiple_others,dual_persona,science_fiction,3boys,no_humans,solo_focus,6+girls,multiple_boys,2boys,military,siblings,3girls,multiple_girls,1boy,male_focus,virtual_youtuber,2girls,1girl
father_and_daughter	family,mother_and_daughter,husband_and_wife,father_and_son,mother_and_son,incest,brother_and_sister,brothers,siblings,6+boys,age_difference,multiple_boys,2boys,3boys,sisters,1boy,couple,6+girls,multiple_girls,2girls,3girls,4girls,hetero,solo_focus,1girl
horror_(theme)	body_horror,eldritch_abomination,guro,surreal,death,yandere,multiple_others,no_humans,1other,male_focus,multiple_boys,2boys,1boy,multiple_girls,3girls,virtual_youtuber,2girls,1girl,solo,solo_focus
dancer	dancer_(fire_emblem:_three_houses),solo,1girl,multiple_boys,3girls,multiple_girls,solo_focus,2girls,hetero,virtual_youtuber,1boy
kyuubi	kitsune,mother_and_daughter,6+girls,3girls,4girls,multiple_girls,2girls,1girl,solo,1boy,solo_focus,hetero
family	father_and_daughter,father_and_son,mother_and_daughter,husband_and_wife,mother_and_son,brother_and_sister,brothers,siblings,alternate_universe,sisters,2boys,multiple_boys,3boys,couple,6+boys,4boys,twins,3girls,age_difference,4girls,multiple_girls,2girls,6+girls,1boy,yuri,hetero,male_focus,virtual_youtuber,1girl
clone	multiple_persona,selfcest,6+girls,dual_persona,5girls,6+boys,4girls,3girls,multiple_girls,sisters,3boys,multiple_boys,yaoi,siblings,yuri,2boys,2girls,male_focus,maid,hetero,1boy,virtual_youtuber,solo_focus,1girl
furry_with_non-furry	interspecies,pokephilia,size_difference,yaoi,bara,hetero,2boys,multiple_boys,couple,solo_focus,personification,1boy,3boys,1other,male_focus,yuri,1girl,2girls,multiple_girls
serval_print	6+girls,4girls,multiple_girls,2girls,3girls,yuri,solo,1girl,1boy
jirai_kei	virtual_youtuber,solo,1girl,3girls,2girls,multiple_girls,solo_focus,hetero,1boy
ancient_egyptian	male_focus,multiple_boys,2boys,1boy,hetero,solo,1girl,solo_focus,multiple_girls,2girls
goth_fashion	gothic_lolita,lolita_fashion,virtual_youtuber,solo,1girl,2girls,multiple_girls,3girls,male_focus,yuri,multiple_boys,1boy,solo_focus,hetero
mother_and_son	father_and_son,family,mother_and_daughter,husband_and_wife,father_and_daughter,incest,onee-shota,brother_and_sister,brothers,age_difference,motherly,alternate_universe,siblings,twins,2boys,multiple_boys,3boys,6+boys,1boy,couple,hetero,sisters,6+girls,2girls,multiple_girls,3girls,1girl
shiny_pokemon	mega_pokemon,clothed_pokemon,animal_focus,evolutionary_line,pokephilia,no_humans,personification,interspecies,1other,male_focus,multiple_boys,1boy,2girls,multiple_girls,solo_focus,1girl,virtual_youtuber,solo,hetero
instant_loss	interracial,interspecies,futa_with_female,hetero,1boy,solo_focus,2boys,multiple_boys,virtual_youtuber,1girl,3girls,yuri,2girls,multiple_girls,male_focus,solo
teacher	teacher_and_student,office_lady,age_difference,6+girls,multiple_boys,hetero,solo_focus,2boys,3girls,1boy,multiple_girls,yuri,1girl,2girls,solo,virtual_youtuber
yukkuri_shiteitte_ne	6+girls,no_humans,3girls,4girls,multiple_girls,2girls,maid,1girl,1boy,solo
brothers	siblings,father_and_son,brother_and_sister,mother_and_son,twins,6+boys,family,multiple_boys,2boys,4boys,3boys,incest,5boys,father_and_daughter,everyone,male_focus,yaoi,crossdressing,sisters,6+girls,3girls,multiple_girls,2girls,hetero,1girl
nontraditional_playboy_bunny	virtual_youtuber,solo,3girls,1girl,multiple_girls,2girls,solo_focus,hetero,1boy
pokephilia	interspecies,furry_with_non-furry,shiny_pokemon,size_difference,hetero,solo_focus,yaoi,age_difference,2boys,1boy,multiple_boys,1girl,male_focus,yuri,2girls,multiple_girls
tsundere	valentine,couple,yuri,military,6+girls,4girls,3girls,multiple_girls,2girls,1boy,hetero,multiple_boys,solo_focus,1girl,solo,virtual_youtuber
alternate_universe	role_reversal,mother_and_son,family,father_and_son,dark_persona,mother_and_daughter,brother_and_sister,multiple_boys,3boys,2boys,couple,siblings,science_fiction,male_focus,1boy,4girls,3girls,multiple_girls,2girls,yuri,hetero,1girl,solo
transformation	henshin,alternate_form,corruption,magical_girl,dual_persona,science_fiction,no_humans,male_focus,2boys,multiple_boys,1boy,3girls,multiple_girls,2girls,yuri,1girl,virtual_youtuber,solo,hetero
fusion	science_fiction,no_humans,male_focus,multiple_boys,solo,virtual_youtuber,1boy,multiple_girls,1girl,2girls
time_paradox	dual_persona,multiple_persona,mother_and_daughter,age_difference,6+boys,brother_and_sister,multiple_boys,3boys,2boys,6+girls,siblings,3girls,multiple_girls,2girls,magical_girl,4girls,sisters,male_focus,yuri,1boy,hetero,1girl
wa_maid	mixed_maids,maid,waitress,enmaided,virtual_youtuber,sisters,siblings,3girls,multiple_girls,2girls,solo,1girl,1boy
kodomo_doushi	incest,lolidom,twincest,brother_and_sister,femdom,yuri,yaoi,twins,siblings,hetero,2boys,sisters,multiple_boys,2girls,multiple_girls,1boy,3girls,male_focus,1girl
death	guro,murder,suicide,horror_(theme),multiple_others,6+boys,1other,multiple_boys,3boys,2boys,6+girls,military,male_focus,4girls,1boy,multiple_girls,3girls,solo_focus,2girls,1girl,hetero,solo
slave	humiliation,femdom,3boys,hetero,multiple_boys,solo_focus,2boys,yuri,3girls,1boy,multiple_girls,2girls,1girl,solo
corruption	dark_persona,possessed,transformation,magical_girl,dual_persona,1boy,hetero,3girls,multiple_boys,male_focus,multiple_girls,2girls,solo_focus,1girl,solo
onee-loli	age_difference,futa_with_female,incest,fff_threesome,yuri,mother_and_daughter,size_difference,femdom,2girls,multiple_girls,sisters,couple,siblings,3girls,4girls
slime_girl	interspecies,personification,6+girls,yuri,hetero,solo_focus,3girls,multiple_girls,1boy,2girls,1girl,solo,virtual_youtuber
wife_and_wife	wedding,bride,groom,yuri,couple,mother_and_daughter,2girls,multiple_girls,sisters,siblings,3girls,virtual_youtuber
people	multiple_others,6+boys,solo_focus,multiple_boys,3boys,6+girls,2boys,4girls,3girls,multiple_girls,male_focus,2girls,1boy,1girl,virtual_youtuber,hetero,solo
soldier	war,military,6+boys,science_fiction,multiple_others,multiple_boys,3boys,6+girls,2boys,male_focus,3girls,multiple_girls,solo_focus,1boy,2girls,1girl,solo
in-franchise_crossover	everyone,6+boys,magical_girl,6+girls,4girls,3girls,multiple_boys,5girls,multiple_girls,2girls,2boys,yuri,male_focus,1boy,1girl,solo
super_saiyan	super_saiyan_1,super_saiyan_4,super_saiyan_blue,saiyan,legendary_super_saiyan,father_and_son,male_focus,6+boys,multiple_boys,3boys,2boys,dual_persona,1boy,solo,hetero,multiple_girls,2girls,1girl
bangboo_(zenless_zone_zero)	policewoman,police,brother_and_sister,maid,1other,siblings,3girls,2boys,multiple_boys,1boy,multiple_girls,2girls,male_focus,solo_focus,1girl,solo
surreal	horror_(theme),no_humans,1other,male_focus,multiple_boys,multiple_girls,1boy,solo,2girls,1girl
alternate_form	transformation,dual_persona,no_humans,male_focus,couple,multiple_boys,2boys,1boy,multiple_girls,2girls,1girl,hetero,solo
sailor	6+girls,military,multiple_girls,3girls,multiple_boys,2girls,yuri,male_focus,1girl,solo,1boy
father_and_son	mother_and_son,family,father_and_daughter,husband_and_wife,brothers,mother_and_daughter,brother_and_sister,super_saiyan,alternate_universe,6+boys,2boys,multiple_boys,3boys,incest,siblings,4boys,yaoi,bara,male_focus,age_difference,couple,6+girls,multiple_girls,3girls,2girls,hetero,1girl
e.g.o_(project_moon)	1other,male_focus,multiple_boys,2boys,1boy,solo,1girl,multiple_girls,2girls
clothed_pokemon	shiny_pokemon,animal_focus,no_humans,maid,multiple_boys,male_focus,1boy,solo_focus,solo,1girl,multiple_girls,2girls
harem	6+girls,5girls,multiple_persona,4girls,3girls,age_difference,hetero,yuri,sisters,multiple_girls,1boy,siblings,multiple_boys
wedding	bride,groom,wife_and_wife,husband_and_wife,couple,yuri,hetero,multiple_boys,1boy,2boys,2girls,multiple_girls,solo_focus,1girl,virtual_youtuber,solo
humiliation	bullying,public_use,slave,penis_size_difference,femdom,netorare,interracial,3boys,multiple_boys,solo_focus,hetero,2boys,3girls,yuri,1boy,multiple_girls,2girls,1girl,virtual_youtuber,solo
guro	ero_guro,death,cannibalism,horror_(theme),1other,male_focus,multiple_boys,2boys,1boy,solo_focus,multiple_girls,2girls,hetero,1girl,solo
cheating_(relationship)	netorare,interracial,hetero,age_difference,3boys,multiple_boys,2boys,solo_focus,1boy,yuri,3girls,2girls,multiple_girls,1girl,solo
bisexual_female	sexual_coaching,incest,interracial,sisters,siblings,2boys,2girls,hetero,multiple_boys,multiple_girls,1boy,3girls,virtual_youtuber
year_of_the_rabbit	chinese_zodiac,new_year,multiple_girls,2girls,solo,1girl,virtual_youtuber,1boy
look-alike	magical_girl,2girls,multiple_girls,3girls,2boys,multiple_boys,male_focus,1boy,1girl,solo
prostitution	interracial,age_difference,hetero,3boys,solo_focus,multiple_boys,2boys,1boy,1girl,multiple_girls,2girls,solo
sangvis_ferri	6+girls,maid,3girls,multiple_girls,solo_focus,hetero,2girls,1boy,1girl,solo
evolutionary_line	animal_focus,no_humans,shiny_pokemon,male_focus,1boy,multiple_girls,2girls,1girl
year_of_the_tiger	chinese_zodiac,new_year,tiger_costume,male_focus,solo,1girl,2girls,multiple_girls,virtual_youtuber,1boy
furry_with_furry	interspecies,yaoi,bara,couple,age_difference,2boys,multiple_boys,hetero,yuri,male_focus,1boy,solo_focus,2girls,multiple_girls,1girl
mega_pokemon	shiny_pokemon,no_humans,personification,1other,multiple_boys,male_focus,1boy,2girls,multiple_girls,1girl,solo
pirate	virtual_youtuber,multiple_boys,male_focus,2boys,multiple_girls,1boy,solo,1girl,2girls,solo_focus,hetero
princess	multiple_boys,virtual_youtuber,yuri,multiple_girls,2girls,hetero,1boy,solo_focus,1girl,solo
creature_and_personification	personification,male_focus,1girl,multiple_girls,2girls,1boy,solo
hyur	bara,yaoi,multiple_boys,2boys,male_focus,yuri,2girls,multiple_girls,1boy,solo,1girl,hetero
fff_threesome	futa_with_female,futa_with_futa,onee-loli,3girls,incest,yuri,femdom,sisters,age_difference,siblings,multiple_girls
cousins	inkling,incest,siblings,6+girls,2girls,yuri,multiple_girls,multiple_boys,2boys,3girls,1boy,hetero,1girl
oversized_animal	animal_focus,no_humans,1other,male_focus,multiple_boys,1boy,1girl,multiple_girls,2girls,solo
selfcest	dual_persona,clone,futa_with_female,yuri,yaoi,2boys,2girls,multiple_girls,multiple_boys,male_focus,3girls,hetero,virtual_youtuber,1boy,1girl
twincest	incest,twins,brother_and_sister,siblings,kodomo_doushi,sisters,yuri,couple,2girls,hetero,multiple_girls,1boy,1girl
samurai	male_focus,multiple_boys,2boys,1boy,solo,virtual_youtuber,multiple_girls,1girl,2girls
year_of_the_ox	chinese_zodiac,new_year,male_focus,solo,1girl,2girls,multiple_girls,1boy
futa_with_futa	futa_without_pussy,penis_size_difference,futasub,fff_threesome,incest,2girls,multiple_girls,3girls,siblings
dominatrix	femdom,yuri,hetero,2girls,multiple_girls,1boy,solo_focus,1girl,solo
penis_size_difference	futa_on_male,onii-shota,futa_with_futa,humiliation,yaoi,size_difference,age_difference,onee-shota,interracial,2boys,crossdressing,multiple_boys,bara,male_focus,solo_focus,1boy,multiple_girls,2girls,hetero,1girl
clothed_animal	animal_focus,no_humans,multiple_boys,virtual_youtuber,multiple_girls,1girl,2girls,1boy,solo
festival	summer_festival,6+girls,4girls,3girls,multiple_boys,multiple_girls,solo_focus,2girls,1boy,1girl,solo
setsubun	mamemaki,3girls,multiple_girls,2girls,1girl,solo,1boy
ballerina	ballet,multiple_girls,solo,1girl,2girls,1boy
male_playboy_bunny	crossdressing,yaoi,bara,male_focus,2boys,multiple_boys,1boy,solo_focus,solo,1girl
implied_yuri	female_pervert,pervert,3girls,multiple_girls,2girls,solo,1girl
6+others	multiple_others,solo_focus,multiple_boys,male_focus,multiple_girls,1boy,virtual_youtuber,2girls,1girl
cat_day	virtual_youtuber,multiple_girls,solo,2girls,1girl,1boy
butler	female_butler,crossdressing,enmaided,maid,multiple_boys,2boys,male_focus,3girls,1boy,multiple_girls,2girls,1girl,solo
team_rocket	multiple_boys,2boys,1boy,male_focus,hetero,multiple_girls,1girl,2girls,solo
role_reversal	alternate_universe,yuri,2girls,multiple_girls,3girls,1boy,multiple_boys,hetero,1girl,solo
tanuki	virtual_youtuber,multiple_girls,2girls,1girl,1boy,solo
cowboy_western	cowboy,cowgirl_(western),multiple_boys,male_focus,multiple_girls,virtual_youtuber,1boy,solo,1girl,2girls
delinquent	sukeban,banchou,bousouzoku,3girls,multiple_boys,multiple_girls,virtual_youtuber,2girls,1boy,1girl,solo
weight_conscious	weight_gain,multiple_girls,2girls,1girl,solo,1boy
glutton	6+girls,3girls,4girls,multiple_girls,2girls,1boy,1girl,solo
ryona	abuse,2boys,hetero,solo_focus,multiple_boys,2girls,yuri,1boy,multiple_girls,1girl,solo
futa_without_pussy	newhalf_with_female,newhalf_with_male,male_on_futa,futa_with_futa,futa_with_female,2girls,multiple_girls,solo_focus,1boy,1girl,solo
year_of_the_dragon	chinese_zodiac,new_year,male_focus,solo,1girl,1boy,multiple_girls,2girls
ballet	ballerina,multiple_girls,solo,1girl,2girls,1boy
dark_aura	dark_persona,3girls,male_focus,multiple_girls,1boy,2girls,solo,1girl
exhausted	3girls,multiple_boys,multiple_girls,1boy,2girls,hetero,1girl,solo
mascot	virtual_youtuber,multiple_girls,1girl,2girls,solo,1boy
ho-kago_tea_time	5girls,4girls,6+girls,multiple_girls
bunny_day	virtual_youtuber,solo,1girl,2girls,multiple_girls,1boy
confession	yuri,2girls,multiple_girls,1boy,1girl,solo
futa_on_male	penis_size_difference,femdom,onee-shota,incest,age_difference,1boy,solo_focus,2girls,multiple_girls,1girl
friends	2boys,multiple_boys,3girls,multiple_girls,2girls,male_focus,1boy,1girl
angel_and_devil	dual_persona,yuri,2girls,multiple_girls,3girls,multiple_boys,1boy,1girl
bartender	multiple_boys,multiple_girls,2girls,1boy,solo,1girl
year_of_the_snake	chinese_zodiac,new_year,solo,1girl,multiple_girls
possessed	corruption,dark_persona,multiple_boys,male_focus,1boy,multiple_girls,2girls,1girl,solo
teacher_and_student	teacher,age_difference,yaoi,bara,2boys,multiple_boys,yuri,male_focus,hetero,2girls,1boy,multiple_girls,1girl
doctor	nurse,2boys,multiple_boys,male_focus,1boy,multiple_girls,hetero,2girls,1girl,solo
native_american	yuri,multiple_girls,hetero,2girls,1boy,solo,1girl
summer_festival	festival,multiple_girls,2girls,virtual_youtuber,1boy,1girl,solo
shinsengumi	multiple_boys,male_focus,solo,1boy,1girl,multiple_girls,2girls
chef	multiple_boys,2boys,male_focus,multiple_girls,1boy,2girls,1girl,solo
sheikah	hetero,1boy,multiple_girls,2girls,1girl,solo
k/da_(league_of_legends)	idol,hetero,1girl,solo,multiple_girls,2girls,1boy
evangelion_(mecha)	science_fiction,no_humans,multiple_girls,1boy,1girl,solo
male_maid	crossdressing,enmaided,maid,male_focus,yaoi,2boys,multiple_boys,1boy,solo,1girl
theft	clothes_theft,pervert,3girls,multiple_girls,2girls,1boy,1girl,solo
eldritch_abomination	horror_(theme),1other,no_humans,1boy,2girls,multiple_girls,1girl,solo
topless_female	hetero,solo_focus,virtual_youtuber,1boy,1girl,2girls,multiple_girls,solo
priest	nun,multiple_boys,male_focus,2boys,1boy,multiple_girls,hetero,2girls,1girl,solo
detective	virtual_youtuber,multiple_boys,multiple_girls,2girls,1boy,1girl,solo
motherly	mother_and_son,mother_and_daughter,3girls,multiple_girls,2girls,1boy,1girl
war	soldier,military,6+boys,science_fiction,no_humans,multiple_boys,multiple_girls,2girls,1boy,1girl,solo
sweet_lolita	lolita_fashion,2girls,multiple_girls,solo,1girl
abuse	ryona,interracial,hetero,solo_focus,2boys,multiple_boys,1boy,1girl,multiple_girls,solo
tengu	multiple_girls,2girls,1girl,solo,1boy
sick	multiple_girls,2girls,1boy,1girl,solo
masochism	femdom,yuri,hetero,solo_focus,multiple_girls,2girls,1boy,1girl,solo
public_use	humiliation,multiple_boys,hetero,solo_focus,1boy,1girl,multiple_girls,solo
asian	male_focus,1boy,2girls,multiple_girls,solo,1girl
astronaut	science_fiction,1other,virtual_youtuber,multiple_girls,1boy,1girl,solo
drugs	drugged,multiple_boys,hetero,solo_focus,1boy,2girls,multiple_girls,1girl,solo
chimera	no_humans,yuri,2girls,multiple_girls,1boy,solo,1girl
stripper	solo_focus,solo,1girl,multiple_girls,2girls
vore	size_difference,multiple_girls,2girls,1boy,1girl,solo
jester	1boy,multiple_girls,2girls,1girl,solo
henshin	transformation,magical_girl,multiple_girls,1girl,solo,2girls,1boy
objectification	no_humans,virtual_youtuber,multiple_girls,2girls,1girl,solo
holomyth	holocouncil,5girls,6+girls,virtual_youtuber,multiple_girls
self-harm	male_focus,solo,1boy,1girl
super_saiyan_1	super_saiyan,saiyan,male_focus,multiple_boys,2boys,1boy,solo,1girl
otaku	multiple_boys,male_focus,1boy,multiple_girls,2girls,1girl,solo
salaryman	office_lady,bara,yaoi,2boys,male_focus,multiple_boys,1boy,2girls,multiple_girls,1girl,solo
soccer	multiple_girls,2girls,solo,1girl
decepticon	humanization,science_fiction,no_humans,multiple_boys,1boy,multiple_girls,solo,1girl
playing	multiple_boys,multiple_girls,2girls,1boy,1girl,solo
futasub	futa_with_futa,futa_with_female,femdom,2girls,multiple_girls,solo_focus,1girl,solo
after_bathing	1boy,1girl,solo,multiple_girls
kono_lolicon_domome	solo,1girl
misunderstanding	3girls,multiple_girls,yuri,2girls,1boy,1girl
nudist	multiple_girls,2girls,solo,1girl
triplets	sisters,siblings,3girls,4girls,multiple_girls,1boy,hetero
gymnastics	rhythmic_gymnastics,solo,1girl,multiple_girls
gathers	multiple_girls,2girls,solo,1girl
lolidom	femdom,kodomo_doushi,age_difference,hetero,1boy,solo_focus,yuri,2girls,multiple_girls,1girl
personality_switch	body_switch,2girls,multiple_girls,1boy,1girl,solo
implied_yaoi	bara,yaoi,male_focus,2boys,multiple_boys,1boy,solo
united_states	military,multiple_girls,2girls,solo,1girl
sadism	femdom,hetero,1boy,solo_focus,2girls,multiple_girls,1girl
onmyouji	male_focus,1boy,multiple_girls,solo,1girl
super_saiyan_4	super_saiyan,saiyan,male_focus,multiple_boys,2boys,1boy,solo
medieval	knight,multiple_girls,1boy,2girls,1girl,solo
team_9_(touhou)	4girls,5girls,6+girls,multiple_girls
clown	multiple_boys,male_focus,1boy,multiple_girls,1girl,solo
chikan	multiple_boys,hetero,solo_focus,2boys,1boy,1girl
luna_nova_school_uniform	witch,yuri,multiple_girls,2girls,1girl,solo
sailor_senshi	inner_senshi,magical_girl,5girls,6+girls,multiple_girls,2girls,1girl
mmm_threesome	yaoi,3boys,bara,multiple_boys,male_focus,solo_focus
knight_(chess)	solo,1girl,multiple_girls
mummy	halloween,multiple_boys,multiple_girls,1girl,solo
standard_bearer	multiple_girls,solo,1girl
star_guardian_(league_of_legends)	magical_girl,multiple_girls,1boy,1girl,solo
bullying	humiliation,3girls,multiple_girls,2girls,1boy,1girl
mtu_virus	1girl
prank	3girls,multiple_girls,2girls,1boy,1girl
groom	wedding,bride,wife_and_wife,husband_and_wife,couple,yuri,hetero,1boy,multiple_boys,2girls,multiple_girls,1girl
implied_pregnancy	hetero,1boy,1girl,solo,multiple_girls
anal_only	hetero,solo_focus,1boy,1girl,solo
reverse_fellatio	2boys,hetero,multiple_boys,solo_focus,1boy,1girl,multiple_girls
drugged	drugs,hetero,multiple_boys,solo_focus,1boy,multiple_girls,1girl,solo
paizuri_invitation	solo,1girl
accident	multiple_girls,2girls,1boy,1girl,solo
aunt_and_niece	incest,kitsune,mother_and_daughter,sisters,siblings,3girls,yuri,multiple_girls,2girls
sexual_coaching	bisexual_female,hetero,2girls,1boy,multiple_girls,3girls
captured	interspecies,multiple_boys,hetero,solo_focus,1boy,multiple_girls,1girl,solo
pet	multiple_girls,1boy,1girl,solo
implied_after_sex	1boy,hetero,2girls,multiple_girls,1girl,solo
chuunibyou	multiple_girls,2girls,1girl,solo
warrior_(dq3)	hetero,multiple_girls,1boy,1girl,solo
josou_seme	crossdressing,yaoi,2boys,multiple_boys,male_focus,hetero,1boy,1girl
clothes_theft	theft,pervert,multiple_girls,2girls,1boy,1girl,solo
pilot	science_fiction,military,1boy,multiple_girls,1girl,solo
onii-shota	penis_size_difference,age_difference,yaoi,size_difference,2boys,bara,multiple_boys,male_focus
absolutely_everyone	everyone,6+boys,6+girls,multiple_boys,siblings,multiple_girls
game_development_department_(blue_archive)	twins,sisters,siblings,4girls,5girls,maid,multiple_girls
tentacles_on_male	bara,yaoi,male_focus,2boys,1boy,multiple_boys,solo,1girl
torture	solo_focus,hetero,1boy,multiple_girls,2girls,1girl,solo
suicide	death,male_focus,1boy,multiple_girls,solo,1girl
valkyrie	1girl,solo,multiple_girls
heart-shaped_boob_challenge	solo,1girl
crisis_management_form_(machimazo)	yuri,2girls,multiple_girls,solo,1girl
pegasus	multiple_girls,1girl,solo
themed_object	multiple_girls,1girl,solo
alternate_species	inkling,male_focus,1boy,multiple_girls,1girl,solo
toddlercon	age_difference,hetero,solo_focus,1boy,1girl,multiple_girls,solo
self_cosplay	magical_girl,solo,1girl,multiple_girls
easter	multiple_girls,2girls,solo,1girl
sheet_ghost	halloween,multiple_girls,2girls,1boy,1girl,solo
y2k_fashion	multiple_girls,2girls,1girl,solo
wizard	multiple_boys,male_focus,1boy,multiple_girls,solo,1girl
boy_sandwich	3boys,yaoi,bara,multiple_boys,2boys,male_focus,hetero,1girl
female_butler	butler,crossdressing,maid,multiple_girls,2girls,1girl,solo
step-siblings	step-sisters,step-brother_and_step-sister,brother_and_sister,siblings,sisters,yuri,multiple_boys,2girls,1boy,multiple_girls,1girl
body_horror	horror_(theme),1boy,solo,1girl
male_on_futa	newhalf_with_male,futa_without_pussy,solo_focus,1boy,multiple_boys,1girl
military_operator	military,multiple_girls,solo,1girl
saiyan	super_saiyan_4,super_saiyan,super_saiyan_1,male_focus,multiple_boys,1boy,solo,1girl
rabbit_costume	multiple_girls,2girls,1girl,solo
zenra	multiple_boys,multiple_girls,2girls,1girl,solo
masked	male_focus,multiple_boys,1boy,multiple_girls,solo,1girl
warrior	solo,1girl
travel_attendant	multiple_girls,1girl,solo
nazi	military,multiple_girls,solo,1girl
magician	multiple_girls,1girl,solo
strong	multiple_girls,1boy,2girls,1girl,solo
siren_(azur_lane)	multiple_girls,1girl,solo
martial_arts	kung_fu,1boy,multiple_girls,1girl,solo
policeman	police,policewoman,bara,multiple_boys,2boys,male_focus,1boy,multiple_girls,1girl
body_switch	personality_switch,multiple_girls,2girls,1boy,1girl
beach_volleyball	multiple_girls,2girls,solo,1girl
sukeban	delinquent,multiple_girls,2girls,1girl,solo
waiter	waitress,multiple_boys,2boys,male_focus,1boy,multiple_girls,1girl,solo
housewife	1boy,1girl,solo
murder	death,multiple_boys,1boy,multiple_girls,2girls,1girl
holocouncil	holomyth,5girls,6+girls,virtual_youtuber,multiple_girls
mechanic	multiple_girls,solo,1girl
victorian_maid	maid,enmaided,multiple_girls,solo,1girl
disguise	multiple_girls,2girls,1boy,1girl,solo
party	6+girls,multiple_boys,multiple_girls
team_magma	team_magma_uniform,multiple_boys,multiple_girls,1girl,solo
train_conductor	twins,sisters,siblings,2girls,multiple_girls,1girl,solo
japan_self-defense_force	japan_ground_self-defense_force,military,multiple_girls,solo,1girl
kyuudou	multiple_girls,solo,1girl
graduation	multiple_girls,1girl,solo
himejoshi	yuri,3girls,multiple_girls
yandere_trance	yandere,solo,1girl
teamwork	military,multiple_boys,multiple_girls,2girls
witch_(madoka_magica)	magical_girl,multiple_girls,1girl,solo
year_of_the_rooster	chinese_zodiac,new_year,solo,1girl
accidental_pervert	hetero,1boy,2girls,multiple_girls,1girl
cowboy	cowboy_western,male_focus,1boy,solo,1girl
fighting_game	multiple_girls,2girls,1girl,solo
tea_party_(blue_archive)	3girls,multiple_girls
tour_guide	1girl,solo
tennis	multiple_girls,1girl,solo
time_stop	hetero,multiple_girls,1boy,2girls,1girl
yuki_onna	1girl,solo
priestess	multiple_girls,1girl,solo
rhythmic_gymnastics	gymnastics,solo,1girl
paradeus	multiple_girls,1girl,solo
lifeguard	bara,male_focus,1boy,solo,1girl
inner_senshi	sailor_senshi,magical_girl,5girls,multiple_girls,2girls
kappa	multiple_girls,1girl,solo
magical_boy	magical_girl,male_focus,1boy,multiple_girls,solo,1girl
slice_of_life	multiple_girls,2girls,1girl,solo
too_many_cats	1girl,solo
funeral_dress	multiple_girls,2girls,solo,1girl
seraph	male_focus,1boy,solo,1girl
ainu	1boy,1girl,solo
familiar	1girl,solo
grass_root_youkai_network	3girls,multiple_girls
monk	multiple_boys,male_focus,1boy,solo,1girl
mamemaki	setsubun,multiple_girls,2girls,1girl,solo
ero_guro	guro,hetero,1boy,multiple_girls,1girl,solo
super_saiyan_blue	super_saiyan,male_focus,multiple_boys,2boys,1boy,solo
implied_incest	brother_and_sister,siblings,1boy,hetero,multiple_girls,1girl,solo
primarch	male_focus,multiple_boys,1boy,solo,1girl
quintuplets	5girls,sisters,siblings,multiple_girls
tiger_i	military,multiple_girls,1girl,solo
virgin	hetero,1boy,multiple_girls,1girl,solo
dinosaur_costume	virtual_youtuber,multiple_girls,1girl,solo
u.n._spacy	science_fiction,military,no_humans,1boy,1girl
uncle_and_niece	siblings,multiple_boys,1boy,multiple_girls,1girl
for_adoption	multiple_girls,solo,1girl
5others	multiple_others,1girl
tiger_costume	year_of_the_tiger,chinese_zodiac,new_year,multiple_girls,solo,1girl
firefighter	firefighter_jacket,solo,1girl
queen	1girl,solo
mascot_costume	multiple_girls,1girl,solo
hololive_fantasy	5girls,virtual_youtuber,multiple_girls
italy	multiple_girls,solo,1girl
cowgirl_(western)	cowboy_western,1girl,solo
dj	multiple_girls,1girl,solo
hannya	solo,1girl
weight_gain	weight_conscious,1girl,solo
aunt_and_nephew	onee-shota,age_difference,1boy,hetero,multiple_girls,1girl
banchou	delinquent,multiple_girls,1girl,solo
kidnapping	1boy,multiple_girls,1girl
bakeneko	1girl,solo
fujoshi	multiple_boys,multiple_girls,1girl,solo
kung_fu	martial_arts,1girl,solo
team_magma_uniform	team_magma,1girl,solo
prisoner	1girl,solo
cashier	multiple_girls,1girl
rivalry	2girls,multiple_girls
will-o'-the-wisp_(mythology)	1girl,solo
amazon_warrior	1girl,solo
imperial_japanese_navy	military,no_humans,1girl
buddhist_nun	nun,multiple_girls,1girl,solo
oiran	solo,1girl
genie	1girl,solo
phantom_thief	1girl,solo
mother_and_child	1other,multiple_girls,1girl
half-siblings	siblings,sisters,multiple_boys,multiple_girls,2girls
russian_clothes	solo,1girl
spartan_(halo)	science_fiction,male_focus,1boy,solo,1girl
n_corp._fanatic_(identity)_(project_moon)	1boy,1girl
muscular_uke	yaoi,bara,couple,2boys,multiple_boys,male_focus
other_with_female	1other,1girl
dancer_(fire_emblem:_three_houses)	dancer,solo,1girl
indian	solo,1girl
firefighter_jacket	firefighter,solo,1girl
implied_prostitution	1girl,solo
kidnapped	multiple_girls,1girl
neet	1girl,solo
moth_antennae	solo,1girl
cannibalism	guro,1girl
grandmother_and_granddaughter	multiple_girls,2girls
newhalf_with_female	futa_without_pussy,futa_with_female,2girls,multiple_girls
forced	multiple_girls,1girl
tea_party	multiple_girls
mixed-sex_combat	femdom,hetero,1boy,1girl
alter_servant	dark_persona,solo,1girl
holox	5girls,virtual_youtuber,multiple_girls
carhop	waitress,multiple_girls,solo,1girl
maid_cafe	maid,multiple_girls,1girl
scientist	science_fiction,1girl
destroyer	personification,military,1girl,solo
conductor	solo,1girl
lion_dance	solo,1girl
marching_band	solo,1girl
jedi	1girl,solo
panda_costume	multiple_girls,1girl
soapland	hetero,1boy,1girl
grandmother_and_grandson	1boy,1girl
newhalf_with_male	futa_without_pussy,male_on_futa,1boy,1girl
yakuza	1boy,1girl
magic_trick	1girl
husky	1girl
shadow_(shadows_house)	2girls,multiple_girls
punishment	multiple_girls,1girl
sleepover	multiple_girls
straw_hat_pirates	6+boys,multiple_boys,2girls,multiple_girls
school_nurse	1girl,solo
griffin	1girl
transgender_flag	solo,1girl
human_dog	1girl
titan_(titanfall)	science_fiction,1girl
demon_costume	multiple_girls,1girl
japan_ground_self-defense_force	japan_self-defense_force,military,1girl
sith	solo,1girl
imperium_of_man	1girl
master_and_servant	maid,yuri,2girls,multiple_girls
ethereal_(zenless_zone_zero)	1girl
prince	
necromancer	1girl
undersized_animal	no_humans
bee_costume	1girl
mixed_maids	wa_maid,maid,multiple_girls,2girls
barmaid	solo,1girl
coach	1girl
cub	1girl
blacksmith	solo,1girl
togruta	1girl,solo
science	1girl
argentina	
king	
yuujo	solo,1girl
nakai_(waitress)	solo,1girl
husband_and_husband	yaoi,couple,2boys,multiple_boys,male_focus
legendary_super_saiyan	super_saiyan,male_focus
step-sisters	step-siblings,sisters,siblings,yuri,2girls,multiple_girls
shotadom	onee-shota,age_difference,multiple_boys,1girl
sumo	
netorase	hetero,1girl
male_harem	multiple_boys,1girl
reverse_ryona	femdom,hetero,1boy,1girl
shadaloo_dolls	solo,1girl
bimbofication	1girl
pink_cat	1girl
toucan	1girl
year_of_the_goat	chinese_zodiac,new_year,solo,1girl
grandfather_and_grandson	multiple_boys
gladiator	1girl
ravenclaw	
aquarius_(constellation)	solo,1girl
barbarian	1girl
food_costume	1girl
stormtrooper	
qi_maid	maid,1girl
dinosaur_hood	1girl
farmer	
fox_costume	multiple_girls
shinto	
mailman	1girl
croupier	solo,1girl
step-brother_and_step-sister	step-siblings,brother_and_sister,siblings,1boy,1girl
forced_partners	2girls,multiple_girls
german_army	military
quincy_(bleach)	
gangster	
mexican_clothes	
anglerfish_costume	
united_states_marine_corps	
antelope_horns	
armored_trooper	
organization_xiii	
bousouzoku	delinquent
paladin	
cupid	
caveman	
politician	
security_guard	
heian	
geisha	
gold_saint	
ninjutsu_research_club_(blue_archive)	multiple_girls
thief	
guide	
harlequin	
photographer	
zookeeper	
british_army	
cavalry	
mandalorian	
uncle_and_nephew	multiple_boys
dragoon	
plague_doctor	
combat_medic	
jockey	
