1girl	kono_lolicon_domome,mtu_virus,paizuri_invitation,solo,newhalf_with_male,other_with_female,hetero,heart-shaped_boob_challenge,mixed-sex_combat,anal_only,yandere_trance,tour_guide,mecha_musume,croupier,netorase,male_on_futa,race_queen,abuse,oppai_loli,yuujo,ainu,will-o'-the-wisp_(mythology),dancer,solo_focus,housewife,office_lady,jirai_kei,onee-shota,topless_female,rhythmic_gymnastics,valkyrie,virtual_youtuber,nontraditional_playboy_bunny,togruta,chikan,gymnastics,implied_prostitution,implied_pregnancy,instant_loss,pokephilia,prostitution,reverse_fellatio,cheerleader,knight_(chess),phantom_thief,borrowed_character,toddlercon,year_of_the_snake,bimbofication,dancer_(fire_emblem:_three_houses),k/da_(league_of_legends),cowgirl_(western),unconventional_maid,after_bathing,bunny_day,oiran,yuki_onna,year_of_the_rooster,creature_and_personification,gladiator,public_use,stripper,year_of_the_ox,sheikah,drugged,bride,netorare,goth_fashion,barmaid,self_cosplay,nurse,step-brother_and_step-sister,ancient_egyptian,year_of_the_tiger,gothic_lolita,futa_on_male,star_guardian_(league_of_legends),tennis,ballerina,ballet,chinese_zodiac,bakeneko,lolita_fashion,russian_clothes,moth_antennae,valentine,standard_bearer,cheating_(relationship),queen,soapland,priestess,teacher,witch,travel_attendant,slime_girl,kung_fu,team_magma_uniform,personification,interracial,year_of_the_goat
solo	kono_lolicon_domome,heart-shaped_boob_challenge,paizuri_invitation,yandere_trance,knight_(chess),yuujo,croupier,1girl,mecha_musume,dancer,rhythmic_gymnastics,dancer_(fire_emblem:_three_houses),race_queen,year_of_the_ox,bunny_day,nontraditional_playboy_bunny,self-harm,oiran,stripper,year_of_the_tiger,gathers,jirai_kei,barmaid,gymnastics,unconventional_maid,virtual_youtuber,chinese_zodiac,gothic_lolita,lolita_fashion,cheerleader,year_of_the_snake,year_of_the_goat,moth_antennae,valentine,shinsengumi,self_cosplay,aquarius_(constellation),nudist,russian_clothes,year_of_the_rooster,k/da_(league_of_legends),enmaided,year_of_the_rabbit,after_bathing,wa_maid,goth_fashion,valkyrie,standard_bearer,cat_day,tour_guide,ancient_egyptian,sweet_lolita,year_of_the_dragon,ballerina,new_year,ballet,nekomata,alter_servant,mechanic,borrowed_character,onmyouji,nazi,warrior,christmas,kyuudou,bakeneko,asian,summer,soccer,yuki_onna,idol,maid,seraph,witch,for_adoption,ninja,easter,waitress,miko,office_lady,nurse,victorian_maid,halloween,kitsune,magical_girl,magician,pirate,kyuubi,phantom_thief,tennis,kung_fu,indian,travel_attendant,winter,military_operator,marching_band,lifeguard,bride,hannya,cowboy_western
multiple_girls	2girls,3girls,4girls,5girls,6+girls,step-sisters,wife_and_wife,yuri,fff_threesome,onee-loli,ho-kago_tea_time,bisexual_female,sisters,newhalf_with_female,aunt_and_niece,team_9_(touhou),futa_with_female,harem,quintuplets,grandmother_and_granddaughter,game_development_department_(blue_archive),futa_with_futa,mother_and_daughter,triplets,grass_root_youkai_network,sexual_coaching,ninjutsu_research_club_(blue_archive),tea_party_(blue_archive),sleepover,holocouncil,mixed_maids,hololive_fantasy,master_and_servant,holomyth,everyone,himejoshi,absolutely_everyone,forced_partners,inner_senshi,holox,rivalry,shadow_(shadows_house),sailor_senshi,angel_and_devil,twins,in-franchise_crossover,fox_costume,clone,motherly,siblings,family,selfcest,party,straw_hat_pirates,friends,misunderstanding,prank,twincest,female_pervert,dual_persona,time_paradox,glutton,teamwork,cousins,multiple_persona,pervert,bullying,tea_party,futasub,clothes_theft,theft,zenra,incest,6+boys,look-alike,serval_print,kodomo_doushi,beach_volleyball,luna_nova_school_uniform,maid_cafe,half-siblings,female_butler,father_and_daughter,yukkuri_shiteitte_ne,tiger_i,disguise,role_reversal,personality_switch,time_stop,step-siblings,mamemaki,slice_of_life,playing,femdom,panda_costume,body_switch,rabbit_costume,punishment,festival,demon_costume
1boy	futa_on_male,step-brother_and_step-sister,mixed-sex_combat,hetero,onee-shota,newhalf_with_male,aunt_and_nephew,magical_boy,tentacles_on_male,brother_and_sister,husband_and_wife,sexual_coaching,male_on_futa,reverse_ryona,lolidom,bisexual_female,male_focus,harem,male_playboy_bunny,male_maid,grandmother_and_grandson,crossdressing,uncle_and_niece,father_and_daughter,instant_loss,salaryman,interracial,furry_with_non-furry,solo_focus,age_difference,sadism,cheating_(relationship),netorare,mother_and_son,bara,couple,groom,super_saiyan_4,accidental_pervert,femdom,interspecies,implied_incest,pokephilia,implied_yaoi,policeman,super_saiyan,soapland,spartan_(halo),chikan,furry_with_furry,reverse_fellatio,toddlercon,priest,super_saiyan_1,size_difference,waiter,prostitution,super_saiyan_blue,primarch,incest,abuse,n_corp._fanatic_(identity)_(project_moon),family,step-siblings,implied_after_sex,drugged,kodomo_doushi,anal_only,yakuza,butler,masked,teacher_and_student,time_stop,team_rocket,alternate_universe,alternate_form,body_switch,wedding,saiyan,wizard,cowboy,josou_seme,kidnapping,personality_switch,murder,role_reversal,misunderstanding,monk,twincest,cousins,doctor,clown,e.g.o_(project_moon),masochism,ryona,penis_size_difference,transformation,jester,otaku,oppai_loli
2girls	step-sisters,yuri,wife_and_wife,newhalf_with_female,onee-loli,bisexual_female,futa_with_female,sexual_coaching,futa_with_futa,shadow_(shadows_house),forced_partners,master_and_servant,sisters,mother_and_daughter,angel_and_devil,multiple_girls,twincest,selfcest,rivalry,twins,straw_hat_pirates,dual_persona,siblings,grandmother_and_granddaughter,futasub,cousins,incest,mixed_maids,friends,family,time_paradox,female_pervert,kodomo_doushi,aunt_and_niece,pervert,motherly,step-siblings,in-franchise_crossover,prank,look-alike,role_reversal,femdom,luna_nova_school_uniform,clothes_theft,misunderstanding,serval_print,personality_switch,father_and_daughter,teamwork,sailor_senshi,train_conductor,half-siblings,theft,body_switch,crisis_management_form_(machimazo),female_butler,teacher_and_student,glutton,futa_without_pussy,couple,implied_yuri,inkling,bullying,octoling,ryona,masochism,mother_and_son,yukkuri_shiteitte_ne,groom,time_stop,inner_senshi,sick,wedding,clone,furry_with_furry,age_difference,playing,lolidom,chimera,fighting_game,disguise,accidental_pervert,murder,slice_of_life,rabbit_costume,mamemaki,tsundere,strong,hyur,size_difference,confession,vore,funeral_dress,husband_and_wife,beach_volleyball,bartender,dominatrix,summer_festival,accident,sadism
hetero	onee-shota,reverse_fellatio,chikan,netorare,interracial,cheating_(relationship),sexual_coaching,netorase,lolidom,furry_with_non-furry,instant_loss,pokephilia,harem,interspecies,solo_focus,abuse,age_difference,reverse_ryona,mixed-sex_combat,toddlercon,couple,sadism,prostitution,femdom,bisexual_female,furry_with_furry,husband_and_wife,soapland,drugged,1boy,kodomo_doushi,incest,anal_only,groom,captured,aunt_and_nephew,public_use,josou_seme,humiliation,3boys,boy_sandwich,accidental_pervert,ero_guro,size_difference,twincest,4boys,slave,time_stop,5boys,implied_incest,ryona,teacher_and_student,oppai_loli,drugs,wedding,virgin,mother_and_son,masochism,brother_and_sister,multiple_boys,implied_after_sex,torture,implied_pregnancy,dominatrix,2boys,topless_female,sheikah,6+boys,father_and_daughter,cousins,teacher,role_reversal,warrior_(dq3),slime_girl,borrowed_character,bride,selfcest,triplets,doctor,exhausted,k/da_(league_of_legends),family,nurse,native_american,pervert,priest,nun,sangvis_ferri,corruption,mother_and_daughter,tsundere,siblings,princess,1girl,team_rocket,twins,female_pervert,clone,ancient_egyptian,cheerleader
virtual_youtuber	holocouncil,hololive_fantasy,holox,holomyth,detective,jirai_kei,mascot,dinosaur_costume,pirate,wa_maid,idol,nurse,objectification,goth_fashion,tanuki,twins,bunny_day,gothic_lolita,astronaut,yandere,summer_festival,princess,lolita_fashion,topless_female,nun,delinquent,5girls,unconventional_maid,enmaided,summer,nontraditional_playboy_bunny,interracial,anniversary,cat_day,cowboy_western,instant_loss,solo,1girl,policewoman,6+others,police,dark_persona,solo_focus,selfcest,clothed_animal,valentine,maid,multiple_others,nontraditional_miko,office_lady,halloween,wife_and_wife,christmas,horror_(theme),sisters,samurai,dual_persona,fusion,cheerleader,winter,2others,hetero,bisexual_female,yuri,2girls,multiple_girls,mother_and_daughter,futa_with_female,multiple_persona,1other,year_of_the_rabbit,clone,witch,year_of_the_tiger,female_pervert,3girls,new_year,6+girls,humiliation,everyone,wedding,4girls,pervert,bride,siblings,people,transformation,chinese_zodiac,slime_girl,teacher,1boy,4boys,miko,netorare,dancer,race_queen,crossdressing,tsundere,shiny_pokemon,oppai_loli
solo_focus	chikan,reverse_fellatio,hetero,male_on_futa,people,abuse,interracial,furry_with_non-furry,pokephilia,prostitution,interspecies,anal_only,humiliation,lolidom,captured,netorare,cheating_(relationship),public_use,1boy,toddlercon,3boys,6+others,mmm_threesome,4boys,instant_loss,drugged,1other,sadism,penis_size_difference,multiple_others,5boys,ryona,femdom,oppai_loli,slave,torture,furry_with_furry,multiple_boys,yaoi,2others,drugs,masochism,2boys,size_difference,futasub,6+boys,age_difference,stripper,topless_female,futa_on_male,death,futa_without_pussy,borrowed_character,sangvis_ferri,teacher,festival,guro,onee-shota,bara,slime_girl,nurse,dominatrix,futa_with_female,office_lady,pervert,cheerleader,male_playboy_bunny,jiangshi,female_pervert,incest,soldier,police,nun,policewoman,1girl,princess,wedding,corruption,yandere,virtual_youtuber,crossdressing,bangboo_(zenless_zone_zero),ancient_egyptian,bride,pirate,tsundere,waitress,male_focus,clothed_pokemon,knight,kitsune,ninja,idol,brother_and_sister,3girls,maid,race_queen,miko,dancer,jirai_kei
male_focus	bara,muscular_uke,mmm_threesome,yaoi,onii-shota,husband_and_husband,implied_yaoi,male_maid,super_saiyan_4,tentacles_on_male,male_playboy_bunny,super_saiyan_blue,super_saiyan_1,crossdressing,super_saiyan,josou_seme,legendary_super_saiyan,saiyan,primarch,brothers,2boys,magical_boy,boy_sandwich,penis_size_difference,salaryman,spartan_(halo),father_and_son,multiple_boys,policeman,waiter,masked,cowboy,lifeguard,priest,wizard,alternate_form,monk,1boy,seraph,4boys,samurai,3boys,clown,e.g.o_(project_moon),5boys,teacher_and_student,alternate_universe,furry_with_furry,hyur,alternate_species,knight,6+boys,onmyouji,suicide,transformation,doctor,furry_with_non-furry,animification,size_difference,shinsengumi,butler,selfcest,self-harm,death,humanization,possessed,guro,couple,interspecies,time_paradox,otaku,dark_aura,pirate,asian,multiple_persona,team_rocket,chef,oversized_animal,year_of_the_dragon,dual_persona,soldier,cowboy_western,horror_(theme),surreal,kodomo_doushi,interracial,ninja,dark_persona,fusion,friends,clone,in-franchise_crossover,ancient_egyptian,people,clothed_pokemon,science_fiction,6+others,police,enmaided,year_of_the_tiger
multiple_boys	2boys,3boys,4boys,5boys,6+boys,husband_and_husband,male_harem,mmm_threesome,boy_sandwich,onii-shota,yaoi,muscular_uke,grandfather_and_grandson,brothers,uncle_and_nephew,father_and_son,straw_hat_pirates,josou_seme,shotadom,absolutely_everyone,penis_size_difference,everyone,super_saiyan_blue,implied_yaoi,super_saiyan_1,policeman,half-siblings,saiyan,super_saiyan_4,bara,chikan,family,reverse_fellatio,waiter,mother_and_son,super_saiyan,salaryman,party,male_maid,captured,male_playboy_bunny,uncle_and_niece,primarch,fujoshi,father_and_daughter,male_focus,teacher_and_student,netorare,crossdressing,alternate_universe,furry_with_furry,interracial,interspecies,teamwork,friends,bisexual_female,priest,time_paradox,humiliation,furry_with_non-furry,monk,soldier,war,masked,cheating_(relationship),butler,wizard,public_use,abuse,tentacles_on_male,murder,hyur,in-franchise_crossover,team_magma,husband_and_wife,step-siblings,brother_and_sister,size_difference,team_rocket,clown,zenra,decepticon,drugged,multiple_persona,male_on_futa,death,kodomo_doushi,chef,people,otaku,6+girls,prostitution,mummy,knight,doctor,anniversary,alternate_form,selfcest,dual_persona,age_difference
yuri	wife_and_wife,step-sisters,onee-loli,himejoshi,fff_threesome,selfcest,twincest,master_and_servant,incest,kodomo_doushi,femdom,female_pervert,pervert,couple,step-siblings,angel_and_devil,groom,teacher_and_student,wedding,harem,2girls,luna_nova_school_uniform,crisis_management_form_(machimazo),confession,furry_with_furry,aunt_and_niece,multiple_girls,role_reversal,dominatrix,masochism,age_difference,cousins,lolidom,misunderstanding,sisters,chimera,tsundere,bride,interspecies,mother_and_daughter,native_american,clone,slave,siblings,twins,3girls,serval_print,ryona,interracial,cheating_(relationship),hyur,humiliation,dual_persona,valentine,yandere,in-franchise_crossover,time_paradox,slime_girl,size_difference,4girls,family,princess,alternate_universe,furry_with_non-furry,5girls,magical_girl,octoling,sailor,inkling,transformation,6+girls,multiple_persona,netorare,borrowed_character,nontraditional_miko,teacher,humanization,dark_persona,animification,policewoman,nurse,military,miko,instant_loss,maid,office_lady,pokephilia,christmas,virtual_youtuber,nekomata,police,goth_fashion,winter,jiangshi,everyone,witch,nun,halloween,waitress,personification
3girls	fff_threesome,grass_root_youkai_network,tea_party_(blue_archive),triplets,himejoshi,aunt_and_niece,harem,multiple_persona,misunderstanding,motherly,prank,family,bullying,mother_and_daughter,glutton,multiple_girls,clone,in-franchise_crossover,friends,sexual_coaching,female_pervert,sisters,theft,time_paradox,pervert,futa_with_female,futa_with_futa,yukkuri_shiteitte_ne,bisexual_female,5boys,onee-loli,3boys,siblings,festival,angel_and_devil,setsubun,look-alike,bangboo_(zenless_zone_zero),implied_yuri,father_and_daughter,butler,4boys,dark_aura,delinquent,exhausted,people,6+boys,anniversary,twins,serval_print,nekomata,karakasa_obake,role_reversal,yuri,humiliation,idol,wife_and_wife,cousins,dual_persona,femdom,mother_and_son,tsundere,military,multiple_boys,slave,nontraditional_miko,everyone,kodomo_doushi,kyuubi,sailor,alternate_universe,jiangshi,sangvis_ferri,waitress,kitsune,selfcest,netorare,policewoman,death,yandere,cheating_(relationship),halloween,police,age_difference,soldier,incest,new_year,nun,brother_and_sister,wa_maid,miko,witch,transformation,multiple_others,father_and_son,maid,christmas,summer,husband_and_wife,slime_girl
2boys	muscular_uke,husband_and_husband,yaoi,onii-shota,multiple_boys,father_and_son,brothers,josou_seme,boy_sandwich,implied_yaoi,penis_size_difference,bara,reverse_fellatio,male_maid,mother_and_son,family,salaryman,policeman,male_focus,male_playboy_bunny,super_saiyan_blue,super_saiyan_1,furry_with_furry,crossdressing,super_saiyan_4,super_saiyan,netorare,teacher_and_student,waiter,furry_with_non-furry,father_and_daughter,bisexual_female,interspecies,friends,alternate_universe,interracial,tentacles_on_male,chikan,size_difference,time_paradox,cheating_(relationship),kodomo_doushi,husband_and_wife,abuse,selfcest,priest,couple,butler,hyur,brother_and_sister,humiliation,doctor,dual_persona,age_difference,death,pokephilia,alternate_form,chef,ryona,prostitution,cousins,in-franchise_crossover,animification,team_rocket,onee-shota,people,knight,siblings,instant_loss,slave,e.g.o_(project_moon),soldier,look-alike,solo_focus,clone,mother_and_daughter,transformation,incest,wedding,twins,anniversary,samurai,police,multiple_others,hetero,everyone,bangboo_(zenless_zone_zero),guro,humanization,pirate,2others,ninja,4girls,dark_persona,teacher,3girls,pervert,science_fiction,6+girls,horror_(theme)
maid	enmaided,male_maid,mixed_maids,qi_maid,unconventional_maid,victorian_maid,wa_maid,maid_cafe,master_and_servant,butler,female_butler,game_development_department_(blue_archive),crossdressing,bangboo_(zenless_zone_zero),waitress,sangvis_ferri,twins,6+girls,everyone,sisters,clothed_pokemon,siblings,5girls,valentine,multiple_persona,4girls,3girls,multiple_girls,yukkuri_shiteitte_ne,lolita_fashion,clone,female_pervert,pervert,2girls,gothic_lolita,femdom,yandere,nurse,virtual_youtuber,borrowed_character,nekomata,solo,1girl,dual_persona,futa_with_female,yuri,6+boys,kitsune,anniversary,age_difference,solo_focus,miko,onee-shota,1boy,5boys,multiple_boys,3boys,4boys,multiple_others,1other,2boys,hetero,male_focus,witch,incest,halloween,size_difference,yaoi,brother_and_sister,nun,nontraditional_miko,mother_and_daughter,interracial,personification,couple,new_year,military,christmas,science_fiction,magical_girl
siblings	brother_and_sister,brothers,sisters,step-sisters,twincest,twins,quintuplets,step-siblings,step-brother_and_step-sister,half-siblings,game_development_department_(blue_archive),incest,implied_incest,aunt_and_niece,triplets,uncle_and_niece,train_conductor,family,father_and_son,mother_and_son,absolutely_everyone,father_and_daughter,mother_and_daughter,kodomo_doushi,bisexual_female,fff_threesome,everyone,husband_and_wife,alternate_universe,time_paradox,harem,cousins,onee-shota,6+boys,2girls,age_difference,bangboo_(zenless_zone_zero),multiple_girls,onee-loli,6+girls,futa_with_futa,5girls,clone,3girls,4girls,4boys,multiple_boys,5boys,2boys,anniversary,3boys,futa_with_female,femdom,wife_and_wife,yuri,wa_maid,pervert,female_pervert,crossdressing,maid,lolita_fashion,1boy,2others,multiple_others,animification,gothic_lolita,multiple_persona,winter,halloween,dual_persona,christmas,new_year,idol,summer,nekomata,couple,kitsune,bride,hetero,enmaided,size_difference,miko,police,ninja,waitress,nun,valentine,military,yaoi,witch,chinese_zodiac,male_focus,nurse,cheerleader,personification,interracial,virtual_youtuber,1other,borrowed_character,solo_focus
4girls	game_development_department_(blue_archive),team_9_(touhou),ho-kago_tea_time,harem,triplets,multiple_persona,clone,in-franchise_crossover,4boys,5boys,multiple_girls,everyone,glutton,festival,family,6+boys,anniversary,female_pervert,pervert,serval_print,mother_and_daughter,sisters,yukkuri_shiteitte_ne,twins,time_paradox,nontraditional_miko,siblings,3boys,people,multiple_boys,futa_with_female,octoling,alternate_universe,onee-loli,nun,tsundere,nekomata,death,military,jiangshi,father_and_daughter,karakasa_obake,waitress,idol,summer,brother_and_sister,dual_persona,halloween,yandere,new_year,kyuubi,femdom,yuri,multiple_others,inkling,winter,2boys,kitsune,knight,witch,maid,magical_girl,miko,enmaided,size_difference,police,ninja,christmas,age_difference,valentine,gothic_lolita,1other,chinese_zodiac,nurse,lolita_fashion,personification,cheerleader,onee-shota,crossdressing,incest,1boy,virtual_youtuber,office_lady,solo_focus,science_fiction,couple,borrowed_character,hetero
military	japan_ground_self-defense_force,japan_self-defense_force,destroyer,tiger_i,german_army,imperial_japanese_navy,soldier,pilot,nazi,war,u.n._spacy,military_operator,united_states,teamwork,mecha_musume,science_fiction,sailor,nontraditional_miko,6+girls,personification,tsundere,6+boys,5girls,everyone,death,no_humans,4girls,multiple_others,yandere,5boys,pervert,3girls,female_pervert,2others,winter,multiple_girls,multiple_persona,size_difference,police,1boy,anniversary,valentine,2girls,4boys,multiple_boys,3boys,couple,mother_and_daughter,dual_persona,femdom,yuri,kitsune,sisters,2boys,onee-shota,siblings,1girl,age_difference,solo,male_focus,1other,hetero,solo_focus,new_year,crossdressing,borrowed_character,lolita_fashion,christmas,bara,maid,yaoi,magical_girl,virtual_youtuber
no_humans	animal_focus,undersized_animal,evolutionary_line,decepticon,imperial_japanese_navy,u.n._spacy,science_fiction,clothed_animal,objectification,clothed_pokemon,evangelion_(mecha),shiny_pokemon,fusion,eldritch_abomination,war,mega_pokemon,chimera,horror_(theme),surreal,oversized_animal,yukkuri_shiteitte_ne,alternate_form,transformation,multiple_others,2others,winter,military,summer,everyone,size_difference,chinese_zodiac,halloween,solo,christmas,1other,multiple_boys,virtual_youtuber,2boys,male_focus,solo_focus,1boy,multiple_girls,2girls,1girl
6+girls	absolutely_everyone,everyone,holocouncil,party,6+boys,team_9_(touhou),harem,clone,multiple_persona,sailor_senshi,holomyth,in-franchise_crossover,glutton,ho-kago_tea_time,festival,anniversary,sailor,karakasa_obake,yukkuri_shiteitte_ne,5boys,sangvis_ferri,nontraditional_miko,jiangshi,4boys,multiple_girls,time_paradox,serval_print,cousins,sisters,nun,multiple_boys,twins,people,brothers,siblings,mother_and_daughter,father_and_daughter,military,dual_persona,father_and_son,family,female_pervert,soldier,idol,pervert,slime_girl,teacher,death,miko,nekomata,mother_and_son,maid,multiple_others,3boys,2others,tsundere,witch,gothic_lolita,magical_girl,lolita_fashion,ninja,waitress,brother_and_sister,knight,kyuubi,personification,police,husband_and_wife,kitsune,nurse,summer,size_difference,new_year,policewoman,halloween,octoling,christmas,inkling,age_difference,winter,animification,cheerleader,dark_persona,1other,futa_with_female,femdom,2boys,valentine,yuri,mecha_musume,crossdressing,enmaided,chinese_zodiac,office_lady,science_fiction,borrowed_character,virtual_youtuber,1boy,couple,solo_focus
sisters	step-sisters,quintuplets,game_development_department_(blue_archive),twins,siblings,twincest,incest,step-siblings,aunt_and_niece,half-siblings,triplets,train_conductor,family,fff_threesome,mother_and_daughter,bisexual_female,everyone,father_and_daughter,2girls,harem,onee-loli,kodomo_doushi,multiple_girls,brothers,6+girls,brother_and_sister,5girls,clone,3girls,4girls,futa_with_female,wife_and_wife,yuri,time_paradox,wa_maid,mother_and_son,age_difference,female_pervert,maid,femdom,pervert,husband_and_wife,lolita_fashion,6+boys,nekomata,anniversary,kitsune,gothic_lolita,halloween,christmas,miko,summer,enmaided,new_year,4boys,valentine,nun,military,couple,3boys,virtual_youtuber,cheerleader,dual_persona,multiple_boys,size_difference,hetero,personification,1boy,interracial,2boys,1other,magical_girl,solo_focus,1girl
1other	other_with_female,mother_and_child,astronaut,eldritch_abomination,e.g.o_(project_moon),horror_(theme),knight,bangboo_(zenless_zone_zero),surreal,oversized_animal,death,mega_pokemon,guro,humanization,solo_focus,furry_with_non-furry,size_difference,shiny_pokemon,everyone,6+boys,interspecies,science_fiction,animal_focus,anniversary,4boys,personification,winter,5boys,animification,kitsune,6+girls,3boys,dual_persona,multiple_boys,4girls,3girls,2boys,witch,nun,brother_and_sister,5girls,1boy,halloween,male_focus,multiple_girls,enmaided,virtual_youtuber,crossdressing,valentine,christmas,borrowed_character,military,1girl,maid,lolita_fashion,siblings,2girls,bara,sisters,couple,magical_girl,solo,no_humans,hetero,yuri
magical_girl	sailor_senshi,inner_senshi,witch_(madoka_magica),magical_boy,star_guardian_(league_of_legends),henshin,self_cosplay,in-franchise_crossover,corruption,transformation,female_pervert,dark_persona,pervert,look-alike,5girls,dual_persona,time_paradox,multiple_persona,everyone,6+girls,anniversary,multiple_girls,4girls,2girls,witch,yuri,3girls,crossdressing,lolita_fashion,femdom,personification,solo,6+boys,1girl,couple,3boys,solo_focus,sisters,multiple_boys,siblings,hetero,1boy,1other,2boys,military,maid,virtual_youtuber,male_focus
couple	husband_and_husband,groom,muscular_uke,husband_and_wife,wedding,wife_and_wife,yaoi,furry_with_furry,bara,bride,family,twincest,yuri,alternate_universe,hetero,father_and_son,furry_with_non-furry,interspecies,onee-loli,2boys,size_difference,incest,alternate_form,father_and_daughter,interracial,mother_and_son,1boy,tsundere,multiple_boys,mother_and_daughter,age_difference,winter,male_focus,2girls,animification,brother_and_sister,valentine,multiple_girls,femdom,crossdressing,twins,6+boys,siblings,military,christmas,office_lady,3boys,4boys,sisters,borrowed_character,dual_persona,science_fiction,1girl,halloween,6+girls,magical_girl,4girls,3girls,5girls,1other,virtual_youtuber,solo_focus,maid
3boys	mmm_threesome,boy_sandwich,multiple_boys,father_and_son,brothers,family,yaoi,super_saiyan,mother_and_son,netorare,humiliation,interracial,father_and_daughter,alternate_universe,everyone,multiple_persona,cheating_(relationship),soldier,time_paradox,prostitution,interspecies,bara,crossdressing,onee-shota,slave,male_focus,brother_and_sister,death,people,clone,hetero,solo_focus,age_difference,furry_with_non-furry,husband_and_wife,knight,anniversary,3girls,animification,2others,multiple_others,size_difference,4girls,5girls,dual_persona,siblings,6+girls,ninja,police,mother_and_daughter,twins,science_fiction,multiple_girls,1other,incest,nun,military,office_lady,halloween,2girls,christmas,couple,borrowed_character,sisters,personification,enmaided,maid,1girl,magical_girl,virtual_youtuber,yuri
5girls	quintuplets,holox,holomyth,ho-kago_tea_time,hololive_fantasy,holocouncil,inner_senshi,team_9_(touhou),game_development_department_(blue_archive),sailor_senshi,harem,everyone,multiple_persona,clone,5boys,6+boys,anniversary,multiple_girls,in-franchise_crossover,magical_girl,female_pervert,sisters,4boys,pervert,twins,siblings,nun,mother_and_daughter,3boys,military,nontraditional_miko,waitress,jiangshi,idol,multiple_boys,winter,new_year,miko,summer,halloween,maid,futa_with_female,christmas,multiple_others,gothic_lolita,kitsune,dual_persona,brother_and_sister,lolita_fashion,witch,size_difference,virtual_youtuber,yuri,nurse,femdom,personification,enmaided,valentine,cheerleader,age_difference,2boys,1other,crossdressing,1boy,science_fiction,solo_focus,couple,hetero
yaoi	mmm_threesome,husband_and_husband,muscular_uke,onii-shota,josou_seme,penis_size_difference,bara,boy_sandwich,2boys,furry_with_furry,tentacles_on_male,multiple_boys,teacher_and_student,male_playboy_bunny,furry_with_non-furry,implied_yaoi,salaryman,male_focus,selfcest,crossdressing,couple,interspecies,male_maid,size_difference,interracial,kodomo_doushi,brothers,father_and_son,3boys,4boys,hyur,age_difference,5boys,pokephilia,incest,6+boys,clone,solo_focus,animification,dual_persona,borrowed_character,christmas,enmaided,siblings,maid,military,virtual_youtuber,yuri,1boy,multiple_girls,hetero,2girls,1girl,solo
christmas	winter,bara,6+girls,5girls,mother_and_daughter,3girls,twins,sisters,4girls,siblings,multiple_girls,2girls,brother_and_sister,4boys,couple,new_year,3boys,solo,multiple_boys,1girl,2boys,yaoi,virtual_youtuber,crossdressing,yuri,1boy,1other,male_focus,solo_focus,age_difference,hetero,no_humans,military,maid
bara	muscular_uke,mmm_threesome,tentacles_on_male,yaoi,salaryman,lifeguard,implied_yaoi,boy_sandwich,onii-shota,policeman,male_focus,male_playboy_bunny,furry_with_furry,teacher_and_student,furry_with_non-furry,2boys,hyur,interspecies,penis_size_difference,size_difference,couple,multiple_boys,father_and_son,interracial,3boys,4boys,5boys,1boy,humanization,6+boys,police,chinese_zodiac,age_difference,crossdressing,incest,summer,christmas,solo_focus,borrowed_character,halloween,new_year,valentine,personification,solo,1other,military,siblings,virtual_youtuber,1girl,multiple_girls
science_fiction	evangelion_(mecha),titan_(titanfall),u.n._spacy,decepticon,spartan_(halo),scientist,pilot,no_humans,war,astronaut,fusion,mecha_musume,soldier,animification,transformation,military,humanization,alternate_universe,multiple_others,police,2others,size_difference,6+boys,5boys,1other,personification,4boys,3boys,multiple_boys,2boys,male_focus,dual_persona,6+girls,1boy,couple,solo,5girls,3girls,1girl,multiple_girls,4girls,2girls,solo_focus,siblings,virtual_youtuber,yuri,maid,hetero
age_difference	onee-loli,onee-shota,onii-shota,shotadom,aunt_and_nephew,teacher_and_student,lolidom,toddlercon,penis_size_difference,mother_and_son,incest,size_difference,futa_on_male,time_paradox,femdom,mother_and_daughter,harem,fff_threesome,furry_with_furry,cheating_(relationship),futa_with_female,father_and_daughter,prostitution,brother_and_sister,teacher,netorare,hetero,father_and_son,interracial,yaoi,pervert,female_pervert,family,pokephilia,siblings,1boy,yuri,3boys,5boys,2boys,4boys,multiple_boys,interspecies,everyone,sisters,couple,bara,6+boys,nun,solo_focus,dual_persona,2girls,crossdressing,multiple_girls,3girls,6+girls,borrowed_character,4girls,twins,5girls,male_focus,1girl,military,maid,christmas,virtual_youtuber
dual_persona	selfcest,time_paradox,dark_persona,clone,angel_and_devil,everyone,super_saiyan,2others,alternate_form,transformation,corruption,6+boys,humanization,multiple_persona,multiple_others,2girls,magical_girl,2boys,anniversary,multiple_girls,multiple_boys,6+girls,animification,mother_and_daughter,4boys,3boys,5boys,size_difference,futa_with_female,brother_and_sister,personification,yaoi,3girls,crossdressing,age_difference,gothic_lolita,yuri,4girls,male_focus,lolita_fashion,5girls,1other,siblings,twins,nun,enmaided,science_fiction,military,maid,1boy,couple,virtual_youtuber,sisters,hetero,solo_focus,1girl,solo
halloween	sheet_ghost,mummy,witch,jiangshi,nurse,nun,inkling,gothic_lolita,6+girls,4girls,5girls,lolita_fashion,3girls,twins,sisters,crossdressing,multiple_girls,siblings,2girls,bara,multiple_boys,3boys,2boys,virtual_youtuber,solo,1girl,1other,male_focus,yuri,couple,1boy,no_humans,maid,solo_focus,hetero
personification	creature_and_personification,destroyer,mecha_musume,shiny_pokemon,humanization,mega_pokemon,animification,slime_girl,furry_with_non-furry,interspecies,military,size_difference,borrowed_character,dual_persona,6+girls,science_fiction,1other,lolita_fashion,5girls,male_focus,4girls,3girls,multiple_girls,bara,1girl,magical_girl,1boy,solo,2girls,multiple_boys,3boys,2boys,siblings,sisters,solo_focus,yuri,hetero,maid,virtual_youtuber
enmaided	male_maid,victorian_maid,maid,unconventional_maid,butler,wa_maid,crossdressing,waitress,valentine,4girls,sisters,3girls,male_focus,virtual_youtuber,dual_persona,5girls,twins,siblings,multiple_girls,6+girls,2girls,solo,2boys,1girl,yaoi,multiple_boys,3boys,1other,1boy,solo_focus,yuri,hetero
crossdressing	male_maid,male_playboy_bunny,josou_seme,female_butler,butler,yaoi,enmaided,male_focus,penis_size_difference,2boys,multiple_boys,maid,brothers,brother_and_sister,4boys,3boys,bride,5boys,1boy,6+boys,gothic_lolita,femdom,lolita_fashion,waitress,nurse,cheerleader,twins,everyone,nun,bara,incest,siblings,dual_persona,age_difference,interracial,size_difference,couple,halloween,6+girls,magical_girl,solo_focus,4girls,christmas,5girls,1other,solo,hetero,3girls,multiple_girls,virtual_youtuber,military,2girls,yuri,1girl
lolita_fashion	gothic_lolita,sweet_lolita,goth_fashion,everyone,crossdressing,dark_persona,twins,6+girls,sisters,witch,siblings,halloween,dual_persona,personification,virtual_youtuber,5girls,maid,multiple_girls,magical_girl,4girls,solo,2girls,3girls,1girl,1other,multiple_boys,yuri,1boy,2boys,male_focus,solo_focus,military,hetero
twins	twincest,game_development_department_(blue_archive),sisters,siblings,train_conductor,brother_and_sister,incest,brothers,mother_and_son,kodomo_doushi,everyone,family,mother_and_daughter,2girls,multiple_girls,anniversary,5girls,6+girls,maid,4girls,lolita_fashion,6+boys,crossdressing,idol,3girls,yuri,femdom,2boys,multiple_boys,gothic_lolita,virtual_youtuber,3boys,1boy,halloween,christmas,couple,dual_persona,age_difference,enmaided,hetero,male_focus,solo_focus,1girl
nun	buddhist_nun,priest,6+girls,everyone,borrowed_character,5girls,onee-shota,crossdressing,halloween,4girls,6+boys,age_difference,4boys,3girls,virtual_youtuber,multiple_girls,dual_persona,hetero,multiple_boys,3boys,solo_focus,1boy,1other,2boys,sisters,1girl,solo,siblings,2girls,male_focus,yuri,maid
nontraditional_miko	6+girls,miko,military,4girls,kitsune,5girls,new_year,multiple_girls,3girls,valentine,2girls,yuri,virtual_youtuber,solo,1girl,1boy,maid,solo_focus,hetero,multiple_boys
borrowed_character	oppai_loli,interspecies,interracial,nun,futa_with_female,femdom,personification,hetero,solo_focus,age_difference,yaoi,bara,yuri,1boy,1girl,maid,solo,multiple_boys,2girls,couple,3boys,2boys,multiple_girls,6+girls,1other,3girls,male_focus,4girls,military,siblings,virtual_youtuber
interracial	netorare,abuse,cheating_(relationship),penis_size_difference,bisexual_female,instant_loss,yaoi,humiliation,prostitution,hetero,size_difference,3boys,bara,5boys,age_difference,solo_focus,2boys,multiple_boys,4boys,futa_with_female,onee-shota,femdom,1boy,borrowed_character,couple,6+boys,interspecies,yuri,male_focus,crossdressing,virtual_youtuber,2girls,1girl,multiple_girls,siblings,3girls,sisters,maid
brother_and_sister	step-brother_and_step-sister,step-siblings,implied_incest,twincest,incest,siblings,mother_and_son,brothers,twins,father_and_son,family,father_and_daughter,mother_and_daughter,kodomo_doushi,bangboo_(zenless_zone_zero),onee-shota,husband_and_wife,alternate_universe,age_difference,time_paradox,6+boys,everyone,crossdressing,4boys,anniversary,1boy,5boys,multiple_boys,2boys,3boys,sisters,animification,femdom,hetero,6+girls,dual_persona,couple,4girls,3girls,5girls,multiple_girls,2girls,christmas,1other,1girl,solo_focus,maid,male_focus
new_year	year_of_the_goat,year_of_the_rooster,year_of_the_tiger,chinese_zodiac,year_of_the_ox,year_of_the_snake,year_of_the_rabbit,year_of_the_dragon,tiger_costume,miko,winter,nontraditional_miko,5girls,6+girls,4girls,3girls,multiple_girls,sisters,siblings,2girls,bara,christmas,solo,1girl,multiple_boys,2boys,virtual_youtuber,military,male_focus,1boy,yuri,solo_focus,maid,hetero
valentine	tsundere,enmaided,couple,yuri,maid,nontraditional_miko,military,6+girls,4girls,5girls,3girls,multiple_girls,2girls,bara,solo,virtual_youtuber,1girl,sisters,siblings,1other,1boy,male_focus,2boys,multiple_boys,solo_focus,hetero
4boys	multiple_boys,brothers,father_and_son,everyone,multiple_persona,yaoi,family,netorare,interracial,4girls,brother_and_sister,crossdressing,animification,6+girls,bara,interspecies,male_focus,5girls,onee-shota,anniversary,age_difference,solo_focus,hetero,size_difference,multiple_others,siblings,dual_persona,3girls,multiple_girls,1other,science_fiction,nun,military,sisters,2girls,christmas,couple,maid,virtual_youtuber,1girl
6+boys	straw_hat_pirates,absolutely_everyone,everyone,brothers,war,father_and_son,6+girls,multiple_boys,soldier,in-franchise_crossover,multiple_persona,anniversary,super_saiyan,father_and_daughter,people,knight,time_paradox,clone,family,mother_and_son,death,ninja,husband_and_wife,brother_and_sister,5girls,dual_persona,multiple_others,animification,police,4girls,siblings,interspecies,yaoi,crossdressing,mother_and_daughter,interracial,bara,science_fiction,male_focus,twins,size_difference,multiple_girls,military,1other,3girls,age_difference,nun,solo_focus,sisters,hetero,couple,magical_girl,2girls,maid,virtual_youtuber,1girl
size_difference	onii-shota,vore,penis_size_difference,interspecies,onee-shota,age_difference,onee-loli,furry_with_non-furry,yaoi,pokephilia,bara,futa_with_female,interracial,femdom,2boys,couple,multiple_boys,multiple_others,incest,science_fiction,hetero,1other,4boys,6+boys,3boys,mother_and_daughter,1boy,male_focus,personification,dual_persona,solo_focus,6+girls,yuri,2girls,crossdressing,multiple_girls,military,no_humans,4girls,5girls,3girls,siblings,sisters,1girl,maid,virtual_youtuber,solo
cheerleader	crossdressing,6+girls,solo_focus,3girls,5girls,solo,4girls,1girl,hetero,multiple_girls,sisters,virtual_youtuber,2girls,1boy,siblings,multiple_boys,2boys,male_focus,yuri
miko	new_year,kitsune,chinese_zodiac,nontraditional_miko,6+girls,5girls,3girls,4girls,multiple_girls,sisters,2girls,siblings,solo,yuri,1girl,maid,solo_focus,multiple_boys,hetero,1boy,virtual_youtuber,2boys,male_focus
office_lady	salaryman,teacher,solo_focus,3boys,1girl,couple,virtual_youtuber,hetero,1boy,solo,6+girls,multiple_boys,3girls,yuri,multiple_girls,2boys,2girls,4girls
witch	luna_nova_school_uniform,halloween,6+girls,lolita_fashion,4girls,3girls,5girls,magical_girl,multiple_girls,1other,2girls,1girl,solo,multiple_boys,siblings,virtual_youtuber,yuri,maid,2boys,solo_focus,1boy,hetero
gothic_lolita	lolita_fashion,goth_fashion,everyone,crossdressing,6+girls,twins,halloween,dual_persona,virtual_youtuber,5girls,sisters,siblings,maid,4girls,multiple_girls,solo,3girls,1girl,2girls,multiple_boys,1boy,yuri,solo_focus,2boys,hetero,male_focus
femdom	lolidom,sadism,reverse_ryona,mixed-sex_combat,dominatrix,futasub,futa_on_male,masochism,humiliation,slave,onee-shota,fff_threesome,onee-loli,kodomo_doushi,futa_with_female,incest,age_difference,yuri,female_pervert,yandere,pervert,interspecies,hetero,size_difference,interracial,crossdressing,1boy,brother_and_sister,solo_focus,2girls,borrowed_character,multiple_girls,siblings,sisters,twins,3girls,4girls,couple,6+girls,5girls,maid,magical_girl,military,multiple_boys,2boys,1girl,virtual_youtuber,solo
nurse	doctor,halloween,crossdressing,virtual_youtuber,6+girls,5girls,hetero,solo_focus,4girls,multiple_girls,3girls,maid,1girl,1boy,2girls,yuri,solo,multiple_boys,2boys,siblings,male_focus
chinese_zodiac	year_of_the_dragon,year_of_the_goat,year_of_the_ox,year_of_the_rabbit,year_of_the_rooster,year_of_the_snake,year_of_the_tiger,tiger_costume,new_year,miko,bara,4girls,solo,6+girls,male_focus,1girl,3girls,multiple_girls,2girls,no_humans,siblings,multiple_boys,2boys,virtual_youtuber,1boy,solo_focus,yuri,hetero
inkling	octoling,cousins,alternate_species,incest,halloween,2girls,multiple_girls,6+girls,4girls,3girls,multiple_boys,yuri,2boys,1boy,1girl,solo,male_focus,hetero,solo_focus
futa_with_female	newhalf_with_female,futasub,fff_threesome,futa_without_pussy,onee-loli,selfcest,incest,femdom,instant_loss,size_difference,age_difference,interspecies,2girls,mother_and_daughter,interracial,multiple_girls,3girls,sisters,borrowed_character,siblings,4girls,dual_persona,5girls,6+girls,solo_focus,maid,virtual_youtuber,1boy,hetero,1girl
incest	twincest,aunt_and_niece,cousins,brother_and_sister,mother_and_son,siblings,kodomo_doushi,twins,bisexual_female,sisters,onee-loli,onee-shota,father_and_daughter,fff_threesome,mother_and_daughter,futa_with_futa,futa_on_male,age_difference,father_and_son,brothers,futa_with_female,femdom,yuri,hetero,yaoi,couple,size_difference,2girls,inkling,multiple_girls,1boy,crossdressing,2boys,bara,multiple_boys,3girls,3boys,solo_focus,4girls,male_focus,maid,1girl,virtual_youtuber
ninja	6+boys,everyone,6+girls,multiple_boys,3boys,2boys,male_focus,4girls,3girls,1boy,siblings,solo,1girl,multiple_girls,hetero,solo_focus,2girls,yuri,virtual_youtuber
mother_and_daughter	family,father_and_daughter,mother_and_son,husband_and_wife,father_and_son,motherly,aunt_and_niece,incest,onee-loli,wife_and_wife,brother_and_sister,time_paradox,alternate_universe,age_difference,siblings,kyuubi,sisters,kitsune,futa_with_female,twins,2girls,3girls,multiple_girls,6+boys,4girls,6+girls,size_difference,dual_persona,5girls,yuri,couple,multiple_boys,2boys,3boys,1boy,christmas,hetero,military,virtual_youtuber,maid,solo_focus,1girl
interspecies	furry_with_non-furry,pokephilia,captured,furry_with_furry,size_difference,slime_girl,shiny_pokemon,yaoi,instant_loss,bara,netorare,futa_with_female,hetero,femdom,2boys,5boys,multiple_boys,couple,3boys,onee-shota,4boys,solo_focus,6+boys,borrowed_character,personification,1boy,age_difference,yuri,interracial,1other,male_focus,2girls,multiple_girls,1girl,3girls
multiple_others	2others,5others,6+others,people,soldier,horror_(theme),knight,death,everyone,6+boys,science_fiction,size_difference,dual_persona,solo_focus,no_humans,4boys,3boys,6+girls,multiple_boys,military,2boys,4girls,5girls,siblings,3girls,male_focus,multiple_girls,1boy,virtual_youtuber,2girls,maid,1girl,yuri,hetero
onee-shota	shotadom,age_difference,aunt_and_nephew,mother_and_son,futa_on_male,incest,penis_size_difference,size_difference,femdom,brother_and_sister,hetero,1boy,interspecies,interracial,3boys,siblings,4boys,multiple_boys,2boys,nun,solo_focus,3girls,1girl,multiple_girls,military,2girls,4girls,maid,virtual_youtuber
waitress	carhop,waiter,wa_maid,enmaided,maid,crossdressing,5girls,6+girls,4girls,3girls,multiple_girls,2girls,multiple_boys,solo,siblings,1girl,solo_focus,2boys,1boy,hetero,yuri,virtual_youtuber,male_focus
kitsune	kyuubi,aunt_and_niece,nekomata,mother_and_daughter,miko,nontraditional_miko,6+girls,3girls,sisters,4girls,5girls,1other,multiple_girls,siblings,2girls,1girl,military,solo,maid,solo_focus,hetero,1boy,yuri,virtual_youtuber,multiple_boys,male_focus
idol	k/da_(league_of_legends),6+girls,twins,5girls,virtual_youtuber,3girls,4girls,multiple_girls,siblings,solo,1girl,2girls,solo_focus,multiple_boys,2boys,1boy,hetero,male_focus,yuri
animal_focus	clothed_animal,no_humans,evolutionary_line,shiny_pokemon,clothed_pokemon,oversized_animal,1other,solo,solo_focus,1boy,1girl
everyone	absolutely_everyone,6+boys,6+girls,in-franchise_crossover,5boys,anniversary,brothers,karakasa_obake,4boys,multiple_persona,multiple_boys,5girls,multiple_others,twins,dual_persona,3boys,siblings,ninja,sisters,brother_and_sister,4girls,multiple_girls,gothic_lolita,lolita_fashion,nun,magical_girl,age_difference,1other,crossdressing,military,maid,2boys,3girls,no_humans,yuri,virtual_youtuber,male_focus,1boy,2girls,hetero,1girl
mecha_musume	humanization,personification,science_fiction,military,6+girls,solo,1girl,3girls,multiple_girls,2girls,solo_focus,virtual_youtuber,1boy
summer	winter,no_humans,bara,6+girls,4girls,5girls,3girls,sisters,multiple_girls,virtual_youtuber,siblings,multiple_boys,2boys,2girls,solo,1girl,male_focus,solo_focus,1boy,yuri,hetero
winter	christmas,summer,new_year,no_humans,couple,5girls,military,1other,4girls,6+girls,siblings,multiple_girls,2girls,3girls,multiple_boys,2boys,male_focus,solo,1girl,virtual_youtuber,yuri,1boy,solo_focus,hetero
animification	humanization,science_fiction,personification,6+boys,4boys,brother_and_sister,multiple_boys,3boys,dual_persona,2boys,male_focus,yaoi,couple,siblings,1other,6+girls,1boy,2girls,multiple_girls,yuri,3girls,1girl,solo,solo_focus,hetero
police	policeman,policewoman,bangboo_(zenless_zone_zero),6+boys,science_fiction,bara,multiple_boys,3boys,2boys,6+girls,3girls,4girls,military,multiple_girls,male_focus,2girls,1boy,solo_focus,siblings,virtual_youtuber,1girl,hetero,yuri,solo
anniversary	everyone,6+boys,multiple_persona,6+girls,5girls,brother_and_sister,4girls,twins,4boys,3boys,dual_persona,multiple_boys,siblings,3girls,multiple_girls,2boys,1other,sisters,magical_girl,military,2girls,virtual_youtuber,male_focus,1boy,maid,1girl,solo,yuri,solo_focus
race_queen	solo,1girl,3girls,2girls,multiple_girls,solo_focus,hetero,virtual_youtuber,1boy
5boys	multiple_boys,brothers,everyone,multiple_persona,5girls,6+girls,interracial,interspecies,yaoi,4girls,brother_and_sister,bara,crossdressing,male_focus,age_difference,3girls,hetero,solo_focus,siblings,dual_persona,science_fiction,multiple_girls,military,1other,2girls,maid,1girl,virtual_youtuber
multiple_persona	clone,time_paradox,harem,6+girls,6+boys,everyone,dark_persona,5girls,anniversary,5boys,4boys,4girls,3girls,3boys,dual_persona,multiple_boys,magical_girl,multiple_girls,male_focus,military,maid,siblings,2boys,yuri,virtual_youtuber,1boy,2girls,hetero,solo_focus,1girl,solo
nekomata	kitsune,6+girls,3girls,4girls,sisters,multiple_girls,siblings,2girls,solo,maid,1girl,yuri,solo_focus,hetero,1boy
dark_persona	alter_servant,corruption,possessed,dark_aura,dual_persona,alternate_universe,multiple_persona,magical_girl,lolita_fashion,male_focus,multiple_boys,6+girls,2boys,2girls,multiple_girls,3girls,virtual_youtuber,yuri,1boy,solo,1girl,hetero,solo_focus
unconventional_maid	maid,enmaided,virtual_youtuber,solo,1girl,2girls,multiple_girls,3girls,hetero,solo_focus,1boy,male_focus,multiple_boys
bride	groom,wedding,wife_and_wife,husband_and_wife,couple,crossdressing,yuri,hetero,1boy,siblings,2girls,multiple_girls,1girl,solo_focus,3girls,solo,multiple_boys,2boys,virtual_youtuber
jiangshi	karakasa_obake,halloween,6+girls,5girls,4girls,multiple_girls,3girls,2girls,multiple_boys,solo_focus,hetero,2boys,1girl,solo,yuri,1boy,virtual_youtuber
pervert	female_pervert,clothes_theft,theft,implied_yuri,yuri,femdom,magical_girl,age_difference,5girls,3girls,4girls,multiple_girls,2girls,6+girls,sisters,siblings,military,multiple_boys,1boy,2boys,hetero,solo_focus,maid,virtual_youtuber,1girl,solo
octoling	inkling,4girls,2girls,multiple_girls,6+girls,3girls,yuri,1boy,multiple_boys,2boys,1girl,solo,male_focus,hetero,solo_focus
knight	medieval,multiple_others,6+boys,1other,multiple_boys,3boys,male_focus,2boys,6+girls,1boy,4girls,3girls,multiple_girls,solo_focus,solo,2girls,1girl,hetero,virtual_youtuber
netorare	cheating_(relationship),interracial,humiliation,hetero,interspecies,3boys,2boys,age_difference,multiple_boys,4boys,solo_focus,1boy,3girls,yuri,multiple_girls,2girls,1girl,virtual_youtuber,solo
yandere	yandere_trance,horror_(theme),femdom,military,yuri,4girls,3girls,virtual_youtuber,1boy,multiple_girls,2girls,maid,solo_focus,1girl,hetero,solo,multiple_boys,male_focus
husband_and_wife	groom,family,father_and_daughter,father_and_son,mother_and_son,wedding,mother_and_daughter,bride,couple,brother_and_sister,6+boys,hetero,siblings,2boys,1boy,multiple_boys,3boys,sisters,6+girls,2girls,multiple_girls,3girls,1girl,solo_focus
policewoman	police,policeman,bangboo_(zenless_zone_zero),6+girls,3girls,multiple_girls,2girls,solo_focus,virtual_youtuber,multiple_boys,yuri,1girl,1boy,hetero,2boys,solo
oppai_loli	borrowed_character,hetero,solo_focus,1boy,1girl,solo,2girls,3girls,multiple_girls,multiple_boys,virtual_youtuber
female_pervert	pervert,implied_yuri,yuri,femdom,magical_girl,age_difference,5girls,3girls,4girls,multiple_girls,2girls,6+girls,sisters,siblings,military,maid,solo_focus,1boy,hetero,multiple_boys,2boys,virtual_youtuber,1girl,solo
humanization	decepticon,mecha_musume,animification,personification,dual_persona,science_fiction,bara,1other,male_focus,2boys,multiple_boys,1boy,2girls,multiple_girls,yuri,3girls,1girl,solo,solo_focus,hetero
karakasa_obake	jiangshi,everyone,6+girls,3girls,multiple_girls,4girls,2girls,solo,1girl,1boy
2others	multiple_others,dual_persona,science_fiction,3boys,no_humans,6+girls,solo_focus,multiple_boys,2boys,military,siblings,3girls,male_focus,multiple_girls,1boy,virtual_youtuber,2girls,1girl
father_and_daughter	family,father_and_son,husband_and_wife,mother_and_daughter,mother_and_son,incest,brothers,brother_and_sister,6+boys,siblings,age_difference,multiple_boys,3boys,2boys,sisters,1boy,couple,6+girls,3girls,multiple_girls,2girls,4girls,hetero,solo_focus,1girl
horror_(theme)	body_horror,eldritch_abomination,guro,surreal,death,yandere,multiple_others,no_humans,1other,male_focus,multiple_boys,2boys,1boy,multiple_girls,3girls,virtual_youtuber,2girls,solo,1girl,solo_focus
dancer	dancer_(fire_emblem:_three_houses),solo,1girl,multiple_boys,3girls,multiple_girls,solo_focus,2girls,hetero,virtual_youtuber,1boy
kyuubi	kitsune,mother_and_daughter,6+girls,3girls,4girls,multiple_girls,2girls,1girl,solo,1boy,solo_focus,hetero
family	father_and_son,father_and_daughter,mother_and_son,husband_and_wife,mother_and_daughter,brothers,brother_and_sister,alternate_universe,siblings,sisters,2boys,3boys,couple,multiple_boys,6+boys,4boys,twins,3girls,age_difference,4girls,multiple_girls,2girls,6+girls,1boy,yuri,hetero,male_focus,virtual_youtuber,1girl
clone	selfcest,multiple_persona,6+girls,dual_persona,6+boys,5girls,4girls,3girls,3boys,sisters,multiple_girls,yaoi,multiple_boys,siblings,yuri,2boys,2girls,male_focus,maid,hetero,1boy,virtual_youtuber,solo_focus,1girl
furry_with_non-furry	interspecies,pokephilia,size_difference,yaoi,bara,hetero,2boys,couple,multiple_boys,personification,solo_focus,1boy,3boys,1other,male_focus,yuri,1girl,2girls,multiple_girls
serval_print	6+girls,4girls,multiple_girls,2girls,3girls,yuri,solo,1girl,1boy
jirai_kei	virtual_youtuber,solo,1girl,3girls,2girls,multiple_girls,solo_focus,hetero,1boy
ancient_egyptian	male_focus,multiple_boys,2boys,1boy,hetero,solo_focus,solo,1girl,multiple_girls,2girls
goth_fashion	gothic_lolita,lolita_fashion,virtual_youtuber,solo,1girl,2girls,multiple_girls,3girls,male_focus,yuri,multiple_boys,1boy,solo_focus,hetero
mother_and_son	father_and_son,family,father_and_daughter,husband_and_wife,motherly,mother_and_daughter,incest,brothers,onee-shota,brother_and_sister,alternate_universe,age_difference,siblings,twins,2boys,multiple_boys,6+boys,3boys,1boy,couple,sisters,hetero,6+girls,2girls,multiple_girls,3girls,1girl
shiny_pokemon	mega_pokemon,clothed_pokemon,evolutionary_line,pokephilia,animal_focus,no_humans,interspecies,personification,1other,male_focus,multiple_boys,1boy,2girls,multiple_girls,solo_focus,1girl,virtual_youtuber,solo,hetero
instant_loss	interracial,interspecies,futa_with_female,hetero,1boy,solo_focus,2boys,multiple_boys,virtual_youtuber,1girl,3girls,yuri,2girls,multiple_girls,male_focus,solo
teacher	teacher_and_student,office_lady,age_difference,6+girls,multiple_boys,hetero,solo_focus,2boys,3girls,1boy,multiple_girls,yuri,1girl,2girls,solo,virtual_youtuber
yukkuri_shiteitte_ne	6+girls,no_humans,4girls,3girls,multiple_girls,2girls,maid,1girl,1boy,solo
brothers	father_and_son,siblings,mother_and_son,family,brother_and_sister,twins,6+boys,father_and_daughter,incest,5boys,multiple_boys,4boys,2boys,3boys,everyone,yaoi,male_focus,crossdressing,sisters,6+girls,3girls,multiple_girls,2girls,hetero,1girl
nontraditional_playboy_bunny	virtual_youtuber,solo,3girls,1girl,multiple_girls,2girls,solo_focus,hetero,1boy
pokephilia	interspecies,furry_with_non-furry,shiny_pokemon,size_difference,hetero,solo_focus,yaoi,age_difference,2boys,1boy,multiple_boys,1girl,male_focus,yuri,2girls,multiple_girls
tsundere	valentine,couple,yuri,military,6+girls,4girls,3girls,multiple_girls,2girls,1boy,hetero,multiple_boys,solo_focus,1girl,solo,virtual_youtuber
alternate_universe	role_reversal,father_and_son,mother_and_son,family,dark_persona,mother_and_daughter,brother_and_sister,3boys,multiple_boys,couple,2boys,science_fiction,siblings,male_focus,4girls,1boy,3girls,multiple_girls,2girls,yuri,hetero,1girl,solo
transformation	henshin,alternate_form,corruption,dual_persona,magical_girl,science_fiction,no_humans,male_focus,2boys,multiple_boys,1boy,3girls,multiple_girls,2girls,yuri,1girl,virtual_youtuber,solo,hetero
fusion	science_fiction,no_humans,male_focus,multiple_boys,solo,virtual_youtuber,1boy,multiple_girls,1girl,2girls
time_paradox	dual_persona,multiple_persona,mother_and_daughter,age_difference,6+boys,brother_and_sister,multiple_boys,3boys,2boys,6+girls,siblings,3girls,magical_girl,multiple_girls,2girls,4girls,sisters,male_focus,yuri,1boy,hetero,1girl
wa_maid	mixed_maids,maid,waitress,enmaided,sisters,virtual_youtuber,siblings,3girls,multiple_girls,2girls,solo,1girl,1boy
kodomo_doushi	lolidom,twincest,incest,femdom,brother_and_sister,yaoi,yuri,twins,siblings,hetero,2boys,sisters,multiple_boys,2girls,multiple_girls,1boy,3girls,male_focus,1girl
death	murder,guro,suicide,horror_(theme),multiple_others,6+boys,1other,multiple_boys,3boys,2boys,6+girls,military,male_focus,4girls,1boy,multiple_girls,3girls,solo_focus,2girls,1girl,hetero,solo
slave	humiliation,femdom,3boys,hetero,multiple_boys,solo_focus,2boys,yuri,3girls,1boy,multiple_girls,2girls,1girl,solo
corruption	possessed,dark_persona,transformation,magical_girl,dual_persona,3girls,hetero,1boy,multiple_boys,male_focus,multiple_girls,2girls,solo_focus,1girl,solo
onee-loli	age_difference,fff_threesome,futa_with_female,incest,mother_and_daughter,yuri,size_difference,femdom,2girls,sisters,couple,multiple_girls,siblings,3girls,4girls
slime_girl	interspecies,personification,6+girls,yuri,hetero,solo_focus,3girls,multiple_girls,1boy,2girls,1girl,solo,virtual_youtuber
wife_and_wife	groom,wedding,bride,yuri,couple,mother_and_daughter,2girls,multiple_girls,sisters,siblings,3girls,virtual_youtuber
people	multiple_others,6+boys,solo_focus,3boys,multiple_boys,6+girls,2boys,4girls,3girls,multiple_girls,male_focus,2girls,1boy,1girl,virtual_youtuber,hetero,solo
soldier	war,military,6+boys,science_fiction,multiple_others,3boys,multiple_boys,6+girls,2boys,male_focus,3girls,multiple_girls,solo_focus,1boy,2girls,1girl,solo
in-franchise_crossover	everyone,6+boys,magical_girl,6+girls,4girls,5girls,3girls,multiple_boys,multiple_girls,2girls,2boys,yuri,male_focus,1boy,1girl,solo
super_saiyan	legendary_super_saiyan,super_saiyan_1,super_saiyan_4,super_saiyan_blue,saiyan,father_and_son,6+boys,male_focus,3boys,multiple_boys,dual_persona,2boys,1boy,solo,hetero,multiple_girls,2girls,1girl
bangboo_(zenless_zone_zero)	policewoman,police,brother_and_sister,maid,1other,siblings,3girls,2boys,multiple_boys,1boy,multiple_girls,2girls,male_focus,solo_focus,1girl,solo
surreal	horror_(theme),no_humans,1other,male_focus,multiple_boys,multiple_girls,1boy,solo,2girls,1girl
alternate_form	transformation,dual_persona,no_humans,male_focus,couple,multiple_boys,2boys,1boy,multiple_girls,2girls,1girl,hetero,solo
sailor	6+girls,military,multiple_girls,3girls,multiple_boys,2girls,yuri,male_focus,1girl,solo,1boy
father_and_son	mother_and_son,family,father_and_daughter,husband_and_wife,brothers,mother_and_daughter,super_saiyan,alternate_universe,brother_and_sister,6+boys,incest,2boys,3boys,multiple_boys,4boys,siblings,yaoi,bara,male_focus,age_difference,couple,6+girls,multiple_girls,3girls,2girls,hetero,1girl
e.g.o_(project_moon)	1other,male_focus,multiple_boys,2boys,1boy,solo,1girl,multiple_girls,2girls
clothed_pokemon	shiny_pokemon,animal_focus,no_humans,maid,multiple_boys,male_focus,1boy,solo_focus,solo,1girl,multiple_girls,2girls
harem	multiple_persona,6+girls,5girls,4girls,3girls,age_difference,hetero,yuri,sisters,multiple_girls,siblings,1boy,multiple_boys
wedding	groom,bride,wife_and_wife,husband_and_wife,couple,yuri,hetero,multiple_boys,1boy,2boys,2girls,multiple_girls,solo_focus,1girl,virtual_youtuber,solo
humiliation	bullying,public_use,penis_size_difference,slave,netorare,femdom,interracial,3boys,multiple_boys,solo_focus,2boys,hetero,3girls,yuri,1boy,multiple_girls,2girls,1girl,virtual_youtuber,solo
guro	ero_guro,cannibalism,death,horror_(theme),1other,male_focus,multiple_boys,2boys,1boy,solo_focus,multiple_girls,2girls,hetero,1girl,solo
cheating_(relationship)	netorare,interracial,age_difference,hetero,3boys,multiple_boys,2boys,solo_focus,1boy,yuri,3girls,2girls,multiple_girls,1girl,solo
bisexual_female	sexual_coaching,incest,interracial,sisters,siblings,2boys,hetero,2girls,multiple_boys,multiple_girls,1boy,3girls,virtual_youtuber
year_of_the_rabbit	chinese_zodiac,new_year,multiple_girls,2girls,solo,1girl,virtual_youtuber,1boy
look-alike	magical_girl,2girls,multiple_girls,3girls,2boys,multiple_boys,male_focus,1boy,1girl,solo
prostitution	interracial,age_difference,hetero,3boys,solo_focus,multiple_boys,2boys,1boy,1girl,multiple_girls,2girls,solo
sangvis_ferri	6+girls,maid,3girls,multiple_girls,solo_focus,hetero,2girls,1boy,1girl,solo
evolutionary_line	animal_focus,shiny_pokemon,no_humans,male_focus,1boy,multiple_girls,2girls,1girl
year_of_the_tiger	tiger_costume,chinese_zodiac,new_year,male_focus,solo,1girl,2girls,multiple_girls,virtual_youtuber,1boy
furry_with_furry	interspecies,yaoi,bara,couple,age_difference,2boys,multiple_boys,hetero,yuri,male_focus,1boy,solo_focus,2girls,multiple_girls,1girl
mega_pokemon	shiny_pokemon,no_humans,personification,1other,multiple_boys,male_focus,1boy,2girls,multiple_girls,1girl,solo
pirate	virtual_youtuber,multiple_boys,male_focus,2boys,multiple_girls,1boy,solo,1girl,2girls,solo_focus,hetero
princess	multiple_boys,virtual_youtuber,yuri,multiple_girls,2girls,hetero,solo_focus,1boy,1girl,solo
creature_and_personification	personification,male_focus,1girl,multiple_girls,2girls,1boy,solo
hyur	bara,yaoi,multiple_boys,2boys,male_focus,yuri,2girls,multiple_girls,1boy,solo,1girl,hetero
fff_threesome	futa_with_female,futa_with_futa,onee-loli,incest,3girls,femdom,yuri,sisters,age_difference,siblings,multiple_girls
cousins	inkling,incest,6+girls,siblings,2girls,yuri,multiple_boys,multiple_girls,2boys,3girls,1boy,hetero,1girl
oversized_animal	animal_focus,no_humans,1other,male_focus,multiple_boys,1boy,1girl,multiple_girls,2girls,solo
selfcest	dual_persona,clone,futa_with_female,yaoi,yuri,2boys,2girls,multiple_girls,multiple_boys,male_focus,3girls,hetero,virtual_youtuber,1boy,1girl
twincest	incest,twins,kodomo_doushi,brother_and_sister,siblings,sisters,yuri,couple,2girls,hetero,multiple_girls,1boy,1girl
samurai	male_focus,multiple_boys,2boys,1boy,solo,virtual_youtuber,multiple_girls,1girl,2girls
year_of_the_ox	chinese_zodiac,new_year,male_focus,solo,1girl,2girls,multiple_girls,1boy
futa_with_futa	futa_without_pussy,futasub,penis_size_difference,fff_threesome,incest,2girls,multiple_girls,siblings,3girls
dominatrix	femdom,yuri,hetero,2girls,multiple_girls,1boy,solo_focus,1girl,solo
penis_size_difference	futa_on_male,onii-shota,futa_with_futa,humiliation,yaoi,size_difference,onee-shota,age_difference,interracial,2boys,crossdressing,multiple_boys,bara,male_focus,solo_focus,1boy,multiple_girls,2girls,hetero,1girl
clothed_animal	animal_focus,no_humans,multiple_boys,virtual_youtuber,multiple_girls,1girl,2girls,1boy,solo
festival	summer_festival,6+girls,4girls,3girls,multiple_boys,multiple_girls,solo_focus,2girls,1boy,1girl,solo
setsubun	mamemaki,3girls,multiple_girls,2girls,1girl,solo,1boy
ballerina	ballet,multiple_girls,solo,1girl,2girls,1boy
male_playboy_bunny	crossdressing,yaoi,bara,male_focus,2boys,multiple_boys,1boy,solo_focus,solo,1girl
implied_yuri	female_pervert,pervert,3girls,multiple_girls,2girls,solo,1girl
6+others	multiple_others,solo_focus,multiple_boys,male_focus,multiple_girls,1boy,virtual_youtuber,2girls,1girl
cat_day	virtual_youtuber,multiple_girls,solo,2girls,1girl,1boy
butler	female_butler,crossdressing,enmaided,maid,multiple_boys,2boys,male_focus,3girls,1boy,multiple_girls,2girls,1girl,solo
team_rocket	multiple_boys,2boys,1boy,male_focus,hetero,multiple_girls,1girl,2girls,solo
role_reversal	alternate_universe,yuri,2girls,multiple_girls,3girls,1boy,multiple_boys,hetero,1girl,solo
tanuki	virtual_youtuber,multiple_girls,2girls,1girl,1boy,solo
cowboy_western	cowboy,cowgirl_(western),multiple_boys,male_focus,multiple_girls,virtual_youtuber,1boy,solo,1girl,2girls
delinquent	banchou,bousouzoku,sukeban,3girls,multiple_boys,multiple_girls,virtual_youtuber,2girls,1boy,1girl,solo
weight_conscious	weight_gain,multiple_girls,2girls,1girl,solo,1boy
glutton	6+girls,3girls,4girls,multiple_girls,2girls,1boy,1girl,solo
ryona	abuse,2boys,hetero,solo_focus,multiple_boys,2girls,yuri,1boy,multiple_girls,1girl,solo
futa_without_pussy	newhalf_with_female,newhalf_with_male,male_on_futa,futa_with_futa,futa_with_female,2girls,multiple_girls,solo_focus,1boy,1girl,solo
year_of_the_dragon	chinese_zodiac,new_year,male_focus,solo,1girl,1boy,multiple_girls,2girls
ballet	ballerina,multiple_girls,solo,1girl,2girls,1boy
dark_aura	dark_persona,3girls,male_focus,multiple_girls,1boy,2girls,solo,1girl
exhausted	3girls,multiple_boys,multiple_girls,1boy,2girls,hetero,1girl,solo
mascot	virtual_youtuber,multiple_girls,1girl,2girls,solo,1boy
ho-kago_tea_time	5girls,4girls,6+girls,multiple_girls
bunny_day	virtual_youtuber,solo,1girl,2girls,multiple_girls,1boy
confession	yuri,2girls,multiple_girls,1boy,1girl,solo
futa_on_male	penis_size_difference,femdom,onee-shota,incest,age_difference,1boy,solo_focus,2girls,multiple_girls,1girl
friends	2boys,multiple_boys,3girls,multiple_girls,2girls,male_focus,1boy,1girl
angel_and_devil	dual_persona,yuri,2girls,multiple_girls,3girls,multiple_boys,1boy,1girl
bartender	multiple_boys,multiple_girls,2girls,1boy,solo,1girl
year_of_the_snake	chinese_zodiac,new_year,solo,1girl,multiple_girls
possessed	corruption,dark_persona,multiple_boys,male_focus,1boy,multiple_girls,2girls,1girl,solo
teacher_and_student	teacher,age_difference,yaoi,bara,2boys,multiple_boys,yuri,male_focus,hetero,2girls,1boy,multiple_girls,1girl
doctor	nurse,2boys,multiple_boys,male_focus,1boy,multiple_girls,hetero,2girls,1girl,solo
native_american	yuri,multiple_girls,hetero,2girls,1boy,solo,1girl
summer_festival	festival,multiple_girls,2girls,virtual_youtuber,1boy,1girl,solo
shinsengumi	multiple_boys,male_focus,solo,1boy,1girl,multiple_girls,2girls
chef	multiple_boys,2boys,male_focus,multiple_girls,1boy,2girls,1girl,solo
sheikah	hetero,1boy,multiple_girls,2girls,1girl,solo
k/da_(league_of_legends)	idol,hetero,1girl,solo,multiple_girls,2girls,1boy
evangelion_(mecha)	science_fiction,no_humans,multiple_girls,1boy,1girl,solo
male_maid	crossdressing,enmaided,maid,male_focus,yaoi,2boys,multiple_boys,1boy,solo,1girl
theft	clothes_theft,pervert,3girls,multiple_girls,2girls,1boy,1girl,solo
eldritch_abomination	horror_(theme),1other,no_humans,1boy,2girls,multiple_girls,1girl,solo
topless_female	hetero,solo_focus,virtual_youtuber,1boy,1girl,2girls,multiple_girls,solo
priest	nun,multiple_boys,male_focus,2boys,1boy,multiple_girls,hetero,2girls,1girl,solo
detective	virtual_youtuber,multiple_boys,multiple_girls,2girls,1boy,1girl,solo
motherly	mother_and_son,mother_and_daughter,3girls,multiple_girls,2girls,1boy,1girl
war	soldier,military,6+boys,science_fiction,no_humans,multiple_boys,multiple_girls,2girls,1boy,1girl,solo
sweet_lolita	lolita_fashion,2girls,multiple_girls,solo,1girl
abuse	ryona,interracial,hetero,solo_focus,2boys,multiple_boys,1boy,1girl,multiple_girls,solo
tengu	multiple_girls,2girls,1girl,solo,1boy
sick	multiple_girls,2girls,1boy,1girl,solo
masochism	femdom,yuri,hetero,solo_focus,multiple_girls,2girls,1boy,1girl,solo
public_use	humiliation,multiple_boys,hetero,solo_focus,1boy,1girl,multiple_girls,solo
asian	male_focus,1boy,2girls,multiple_girls,solo,1girl
astronaut	science_fiction,1other,virtual_youtuber,multiple_girls,1boy,1girl,solo
drugs	drugged,multiple_boys,hetero,solo_focus,1boy,2girls,multiple_girls,1girl,solo
chimera	no_humans,yuri,2girls,multiple_girls,1boy,solo,1girl
stripper	solo_focus,solo,1girl,multiple_girls,2girls
vore	size_difference,multiple_girls,2girls,1boy,1girl,solo
jester	1boy,multiple_girls,2girls,1girl,solo
henshin	transformation,magical_girl,multiple_girls,1girl,solo,2girls,1boy
objectification	no_humans,virtual_youtuber,multiple_girls,2girls,1girl,solo
holomyth	holocouncil,5girls,6+girls,virtual_youtuber,multiple_girls
self-harm	male_focus,solo,1boy,1girl
super_saiyan_1	super_saiyan,saiyan,male_focus,multiple_boys,2boys,1boy,solo,1girl
otaku	multiple_boys,male_focus,1boy,multiple_girls,2girls,1girl,solo
salaryman	office_lady,bara,yaoi,2boys,male_focus,multiple_boys,1boy,2girls,multiple_girls,1girl,solo
soccer	multiple_girls,2girls,solo,1girl
decepticon	humanization,science_fiction,no_humans,multiple_boys,1boy,multiple_girls,solo,1girl
playing	multiple_boys,multiple_girls,2girls,1boy,1girl,solo
futasub	futa_with_futa,futa_with_female,femdom,2girls,multiple_girls,solo_focus,1girl,solo
after_bathing	1boy,1girl,solo,multiple_girls
kono_lolicon_domome	solo,1girl
misunderstanding	3girls,multiple_girls,yuri,2girls,1boy,1girl
nudist	multiple_girls,2girls,solo,1girl
triplets	sisters,siblings,3girls,4girls,multiple_girls,1boy,hetero
gymnastics	rhythmic_gymnastics,solo,1girl,multiple_girls
gathers	multiple_girls,2girls,solo,1girl
lolidom	femdom,kodomo_doushi,age_difference,hetero,1boy,solo_focus,yuri,2girls,multiple_girls,1girl
personality_switch	body_switch,2girls,multiple_girls,1boy,1girl,solo
implied_yaoi	bara,yaoi,male_focus,2boys,multiple_boys,1boy,solo
united_states	military,multiple_girls,2girls,solo,1girl
sadism	femdom,hetero,1boy,solo_focus,2girls,multiple_girls,1girl
onmyouji	male_focus,1boy,multiple_girls,solo,1girl
super_saiyan_4	saiyan,super_saiyan,male_focus,multiple_boys,2boys,1boy,solo
medieval	knight,multiple_girls,1boy,2girls,1girl,solo
team_9_(touhou)	4girls,5girls,6+girls,multiple_girls
clown	multiple_boys,male_focus,1boy,multiple_girls,1girl,solo
chikan	multiple_boys,hetero,solo_focus,2boys,1boy,1girl
luna_nova_school_uniform	witch,yuri,multiple_girls,2girls,1girl,solo
sailor_senshi	inner_senshi,magical_girl,5girls,6+girls,multiple_girls,2girls,1girl
mmm_threesome	yaoi,3boys,bara,multiple_boys,male_focus,solo_focus
knight_(chess)	solo,1girl,multiple_girls
mummy	halloween,multiple_boys,multiple_girls,1girl,solo
standard_bearer	multiple_girls,solo,1girl
star_guardian_(league_of_legends)	magical_girl,multiple_girls,1boy,1girl,solo
bullying	humiliation,3girls,multiple_girls,2girls,1boy,1girl
mtu_virus	1girl
prank	3girls,multiple_girls,2girls,1boy,1girl
groom	wedding,bride,wife_and_wife,husband_and_wife,couple,yuri,hetero,1boy,multiple_boys,2girls,multiple_girls,1girl
implied_pregnancy	hetero,1boy,1girl,solo,multiple_girls
anal_only	hetero,solo_focus,1boy,1girl,solo
reverse_fellatio	2boys,hetero,multiple_boys,solo_focus,1boy,1girl,multiple_girls
drugged	drugs,hetero,multiple_boys,solo_focus,1boy,multiple_girls,1girl,solo
paizuri_invitation	solo,1girl
accident	multiple_girls,2girls,1boy,1girl,solo
aunt_and_niece	incest,kitsune,mother_and_daughter,sisters,siblings,3girls,yuri,multiple_girls,2girls
sexual_coaching	bisexual_female,hetero,2girls,1boy,multiple_girls,3girls
captured	interspecies,multiple_boys,hetero,solo_focus,1boy,multiple_girls,1girl,solo
pet	multiple_girls,1boy,1girl,solo
implied_after_sex	1boy,hetero,2girls,multiple_girls,1girl,solo
chuunibyou	multiple_girls,2girls,1girl,solo
warrior_(dq3)	hetero,multiple_girls,1boy,1girl,solo
josou_seme	crossdressing,yaoi,2boys,multiple_boys,male_focus,hetero,1boy,1girl
clothes_theft	theft,pervert,multiple_girls,2girls,1boy,1girl,solo
pilot	science_fiction,military,1boy,multiple_girls,1girl,solo
onii-shota	penis_size_difference,age_difference,yaoi,size_difference,2boys,bara,multiple_boys,male_focus
absolutely_everyone	everyone,6+boys,6+girls,multiple_boys,siblings,multiple_girls
game_development_department_(blue_archive)	twins,sisters,siblings,4girls,5girls,maid,multiple_girls
tentacles_on_male	bara,yaoi,male_focus,2boys,1boy,multiple_boys,solo,1girl
torture	solo_focus,hetero,1boy,multiple_girls,2girls,1girl,solo
suicide	death,male_focus,1boy,multiple_girls,solo,1girl
valkyrie	1girl,solo,multiple_girls
heart-shaped_boob_challenge	solo,1girl
crisis_management_form_(machimazo)	yuri,2girls,multiple_girls,solo,1girl
pegasus	multiple_girls,1girl,solo
themed_object	multiple_girls,1girl,solo
alternate_species	inkling,male_focus,1boy,multiple_girls,1girl,solo
toddlercon	age_difference,hetero,solo_focus,1boy,1girl,multiple_girls,solo
self_cosplay	magical_girl,solo,1girl,multiple_girls
easter	multiple_girls,2girls,solo,1girl
sheet_ghost	halloween,multiple_girls,2girls,1boy,1girl,solo
y2k_fashion	multiple_girls,2girls,1girl,solo
wizard	multiple_boys,male_focus,1boy,multiple_girls,solo,1girl
boy_sandwich	3boys,yaoi,bara,multiple_boys,2boys,male_focus,hetero,1girl
female_butler	butler,crossdressing,maid,multiple_girls,2girls,1girl,solo
step-siblings	step-brother_and_step-sister,step-sisters,brother_and_sister,siblings,sisters,yuri,multiple_boys,2girls,1boy,multiple_girls,1girl
body_horror	horror_(theme),1boy,solo,1girl
male_on_futa	newhalf_with_male,futa_without_pussy,solo_focus,1boy,multiple_boys,1girl
military_operator	military,multiple_girls,solo,1girl
saiyan	super_saiyan_4,super_saiyan,super_saiyan_1,male_focus,multiple_boys,1boy,solo,1girl
rabbit_costume	multiple_girls,2girls,1girl,solo
zenra	multiple_boys,multiple_girls,2girls,1girl,solo
masked	male_focus,multiple_boys,1boy,multiple_girls,solo,1girl
warrior	solo,1girl
travel_attendant	multiple_girls,1girl,solo
nazi	military,multiple_girls,solo,1girl
magician	multiple_girls,1girl,solo
strong	multiple_girls,1boy,2girls,1girl,solo
siren_(azur_lane)	multiple_girls,1girl,solo
martial_arts	kung_fu,1boy,multiple_girls,1girl,solo
policeman	police,policewoman,bara,multiple_boys,2boys,male_focus,1boy,multiple_girls,1girl
body_switch	personality_switch,multiple_girls,2girls,1boy,1girl
beach_volleyball	multiple_girls,2girls,solo,1girl
sukeban	delinquent,multiple_girls,2girls,1girl,solo
waiter	waitress,multiple_boys,2boys,male_focus,1boy,multiple_girls,1girl,solo
housewife	1boy,1girl,solo
murder	death,multiple_boys,1boy,multiple_girls,2girls,1girl
holocouncil	holomyth,5girls,6+girls,virtual_youtuber,multiple_girls
mechanic	multiple_girls,solo,1girl
victorian_maid	enmaided,maid,multiple_girls,solo,1girl
disguise	multiple_girls,2girls,1boy,1girl,solo
party	6+girls,multiple_boys,multiple_girls
team_magma	team_magma_uniform,multiple_boys,multiple_girls,1girl,solo
train_conductor	twins,sisters,siblings,2girls,multiple_girls,1girl,solo
japan_self-defense_force	japan_ground_self-defense_force,military,multiple_girls,solo,1girl
kyuudou	multiple_girls,solo,1girl
graduation	multiple_girls,1girl,solo
himejoshi	yuri,3girls,multiple_girls
yandere_trance	yandere,solo,1girl
teamwork	military,multiple_boys,multiple_girls,2girls
witch_(madoka_magica)	magical_girl,multiple_girls,1girl,solo
year_of_the_rooster	chinese_zodiac,new_year,solo,1girl
accidental_pervert	hetero,1boy,2girls,multiple_girls,1girl
cowboy	cowboy_western,male_focus,1boy,solo,1girl
fighting_game	multiple_girls,2girls,1girl,solo
tea_party_(blue_archive)	3girls,multiple_girls
tour_guide	1girl,solo
tennis	multiple_girls,1girl,solo
time_stop	hetero,multiple_girls,1boy,2girls,1girl
yuki_onna	1girl,solo
priestess	multiple_girls,1girl,solo
rhythmic_gymnastics	gymnastics,solo,1girl
paradeus	multiple_girls,1girl,solo
lifeguard	bara,male_focus,1boy,solo,1girl
inner_senshi	sailor_senshi,magical_girl,5girls,multiple_girls,2girls
kappa	multiple_girls,1girl,solo
magical_boy	magical_girl,male_focus,1boy,multiple_girls,solo,1girl
slice_of_life	multiple_girls,2girls,1girl,solo
too_many_cats	1girl,solo
funeral_dress	multiple_girls,2girls,solo,1girl
seraph	male_focus,1boy,solo,1girl
ainu	1boy,1girl,solo
familiar	1girl,solo
grass_root_youkai_network	3girls,multiple_girls
monk	multiple_boys,male_focus,1boy,solo,1girl
mamemaki	setsubun,multiple_girls,2girls,1girl,solo
ero_guro	guro,hetero,1boy,multiple_girls,1girl,solo
super_saiyan_blue	super_saiyan,male_focus,multiple_boys,2boys,1boy,solo
implied_incest	brother_and_sister,siblings,1boy,hetero,multiple_girls,1girl,solo
primarch	male_focus,multiple_boys,1boy,solo,1girl
quintuplets	5girls,sisters,siblings,multiple_girls
tiger_i	military,multiple_girls,1girl,solo
virgin	hetero,1boy,multiple_girls,1girl,solo
dinosaur_costume	virtual_youtuber,multiple_girls,1girl,solo
u.n._spacy	science_fiction,military,no_humans,1boy,1girl
uncle_and_niece	siblings,multiple_boys,1boy,multiple_girls,1girl
for_adoption	multiple_girls,solo,1girl
5others	multiple_others,1girl
tiger_costume	year_of_the_tiger,chinese_zodiac,new_year,multiple_girls,solo,1girl
firefighter	firefighter_jacket,solo,1girl
queen	1girl,solo
mascot_costume	multiple_girls,1girl,solo
hololive_fantasy	5girls,virtual_youtuber,multiple_girls
italy	multiple_girls,solo,1girl
cowgirl_(western)	cowboy_western,1girl,solo
dj	multiple_girls,1girl,solo
hannya	solo,1girl
weight_gain	weight_conscious,1girl,solo
aunt_and_nephew	onee-shota,age_difference,1boy,hetero,multiple_girls,1girl
banchou	delinquent,multiple_girls,1girl,solo
kidnapping	1boy,multiple_girls,1girl
bakeneko	1girl,solo
fujoshi	multiple_boys,multiple_girls,1girl,solo
kung_fu	martial_arts,1girl,solo
team_magma_uniform	team_magma,1girl,solo
prisoner	1girl,solo
cashier	multiple_girls,1girl
rivalry	2girls,multiple_girls
will-o'-the-wisp_(mythology)	1girl,solo
amazon_warrior	1girl,solo
imperial_japanese_navy	military,no_humans,1girl
buddhist_nun	nun,multiple_girls,1girl,solo
oiran	solo,1girl
genie	1girl,solo
phantom_thief	1girl,solo
mother_and_child	1other,multiple_girls,1girl
half-siblings	siblings,sisters,multiple_boys,multiple_girls,2girls
russian_clothes	solo,1girl
spartan_(halo)	science_fiction,male_focus,1boy,solo,1girl
n_corp._fanatic_(identity)_(project_moon)	1boy,1girl
muscular_uke	yaoi,bara,couple,2boys,multiple_boys,male_focus
other_with_female	1other,1girl
dancer_(fire_emblem:_three_houses)	dancer,solo,1girl
indian	solo,1girl
firefighter_jacket	firefighter,solo,1girl
implied_prostitution	1girl,solo
kidnapped	multiple_girls,1girl
neet	1girl,solo
moth_antennae	solo,1girl
cannibalism	guro,1girl
grandmother_and_granddaughter	multiple_girls,2girls
newhalf_with_female	futa_without_pussy,futa_with_female,2girls,multiple_girls
forced	multiple_girls,1girl
tea_party	multiple_girls
mixed-sex_combat	femdom,hetero,1boy,1girl
alter_servant	dark_persona,solo,1girl
holox	5girls,virtual_youtuber,multiple_girls
carhop	waitress,multiple_girls,solo,1girl
maid_cafe	maid,multiple_girls,1girl
scientist	science_fiction,1girl
destroyer	personification,military,1girl,solo
conductor	solo,1girl
lion_dance	solo,1girl
marching_band	solo,1girl
jedi	1girl,solo
panda_costume	multiple_girls,1girl
soapland	hetero,1boy,1girl
grandmother_and_grandson	1boy,1girl
newhalf_with_male	futa_without_pussy,male_on_futa,1boy,1girl
yakuza	1boy,1girl
magic_trick	1girl
husky	1girl
shadow_(shadows_house)	2girls,multiple_girls
punishment	multiple_girls,1girl
sleepover	multiple_girls
straw_hat_pirates	6+boys,multiple_boys,2girls,multiple_girls
school_nurse	1girl,solo
griffin	1girl
transgender_flag	solo,1girl
human_dog	1girl
titan_(titanfall)	science_fiction,1girl
demon_costume	multiple_girls,1girl
japan_ground_self-defense_force	japan_self-defense_force,military,1girl
sith	solo,1girl
imperium_of_man	1girl
master_and_servant	maid,yuri,2girls,multiple_girls
ethereal_(zenless_zone_zero)	1girl
prince	
necromancer	1girl
undersized_animal	no_humans
bee_costume	1girl
mixed_maids	wa_maid,maid,multiple_girls,2girls
barmaid	solo,1girl
coach	1girl
cub	1girl
blacksmith	solo,1girl
togruta	1girl,solo
science	1girl
argentina	
king	
yuujo	solo,1girl
nakai_(waitress)	solo,1girl
husband_and_husband	yaoi,couple,2boys,multiple_boys,male_focus
legendary_super_saiyan	super_saiyan,male_focus
step-sisters	step-siblings,sisters,siblings,yuri,2girls,multiple_girls
shotadom	onee-shota,age_difference,multiple_boys,1girl
sumo	
netorase	hetero,1girl
male_harem	multiple_boys,1girl
reverse_ryona	femdom,hetero,1boy,1girl
shadaloo_dolls	solo,1girl
bimbofication	1girl
pink_cat	1girl
toucan	1girl
year_of_the_goat	chinese_zodiac,new_year,solo,1girl
grandfather_and_grandson	multiple_boys
gladiator	1girl
ravenclaw	
aquarius_(constellation)	solo,1girl
barbarian	1girl
food_costume	1girl
stormtrooper	
qi_maid	maid,1girl
dinosaur_hood	1girl
farmer	
fox_costume	multiple_girls
shinto	
mailman	1girl
croupier	solo,1girl
step-brother_and_step-sister	step-siblings,brother_and_sister,siblings,1boy,1girl
forced_partners	2girls,multiple_girls
german_army	military
quincy_(bleach)	
gangster	
mexican_clothes	
anglerfish_costume	
united_states_marine_corps	
antelope_horns	
armored_trooper	
organization_xiii	
bousouzoku	delinquent
paladin	
cupid	
caveman	
politician	
security_guard	
heian	
geisha	
gold_saint	
ninjutsu_research_club_(blue_archive)	multiple_girls
thief	
guide	
harlequin	
photographer	
zookeeper	
british_army	
cavalry	
mandalorian	
uncle_and_nephew	multiple_boys
dragoon	
plague_doctor	
combat_medic	
jockey	
